Date,Product Category,Product Name,Store Name,Store Type,Year,Quarter,Month,Day,Sum of Year,Sum of Units Sold,Region,Sum of Profit,Sum of Revenue
2020-01-01 00:00:00,Toys,Action Figure,Beverly Hills,Residential,2020,Qtr 1,January,1,2020,63,Los Angeles,378,1007.37
2020-01-02 00:00:00,Toys,Animal Figures,Beverly Hills,Residential,2020,Qtr 1,January,2,2020,7,Los Angeles,21,90.93
2020-01-03 00:00:00,Games,Chutes & Ladders,Beverly Hills,Residential,2020,Qtr 1,January,3,2020,5,Los Angeles,15,64.95
2020-01-04 00:00:00,Games,Classic Dominoes,Beverly Hills,Residential,2020,Qtr 1,January,4,2020,11,Los Angeles,22,109.89
2020-01-05 00:00:00,Electronics,Colorbuds,Beverly Hills,Residential,2020,Qtr 1,January,5,2020,5,Los Angeles,40,74.95
2020-01-06 00:00:00,Sports & Outdoors,Dart Gun,Beverly Hills,Residential,2020,Qtr 1,January,6,2020,24,Los Angeles,96,383.76
2020-01-07 00:00:00,Games,Deck Of Cards,Beverly Hills,Residential,2020,Qtr 1,January,7,2020,81,Los Angeles,243,566.19
2020-01-08 00:00:00,Toys,Dino Egg,Beverly Hills,Residential,2020,Qtr 1,January,8,2020,18,Los Angeles,18,197.82
2020-01-09 00:00:00,Toys,Dinosaur Figures,Beverly Hills,Residential,2020,Qtr 1,January,9,2020,52,Los Angeles,208,779.48
2020-01-10 00:00:00,Games,Glass Marbles,Beverly Hills,Residential,2020,Qtr 1,January,10,2020,10,Los Angeles,50,109.9
2020-01-11 00:00:00,Art & Crafts,Kids Makeup Kit,Beverly Hills,Residential,2020,Qtr 1,January,11,2020,2,Los Angeles,11.999999999999996,39.98
2020-01-12 00:00:00,Toys,Lego Bricks,Beverly Hills,Residential,2020,Qtr 1,January,12,2020,71,Los Angeles,355,2839.29
2020-01-13 00:00:00,Sports & Outdoors,Mini Ping Pong,Beverly Hills,Residential,2020,Qtr 1,January,13,2020,96,Los Angeles,288,959.04
2020-01-14 00:00:00,Games,Monopoly,Beverly Hills,Residential,2020,Qtr 1,January,14,2020,6,Los Angeles,35.999999999999986,119.94
2020-01-15 00:00:00,Art & Crafts,PlayDoh Can,Beverly Hills,Residential,2020,Qtr 1,January,15,2020,8,Los Angeles,8.000000000000002,23.92
2020-01-16 00:00:00,Art & Crafts,PlayDoh Toolkit,Beverly Hills,Residential,2020,Qtr 1,January,16,2020,31,Los Angeles,31,154.69
2020-01-17 00:00:00,Games,Rubik's Cube,Beverly Hills,Residential,2020,Qtr 1,January,17,2020,26,Los Angeles,52,519.74
2020-01-18 00:00:00,Sports & Outdoors,Splash Balls,Beverly Hills,Residential,2020,Qtr 1,January,18,2020,32,Los Angeles,32,287.68
2020-01-19 00:00:00,Toys,Teddy Bear,Beverly Hills,Residential,2020,Qtr 1,January,19,2020,4,Los Angeles,8,51.96
2020-01-20 00:00:00,Electronics,Toy Robot,Beverly Hills,Residential,2020,Qtr 1,January,20,2020,11,Los Angeles,55,285.89
2020-01-21 00:00:00,Toys,Action Figure,Hollywood,Commercial,2020,Qtr 1,January,21,2020,85,Los Angeles,510,1359.15
2020-01-22 00:00:00,Toys,Animal Figures,Hollywood,Commercial,2020,Qtr 1,January,22,2020,47,Los Angeles,141,610.53
2020-01-23 00:00:00,Electronics,Colorbuds,Hollywood,Commercial,2020,Qtr 1,January,23,2020,278,Los Angeles,2224,4167.22
2020-01-24 00:00:00,Sports & Outdoors,Dart Gun,Hollywood,Commercial,2020,Qtr 1,January,24,2020,41,Los Angeles,164,655.59
2020-01-25 00:00:00,Games,Deck Of Cards,Hollywood,Commercial,2020,Qtr 1,January,25,2020,45,Los Angeles,135,314.55
2020-01-26 00:00:00,Toys,Dino Egg,Hollywood,Commercial,2020,Qtr 1,January,26,2020,142,Los Angeles,142,1560.58
2020-01-27 00:00:00,Toys,Dinosaur Figures,Hollywood,Commercial,2020,Qtr 1,January,27,2020,30,Los Angeles,120,449.7
2020-01-28 00:00:00,Games,Glass Marbles,Hollywood,Commercial,2020,Qtr 1,January,28,2020,22,Los Angeles,110,241.78
2020-01-29 00:00:00,Art & Crafts,Kids Makeup Kit,Hollywood,Commercial,2020,Qtr 1,January,29,2020,19,Los Angeles,113.99999999999997,379.80999999999995
2020-01-30 00:00:00,Art & Crafts,Kids Makeup Kit,Fifth Avenue,Commercial,2020,Qtr 1,January,30,2020,33,New York,197.99999999999994,659.67
2020-01-30 00:00:00,Art & Crafts,Kids Makeup Kit,LAX,Airport,2020,Qtr 1,January,30,2020,28,Los Angeles,167.99999999999994,559.7199999999999
2020-01-30 00:00:00,Art & Crafts,Kids Makeup Kit,Lincoln Park,Residential,2020,Qtr 1,January,30,2020,82,Chicago,491.99999999999983,1639.1799999999998
2020-01-30 00:00:00,Art & Crafts,Kids Makeup Kit,Michigan Ave,Commercial,2020,Qtr 1,January,30,2020,15,Chicago,89.99999999999997,299.84999999999997
2020-01-30 00:00:00,Art & Crafts,Kids Makeup Kit,Millenium,Downtown,2020,Qtr 1,January,30,2020,3,Chicago,17.999999999999993,59.97
2020-01-30 00:00:00,Art & Crafts,Kids Makeup Kit,O'Hare,Airport,2020,Qtr 1,January,30,2020,4,Chicago,23.999999999999993,79.96
2020-01-30 00:00:00,Art & Crafts,Kids Makeup Kit,Times Square,Downtown,2020,Qtr 1,January,30,2020,10,New York,59.999999999999986,199.89999999999998
2020-01-30 00:00:00,Art & Crafts,PlayDoh Can,Fifth Avenue,Commercial,2020,Qtr 1,January,30,2020,14,New York,14.000000000000004,41.86
2020-01-30 00:00:00,Art & Crafts,PlayDoh Can,Hollywood,Commercial,2020,Qtr 1,January,30,2020,27,Los Angeles,27.000000000000007,80.73
2020-01-30 00:00:00,Art & Crafts,PlayDoh Can,JFK,Airport,2020,Qtr 1,January,30,2020,2,New York,2.0000000000000004,5.98
2020-01-30 00:00:00,Art & Crafts,PlayDoh Can,LAX,Airport,2020,Qtr 1,January,30,2020,64,Los Angeles,64.00000000000001,191.36
2020-01-30 00:00:00,Art & Crafts,PlayDoh Can,Michigan Ave,Commercial,2020,Qtr 1,January,30,2020,32,Chicago,32.00000000000001,95.68
2020-01-30 00:00:00,Art & Crafts,PlayDoh Can,Millenium,Downtown,2020,Qtr 1,January,30,2020,115,Chicago,115.00000000000003,343.85
2020-01-30 00:00:00,Art & Crafts,PlayDoh Can,O'Hare,Airport,2020,Qtr 1,January,30,2020,47,Chicago,47.00000000000001,140.53
2020-01-30 00:00:00,Art & Crafts,PlayDoh Can,Times Square,Downtown,2020,Qtr 1,January,30,2020,37,New York,37.00000000000001,110.63000000000001
2020-01-30 00:00:00,Art & Crafts,PlayDoh Toolkit,Fifth Avenue,Commercial,2020,Qtr 1,January,30,2020,52,New York,52,259.48
2020-01-30 00:00:00,Art & Crafts,PlayDoh Toolkit,Hollywood,Commercial,2020,Qtr 1,January,30,2020,35,Los Angeles,35,174.65
2020-01-30 00:00:00,Art & Crafts,PlayDoh Toolkit,JFK,Airport,2020,Qtr 1,January,30,2020,62,New York,62,309.38
2020-01-30 00:00:00,Art & Crafts,PlayDoh Toolkit,LAX,Airport,2020,Qtr 1,January,30,2020,53,Los Angeles,53,264.47
2020-01-30 00:00:00,Art & Crafts,PlayDoh Toolkit,Lincoln Park,Residential,2020,Qtr 1,January,30,2020,18,Chicago,18,89.82000000000001
2020-01-30 00:00:00,Art & Crafts,PlayDoh Toolkit,Michigan Ave,Commercial,2020,Qtr 1,January,30,2020,15,Chicago,15,74.85000000000001
2020-01-30 00:00:00,Art & Crafts,PlayDoh Toolkit,Millenium,Downtown,2020,Qtr 1,January,30,2020,110,Chicago,110,548.9
2020-01-30 00:00:00,Art & Crafts,PlayDoh Toolkit,O'Hare,Airport,2020,Qtr 1,January,30,2020,40,Chicago,40,199.60000000000002
2020-01-30 00:00:00,Art & Crafts,PlayDoh Toolkit,Times Square,Downtown,2020,Qtr 1,January,30,2020,17,New York,17,84.83
2020-01-30 00:00:00,Electronics,Colorbuds,Fifth Avenue,Commercial,2020,Qtr 1,January,30,2020,145,New York,1160,2173.55
2020-01-30 00:00:00,Electronics,Colorbuds,JFK,Airport,2020,Qtr 1,January,30,2020,286,New York,2288,4287.14
2020-01-30 00:00:00,Electronics,Colorbuds,LAX,Airport,2020,Qtr 1,January,30,2020,289,Los Angeles,2312,4332.11
2020-01-30 00:00:00,Electronics,Colorbuds,Lincoln Park,Residential,2020,Qtr 1,January,30,2020,87,Chicago,696,1304.13
2020-01-30 00:00:00,Electronics,Colorbuds,Michigan Ave,Commercial,2020,Qtr 1,January,30,2020,103,Chicago,824,1543.97
2020-01-30 00:00:00,Electronics,Colorbuds,Millenium,Downtown,2020,Qtr 1,January,30,2020,146,Chicago,1168,2188.54
2020-01-30 00:00:00,Electronics,Colorbuds,O'Hare,Airport,2020,Qtr 1,January,30,2020,402,Chicago,3216,6025.9800000000005
2020-01-30 00:00:00,Electronics,Colorbuds,Times Square,Downtown,2020,Qtr 1,January,30,2020,336,New York,2688,5036.64
2020-01-30 00:00:00,Electronics,Toy Robot,Hollywood,Commercial,2020,Qtr 1,January,30,2020,17,Los Angeles,85,441.83
2020-01-30 00:00:00,Electronics,Toy Robot,JFK,Airport,2020,Qtr 1,January,30,2020,16,New York,80,415.84
2020-01-30 00:00:00,Electronics,Toy Robot,LAX,Airport,2020,Qtr 1,January,30,2020,5,Los Angeles,25,129.95
2020-01-30 00:00:00,Electronics,Toy Robot,Lincoln Park,Residential,2020,Qtr 1,January,30,2020,31,Chicago,155,805.6899999999999
2020-01-30 00:00:00,Electronics,Toy Robot,Michigan Ave,Commercial,2020,Qtr 1,January,30,2020,17,Chicago,85,441.83
2020-01-30 00:00:00,Electronics,Toy Robot,Millenium,Downtown,2020,Qtr 1,January,30,2020,57,Chicago,285,1481.4299999999998
2020-01-30 00:00:00,Games,Chutes & Ladders,JFK,Airport,2020,Qtr 1,January,30,2020,4,New York,12,51.96
2020-01-30 00:00:00,Games,Chutes & Ladders,Lincoln Park,Residential,2020,Qtr 1,January,30,2020,17,Chicago,51,220.83
2020-01-30 00:00:00,Games,Chutes & Ladders,Times Square,Downtown,2020,Qtr 1,January,30,2020,3,New York,9,38.97
2020-01-30 00:00:00,Games,Classic Dominoes,Lincoln Park,Residential,2020,Qtr 1,January,30,2020,25,Chicago,50,249.75
2020-01-30 00:00:00,Games,Classic Dominoes,Times Square,Downtown,2020,Qtr 1,January,30,2020,19,New York,38,189.81
2020-01-30 00:00:00,Games,Deck Of Cards,Fifth Avenue,Commercial,2020,Qtr 1,January,30,2020,41,New York,123,286.59000000000003
2020-01-30 00:00:00,Games,Deck Of Cards,JFK,Airport,2020,Qtr 1,January,30,2020,50,New York,150,349.5
2020-01-30 00:00:00,Games,Deck Of Cards,LAX,Airport,2020,Qtr 1,January,30,2020,43,Los Angeles,129,300.57
2020-01-30 00:00:00,Games,Deck Of Cards,Lincoln Park,Residential,2020,Qtr 1,January,30,2020,187,Chicago,561,1307.13
2020-01-30 00:00:00,Games,Deck Of Cards,Michigan Ave,Commercial,2020,Qtr 1,January,30,2020,29,Chicago,87,202.71
2020-01-30 00:00:00,Games,Deck Of Cards,Millenium,Downtown,2020,Qtr 1,January,30,2020,135,Chicago,405,943.65
2020-01-30 00:00:00,Games,Deck Of Cards,O'Hare,Airport,2020,Qtr 1,January,30,2020,189,Chicago,567,1321.1100000000001
2020-01-30 00:00:00,Games,Deck Of Cards,Times Square,Downtown,2020,Qtr 1,January,30,2020,101,New York,303,705.99
2020-01-30 00:00:00,Games,Glass Marbles,Fifth Avenue,Commercial,2020,Qtr 1,January,30,2020,15,New York,75,164.85
2020-01-30 00:00:00,Games,Glass Marbles,JFK,Airport,2020,Qtr 1,January,30,2020,42,New York,210,461.58
2020-01-30 00:00:00,Games,Glass Marbles,LAX,Airport,2020,Qtr 1,January,30,2020,79,Los Angeles,395,868.21
2020-01-30 00:00:00,Games,Glass Marbles,Lincoln Park,Residential,2020,Qtr 1,January,30,2020,15,Chicago,75,164.85
2020-01-30 00:00:00,Games,Glass Marbles,Michigan Ave,Commercial,2020,Qtr 1,January,30,2020,43,Chicago,215,472.57
2020-01-30 00:00:00,Games,Glass Marbles,Millenium,Downtown,2020,Qtr 1,January,30,2020,77,Chicago,385,846.23
2020-01-30 00:00:00,Games,Glass Marbles,O'Hare,Airport,2020,Qtr 1,January,30,2020,285,Chicago,1425,3132.15
2020-01-30 00:00:00,Games,Glass Marbles,Times Square,Downtown,2020,Qtr 1,January,30,2020,23,New York,115,252.77
2020-01-30 00:00:00,Games,Monopoly,Lincoln Park,Residential,2020,Qtr 1,January,30,2020,18,Chicago,107.99999999999997,359.82
2020-01-30 00:00:00,Games,Monopoly,Times Square,Downtown,2020,Qtr 1,January,30,2020,24,New York,143.99999999999994,479.76
2020-01-30 00:00:00,Games,Rubik's Cube,Fifth Avenue,Commercial,2020,Qtr 1,January,30,2020,1,New York,2,19.99
2020-01-30 00:00:00,Games,Rubik's Cube,Hollywood,Commercial,2020,Qtr 1,January,30,2020,44,Los Angeles,88,879.56
2020-01-30 00:00:00,Games,Rubik's Cube,JFK,Airport,2020,Qtr 1,January,30,2020,10,New York,20,199.89999999999998
2020-01-30 00:00:00,Games,Rubik's Cube,LAX,Airport,2020,Qtr 1,January,30,2020,68,Los Angeles,136,1359.32
2020-01-30 00:00:00,Games,Rubik's Cube,Lincoln Park,Residential,2020,Qtr 1,January,30,2020,64,Chicago,128,1279.36
2020-01-30 00:00:00,Games,Rubik's Cube,Michigan Ave,Commercial,2020,Qtr 1,January,30,2020,33,Chicago,66,659.67
2020-01-30 00:00:00,Games,Rubik's Cube,Millenium,Downtown,2020,Qtr 1,January,30,2020,77,Chicago,154,1539.2299999999998
2020-01-30 00:00:00,Games,Rubik's Cube,O'Hare,Airport,2020,Qtr 1,January,30,2020,18,Chicago,36,359.82
2020-01-30 00:00:00,Games,Rubik's Cube,Times Square,Downtown,2020,Qtr 1,January,30,2020,50,New York,100,999.4999999999999
2020-01-30 00:00:00,Games,Uno Card Game,JFK,Airport,2020,Qtr 1,January,30,2020,5,New York,20,39.95
2020-01-30 00:00:00,Sports & Outdoors,Basketball Hoop,JFK,Airport,2020,Qtr 1,January,30,2020,5,New York,79.99999999999999,124.94999999999999
2020-01-30 00:00:00,Sports & Outdoors,Basketball Hoop,Lincoln Park,Residential,2020,Qtr 1,January,30,2020,1,Chicago,15.999999999999998,24.99
2020-01-30 00:00:00,Sports & Outdoors,Basketball Hoop,Times Square,Downtown,2020,Qtr 1,January,30,2020,7,New York,111.99999999999999,174.92999999999998
2020-01-30 00:00:00,Sports & Outdoors,Dart Gun,JFK,Airport,2020,Qtr 1,January,30,2020,61,New York,244,975.39
2020-01-30 00:00:00,Sports & Outdoors,Dart Gun,LAX,Airport,2020,Qtr 1,January,30,2020,43,Los Angeles,172,687.57
2020-01-30 00:00:00,Sports & Outdoors,Dart Gun,Lincoln Park,Residential,2020,Qtr 1,January,30,2020,20,Chicago,80,319.8
2020-01-30 00:00:00,Sports & Outdoors,Dart Gun,Michigan Ave,Commercial,2020,Qtr 1,January,30,2020,47,Chicago,188,751.53
2020-01-30 00:00:00,Sports & Outdoors,Dart Gun,Millenium,Downtown,2020,Qtr 1,January,30,2020,137,Chicago,548,2190.63
2020-01-30 00:00:00,Sports & Outdoors,Dart Gun,O'Hare,Airport,2020,Qtr 1,January,30,2020,25,Chicago,100,399.75
2020-01-30 00:00:00,Sports & Outdoors,Dart Gun,Times Square,Downtown,2020,Qtr 1,January,30,2020,58,New York,232,927.42
2020-01-30 00:00:00,Sports & Outdoors,Mini Ping Pong,JFK,Airport,2020,Qtr 1,January,30,2020,7,New York,21,69.93
2020-01-30 00:00:00,Sports & Outdoors,Mini Ping Pong,Lincoln Park,Residential,2020,Qtr 1,January,30,2020,89,Chicago,267,889.11
2020-01-30 00:00:00,Sports & Outdoors,Mini Ping Pong,Times Square,Downtown,2020,Qtr 1,January,30,2020,13,New York,39,129.87
2020-01-30 00:00:00,Sports & Outdoors,Nerf Gun,Fifth Avenue,Commercial,2020,Qtr 1,January,30,2020,12,New York,59.99999999999998,239.88
2020-01-30 00:00:00,Sports & Outdoors,Nerf Gun,Hollywood,Commercial,2020,Qtr 1,January,30,2020,66,Los Angeles,329.9999999999999,1319.34
2020-01-30 00:00:00,Sports & Outdoors,Nerf Gun,JFK,Airport,2020,Qtr 1,January,30,2020,29,New York,144.99999999999994,579.7099999999999
2020-01-30 00:00:00,Sports & Outdoors,Nerf Gun,LAX,Airport,2020,Qtr 1,January,30,2020,50,Los Angeles,249.99999999999991,999.4999999999999
2020-01-30 00:00:00,Sports & Outdoors,Nerf Gun,Lincoln Park,Residential,2020,Qtr 1,January,30,2020,27,Chicago,134.99999999999994,539.7299999999999
2020-01-30 00:00:00,Sports & Outdoors,Nerf Gun,Millenium,Downtown,2020,Qtr 1,January,30,2020,101,Chicago,504.99999999999983,2018.9899999999998
2020-01-30 00:00:00,Sports & Outdoors,Nerf Gun,O'Hare,Airport,2020,Qtr 1,January,30,2020,59,Chicago,294.9999999999999,1179.4099999999999
2020-01-30 00:00:00,Sports & Outdoors,Nerf Gun,Times Square,Downtown,2020,Qtr 1,January,30,2020,11,New York,54.99999999999998,219.89
2020-01-30 00:00:00,Sports & Outdoors,Splash Balls,Fifth Avenue,Commercial,2020,Qtr 1,January,30,2020,38,New York,38,341.62
2020-01-30 00:00:00,Sports & Outdoors,Splash Balls,Hollywood,Commercial,2020,Qtr 1,January,30,2020,78,Los Angeles,78,701.22
2020-01-30 00:00:00,Sports & Outdoors,Splash Balls,JFK,Airport,2020,Qtr 1,January,30,2020,14,New York,14,125.86
2020-01-30 00:00:00,Sports & Outdoors,Splash Balls,LAX,Airport,2020,Qtr 1,January,30,2020,26,Los Angeles,26,233.74
2020-01-30 00:00:00,Sports & Outdoors,Splash Balls,Lincoln Park,Residential,2020,Qtr 1,January,30,2020,27,Chicago,27,242.73000000000002
2020-01-30 00:00:00,Sports & Outdoors,Splash Balls,Michigan Ave,Commercial,2020,Qtr 1,January,30,2020,37,Chicago,37,332.63
2020-01-30 00:00:00,Sports & Outdoors,Splash Balls,Millenium,Downtown,2020,Qtr 1,January,30,2020,36,Chicago,36,323.64
2020-01-30 00:00:00,Sports & Outdoors,Splash Balls,O'Hare,Airport,2020,Qtr 1,January,30,2020,44,Chicago,44,395.56
2020-01-30 00:00:00,Sports & Outdoors,Splash Balls,Times Square,Downtown,2020,Qtr 1,January,30,2020,54,New York,54,485.46000000000004
2020-01-30 00:00:00,Toys,Action Figure,Fifth Avenue,Commercial,2020,Qtr 1,January,30,2020,33,New York,198,527.67
2020-01-30 00:00:00,Toys,Action Figure,JFK,Airport,2020,Qtr 1,January,30,2020,3,New York,18,47.97
2020-01-30 00:00:00,Toys,Action Figure,LAX,Airport,2020,Qtr 1,January,30,2020,63,Los Angeles,378,1007.37
2020-01-30 00:00:00,Toys,Action Figure,Lincoln Park,Residential,2020,Qtr 1,January,30,2020,73,Chicago,438,1167.27
2020-01-30 00:00:00,Toys,Action Figure,Michigan Ave,Commercial,2020,Qtr 1,January,30,2020,48,Chicago,288,767.52
2020-01-30 00:00:00,Toys,Action Figure,Millenium,Downtown,2020,Qtr 1,January,30,2020,177,Chicago,1062,2830.23
2020-01-30 00:00:00,Toys,Action Figure,O'Hare,Airport,2020,Qtr 1,January,30,2020,57,Chicago,342,911.4300000000001
2020-01-30 00:00:00,Toys,Action Figure,Times Square,Downtown,2020,Qtr 1,January,30,2020,59,New York,354,943.41
2020-01-30 00:00:00,Toys,Animal Figures,Fifth Avenue,Commercial,2020,Qtr 1,January,30,2020,37,New York,111,480.63
2020-01-30 00:00:00,Toys,Animal Figures,JFK,Airport,2020,Qtr 1,January,30,2020,25,New York,75,324.75
2020-01-30 00:00:00,Toys,Animal Figures,LAX,Airport,2020,Qtr 1,January,30,2020,70,Los Angeles,210,909.3000000000001
2020-01-30 00:00:00,Toys,Animal Figures,Lincoln Park,Residential,2020,Qtr 1,January,30,2020,49,Chicago,147,636.51
2020-01-30 00:00:00,Toys,Animal Figures,Michigan Ave,Commercial,2020,Qtr 1,January,30,2020,19,Chicago,57,246.81
2020-01-30 00:00:00,Toys,Animal Figures,Millenium,Downtown,2020,Qtr 1,January,30,2020,50,Chicago,150,649.5
2020-01-30 00:00:00,Toys,Animal Figures,O'Hare,Airport,2020,Qtr 1,January,30,2020,21,Chicago,63,272.79
2020-01-30 00:00:00,Toys,Animal Figures,Times Square,Downtown,2020,Qtr 1,January,30,2020,24,New York,72,311.76
2020-01-30 00:00:00,Toys,Dino Egg,Fifth Avenue,Commercial,2020,Qtr 1,January,30,2020,42,New York,42,461.58
2020-01-30 00:00:00,Toys,Dino Egg,LAX,Airport,2020,Qtr 1,January,30,2020,34,Los Angeles,34,373.66
2020-01-30 00:00:00,Toys,Dino Egg,Lincoln Park,Residential,2020,Qtr 1,January,30,2020,110,Chicago,110,1208.9
2020-01-30 00:00:00,Toys,Dino Egg,Michigan Ave,Commercial,2020,Qtr 1,January,30,2020,92,Chicago,92,1011.08
2020-01-30 00:00:00,Toys,Dino Egg,Millenium,Downtown,2020,Qtr 1,January,30,2020,36,Chicago,36,395.64
2020-01-30 00:00:00,Toys,Dino Egg,O'Hare,Airport,2020,Qtr 1,January,30,2020,84,Chicago,84,923.16
2020-01-30 00:00:00,Toys,Dino Egg,Times Square,Downtown,2020,Qtr 1,January,30,2020,44,New York,44,483.56
2020-01-30 00:00:00,Toys,Dinosaur Figures,Fifth Avenue,Commercial,2020,Qtr 1,January,30,2020,3,New York,12,44.97
2020-01-30 00:00:00,Toys,Dinosaur Figures,JFK,Airport,2020,Qtr 1,January,30,2020,11,New York,44,164.89000000000001
2020-01-30 00:00:00,Toys,Dinosaur Figures,LAX,Airport,2020,Qtr 1,January,30,2020,18,Los Angeles,72,269.82
2020-01-30 00:00:00,Toys,Dinosaur Figures,Michigan Ave,Commercial,2020,Qtr 1,January,30,2020,31,Chicago,124,464.69
2020-01-30 00:00:00,Toys,Dinosaur Figures,Times Square,Downtown,2020,Qtr 1,January,30,2020,88,New York,352,1319.1200000000001
2020-01-30 00:00:00,Toys,Lego Bricks,Fifth Avenue,Commercial,2020,Qtr 1,January,30,2020,70,New York,350,2799.3
2020-01-30 00:00:00,Toys,Lego Bricks,Hollywood,Commercial,2020,Qtr 1,January,30,2020,17,Los Angeles,85,679.83
2020-01-30 00:00:00,Toys,Lego Bricks,JFK,Airport,2020,Qtr 1,January,30,2020,5,New York,25,199.95000000000002
2020-01-30 00:00:00,Toys,Lego Bricks,LAX,Airport,2020,Qtr 1,January,30,2020,42,Los Angeles,210,1679.5800000000002
2020-01-30 00:00:00,Toys,Lego Bricks,Lincoln Park,Residential,2020,Qtr 1,January,30,2020,28,Chicago,140,1119.72
2020-01-30 00:00:00,Toys,Lego Bricks,Michigan Ave,Commercial,2020,Qtr 1,January,30,2020,31,Chicago,155,1239.69
2020-01-30 00:00:00,Toys,Lego Bricks,Millenium,Downtown,2020,Qtr 1,January,30,2020,141,Chicago,705,5638.59
2020-01-30 00:00:00,Toys,Lego Bricks,O'Hare,Airport,2020,Qtr 1,January,30,2020,80,Chicago,400,3199.2000000000003
2020-01-30 00:00:00,Toys,Lego Bricks,Times Square,Downtown,2020,Qtr 1,January,30,2020,19,New York,95,759.8100000000001
2020-01-30 00:00:00,Toys,Teddy Bear,JFK,Airport,2020,Qtr 1,January,30,2020,17,New York,34,220.83
2020-01-30 00:00:00,Toys,Teddy Bear,LAX,Airport,2020,Qtr 1,January,30,2020,22,Los Angeles,44,285.78000000000003
2020-01-30 00:00:00,Toys,Teddy Bear,Millenium,Downtown,2020,Qtr 1,January,30,2020,26,Chicago,52,337.74
2020-02-01 00:00:00,Toys,Teddy Bear,Fifth Avenue,Commercial,2020,Qtr 1,February,1,2020,18,New York,36,233.82
2020-02-02 00:00:00,Toys,Action Figure,Beverly Hills,Residential,2020,Qtr 1,February,2,2020,56,Los Angeles,336,895.44
2020-02-03 00:00:00,Toys,Animal Figures,Beverly Hills,Residential,2020,Qtr 1,February,3,2020,27,Los Angeles,81,350.73
2020-02-04 00:00:00,Games,Classic Dominoes,Beverly Hills,Residential,2020,Qtr 1,February,4,2020,17,Los Angeles,34,169.83
2020-02-05 00:00:00,Electronics,Colorbuds,Beverly Hills,Residential,2020,Qtr 1,February,5,2020,40,Los Angeles,320,599.6
2020-02-06 00:00:00,Sports & Outdoors,Dart Gun,Beverly Hills,Residential,2020,Qtr 1,February,6,2020,33,Los Angeles,132,527.67
2020-02-07 00:00:00,Games,Deck Of Cards,Beverly Hills,Residential,2020,Qtr 1,February,7,2020,93,Los Angeles,279,650.07
2020-02-08 00:00:00,Toys,Dino Egg,Beverly Hills,Residential,2020,Qtr 1,February,8,2020,24,Los Angeles,24,263.76
2020-02-09 00:00:00,Toys,Dinosaur Figures,Beverly Hills,Residential,2020,Qtr 1,February,9,2020,29,Los Angeles,116,434.71
2020-02-10 00:00:00,Games,Glass Marbles,Beverly Hills,Residential,2020,Qtr 1,February,10,2020,5,Los Angeles,25,54.95
2020-02-11 00:00:00,Art & Crafts,Kids Makeup Kit,Beverly Hills,Residential,2020,Qtr 1,February,11,2020,27,Los Angeles,161.99999999999994,539.7299999999999
2020-02-12 00:00:00,Toys,Lego Bricks,Beverly Hills,Residential,2020,Qtr 1,February,12,2020,75,Los Angeles,375,2999.25
2020-02-13 00:00:00,Sports & Outdoors,Mini Ping Pong,Beverly Hills,Residential,2020,Qtr 1,February,13,2020,56,Los Angeles,168,559.44
2020-02-14 00:00:00,Sports & Outdoors,Nerf Gun,Beverly Hills,Residential,2020,Qtr 1,February,14,2020,17,Los Angeles,84.99999999999997,339.83
2020-02-15 00:00:00,Art & Crafts,PlayDoh Can,Beverly Hills,Residential,2020,Qtr 1,February,15,2020,11,Los Angeles,11.000000000000002,32.89
2020-02-16 00:00:00,Art & Crafts,PlayDoh Toolkit,Beverly Hills,Residential,2020,Qtr 1,February,16,2020,21,Los Angeles,21,104.79
2020-02-17 00:00:00,Games,Rubik's Cube,Beverly Hills,Residential,2020,Qtr 1,February,17,2020,10,Los Angeles,20,199.89999999999998
2020-02-18 00:00:00,Sports & Outdoors,Splash Balls,Beverly Hills,Residential,2020,Qtr 1,February,18,2020,9,Los Angeles,9,80.91
2020-02-19 00:00:00,Toys,Teddy Bear,Beverly Hills,Residential,2020,Qtr 1,February,19,2020,20,Los Angeles,40,259.8
2020-02-20 00:00:00,Toys,Action Figure,Hollywood,Commercial,2020,Qtr 1,February,20,2020,13,Los Angeles,78,207.87
2020-02-21 00:00:00,Toys,Animal Figures,Hollywood,Commercial,2020,Qtr 1,February,21,2020,80,Los Angeles,240,1039.2
2020-02-22 00:00:00,Electronics,Colorbuds,Hollywood,Commercial,2020,Qtr 1,February,22,2020,273,Los Angeles,2184,4092.27
2020-02-23 00:00:00,Sports & Outdoors,Dart Gun,Hollywood,Commercial,2020,Qtr 1,February,23,2020,35,Los Angeles,140,559.65
2020-02-24 00:00:00,Games,Deck Of Cards,Hollywood,Commercial,2020,Qtr 1,February,24,2020,97,Los Angeles,291,678.03
2020-02-25 00:00:00,Toys,Dinosaur Figures,Hollywood,Commercial,2020,Qtr 1,February,25,2020,24,Los Angeles,96,359.76
2020-02-26 00:00:00,Games,Glass Marbles,Hollywood,Commercial,2020,Qtr 1,February,26,2020,27,Los Angeles,135,296.73
2020-02-27 00:00:00,Art & Crafts,Kids Makeup Kit,Hollywood,Commercial,2020,Qtr 1,February,27,2020,26,Los Angeles,155.99999999999994,519.74
2020-02-28 00:00:00,Toys,Lego Bricks,Hollywood,Commercial,2020,Qtr 1,February,28,2020,46,Los Angeles,230,1839.5400000000002
2020-02-29 00:00:00,Art & Crafts,Barrel O' Slime,Millenium,Downtown,2020,Qtr 1,February,29,2020,9,Chicago,18,35.910000000000004
2020-02-29 00:00:00,Art & Crafts,Kids Makeup Kit,Fifth Avenue,Commercial,2020,Qtr 1,February,29,2020,38,New York,227.99999999999994,759.6199999999999
2020-02-29 00:00:00,Art & Crafts,Kids Makeup Kit,JFK,Airport,2020,Qtr 1,February,29,2020,3,New York,17.999999999999993,59.97
2020-02-29 00:00:00,Art & Crafts,Kids Makeup Kit,LAX,Airport,2020,Qtr 1,February,29,2020,30,Los Angeles,179.99999999999994,599.6999999999999
2020-02-29 00:00:00,Art & Crafts,Kids Makeup Kit,Lincoln Park,Residential,2020,Qtr 1,February,29,2020,9,Chicago,53.999999999999986,179.91
2020-02-29 00:00:00,Art & Crafts,Kids Makeup Kit,Michigan Ave,Commercial,2020,Qtr 1,February,29,2020,14,Chicago,83.99999999999997,279.85999999999996
2020-02-29 00:00:00,Art & Crafts,Kids Makeup Kit,Millenium,Downtown,2020,Qtr 1,February,29,2020,52,Chicago,311.9999999999999,1039.48
2020-02-29 00:00:00,Art & Crafts,Kids Makeup Kit,O'Hare,Airport,2020,Qtr 1,February,29,2020,18,Chicago,107.99999999999997,359.82
2020-02-29 00:00:00,Art & Crafts,Kids Makeup Kit,Times Square,Downtown,2020,Qtr 1,February,29,2020,67,New York,401.9999999999999,1339.33
2020-02-29 00:00:00,Art & Crafts,PlayDoh Can,Fifth Avenue,Commercial,2020,Qtr 1,February,29,2020,36,New York,36.00000000000001,107.64000000000001
2020-02-29 00:00:00,Art & Crafts,PlayDoh Can,Hollywood,Commercial,2020,Qtr 1,February,29,2020,67,Los Angeles,67.00000000000001,200.33
2020-02-29 00:00:00,Art & Crafts,PlayDoh Can,JFK,Airport,2020,Qtr 1,February,29,2020,14,New York,14.000000000000004,41.86
2020-02-29 00:00:00,Art & Crafts,PlayDoh Can,LAX,Airport,2020,Qtr 1,February,29,2020,73,Los Angeles,73.00000000000001,218.27
2020-02-29 00:00:00,Art & Crafts,PlayDoh Can,Lincoln Park,Residential,2020,Qtr 1,February,29,2020,11,Chicago,11.000000000000002,32.89
2020-02-29 00:00:00,Art & Crafts,PlayDoh Can,Michigan Ave,Commercial,2020,Qtr 1,February,29,2020,24,Chicago,24.000000000000007,71.76
2020-02-29 00:00:00,Art & Crafts,PlayDoh Can,Millenium,Downtown,2020,Qtr 1,February,29,2020,172,Chicago,172.00000000000003,514.2800000000001
2020-02-29 00:00:00,Art & Crafts,PlayDoh Can,O'Hare,Airport,2020,Qtr 1,February,29,2020,45,Chicago,45.00000000000001,134.55
2020-02-29 00:00:00,Art & Crafts,PlayDoh Can,Times Square,Downtown,2020,Qtr 1,February,29,2020,97,New York,97.00000000000003,290.03000000000003
2020-02-29 00:00:00,Art & Crafts,PlayDoh Toolkit,Fifth Avenue,Commercial,2020,Qtr 1,February,29,2020,21,New York,21,104.79
2020-02-29 00:00:00,Art & Crafts,PlayDoh Toolkit,Hollywood,Commercial,2020,Qtr 1,February,29,2020,19,Los Angeles,19,94.81
2020-02-29 00:00:00,Art & Crafts,PlayDoh Toolkit,LAX,Airport,2020,Qtr 1,February,29,2020,105,Los Angeles,105,523.95
2020-02-29 00:00:00,Art & Crafts,PlayDoh Toolkit,Lincoln Park,Residential,2020,Qtr 1,February,29,2020,32,Chicago,32,159.68
2020-02-29 00:00:00,Art & Crafts,PlayDoh Toolkit,Michigan Ave,Commercial,2020,Qtr 1,February,29,2020,39,Chicago,39,194.61
2020-02-29 00:00:00,Art & Crafts,PlayDoh Toolkit,Millenium,Downtown,2020,Qtr 1,February,29,2020,43,Chicago,43,214.57000000000002
2020-02-29 00:00:00,Art & Crafts,PlayDoh Toolkit,O'Hare,Airport,2020,Qtr 1,February,29,2020,6,Chicago,6,29.94
2020-02-29 00:00:00,Art & Crafts,PlayDoh Toolkit,Times Square,Downtown,2020,Qtr 1,February,29,2020,64,New York,64,319.36
2020-02-29 00:00:00,Electronics,Colorbuds,Fifth Avenue,Commercial,2020,Qtr 1,February,29,2020,69,New York,552,1034.31
2020-02-29 00:00:00,Electronics,Colorbuds,JFK,Airport,2020,Qtr 1,February,29,2020,275,New York,2200,4122.25
2020-02-29 00:00:00,Electronics,Colorbuds,LAX,Airport,2020,Qtr 1,February,29,2020,174,Los Angeles,1392,2608.26
2020-02-29 00:00:00,Electronics,Colorbuds,Lincoln Park,Residential,2020,Qtr 1,February,29,2020,49,Chicago,392,734.51
2020-02-29 00:00:00,Electronics,Colorbuds,Michigan Ave,Commercial,2020,Qtr 1,February,29,2020,186,Chicago,1488,2788.14
2020-02-29 00:00:00,Electronics,Colorbuds,Millenium,Downtown,2020,Qtr 1,February,29,2020,93,Chicago,744,1394.07
2020-02-29 00:00:00,Electronics,Colorbuds,O'Hare,Airport,2020,Qtr 1,February,29,2020,350,Chicago,2800,5246.5
2020-02-29 00:00:00,Electronics,Colorbuds,Times Square,Downtown,2020,Qtr 1,February,29,2020,222,New York,1776,3327.78
2020-02-29 00:00:00,Electronics,Toy Robot,Fifth Avenue,Commercial,2020,Qtr 1,February,29,2020,6,New York,30,155.94
2020-02-29 00:00:00,Electronics,Toy Robot,Hollywood,Commercial,2020,Qtr 1,February,29,2020,16,Los Angeles,80,415.84
2020-02-29 00:00:00,Electronics,Toy Robot,Lincoln Park,Residential,2020,Qtr 1,February,29,2020,40,Chicago,200,1039.6
2020-02-29 00:00:00,Electronics,Toy Robot,Michigan Ave,Commercial,2020,Qtr 1,February,29,2020,13,Chicago,65,337.87
2020-02-29 00:00:00,Electronics,Toy Robot,Millenium,Downtown,2020,Qtr 1,February,29,2020,63,Chicago,315,1637.37
2020-02-29 00:00:00,Electronics,Toy Robot,Times Square,Downtown,2020,Qtr 1,February,29,2020,16,New York,80,415.84
2020-02-29 00:00:00,Games,Chutes & Ladders,JFK,Airport,2020,Qtr 1,February,29,2020,10,New York,30,129.9
2020-02-29 00:00:00,Games,Chutes & Ladders,Lincoln Park,Residential,2020,Qtr 1,February,29,2020,11,Chicago,33,142.89000000000001
2020-02-29 00:00:00,Games,Classic Dominoes,JFK,Airport,2020,Qtr 1,February,29,2020,23,New York,46,229.77
2020-02-29 00:00:00,Games,Classic Dominoes,Lincoln Park,Residential,2020,Qtr 1,February,29,2020,16,Chicago,32,159.84
2020-02-29 00:00:00,Games,Classic Dominoes,Times Square,Downtown,2020,Qtr 1,February,29,2020,16,New York,32,159.84
2020-02-29 00:00:00,Games,Deck Of Cards,Fifth Avenue,Commercial,2020,Qtr 1,February,29,2020,36,New York,108,251.64000000000001
2020-02-29 00:00:00,Games,Deck Of Cards,JFK,Airport,2020,Qtr 1,February,29,2020,80,New York,240,559.2
2020-02-29 00:00:00,Games,Deck Of Cards,LAX,Airport,2020,Qtr 1,February,29,2020,6,Los Angeles,18,41.94
2020-02-29 00:00:00,Games,Deck Of Cards,Lincoln Park,Residential,2020,Qtr 1,February,29,2020,181,Chicago,543,1265.19
2020-02-29 00:00:00,Games,Deck Of Cards,Michigan Ave,Commercial,2020,Qtr 1,February,29,2020,54,Chicago,162,377.46000000000004
2020-02-29 00:00:00,Games,Deck Of Cards,Millenium,Downtown,2020,Qtr 1,February,29,2020,82,Chicago,246,573.1800000000001
2020-02-29 00:00:00,Games,Deck Of Cards,O'Hare,Airport,2020,Qtr 1,February,29,2020,164,Chicago,492,1146.3600000000001
2020-02-29 00:00:00,Games,Deck Of Cards,Times Square,Downtown,2020,Qtr 1,February,29,2020,55,New York,165,384.45
2020-02-29 00:00:00,Games,Glass Marbles,Fifth Avenue,Commercial,2020,Qtr 1,February,29,2020,11,New York,55,120.89
2020-02-29 00:00:00,Games,Glass Marbles,JFK,Airport,2020,Qtr 1,February,29,2020,27,New York,135,296.73
2020-02-29 00:00:00,Games,Glass Marbles,LAX,Airport,2020,Qtr 1,February,29,2020,81,Los Angeles,405,890.19
2020-02-29 00:00:00,Games,Glass Marbles,Lincoln Park,Residential,2020,Qtr 1,February,29,2020,23,Chicago,115,252.77
2020-02-29 00:00:00,Games,Glass Marbles,Michigan Ave,Commercial,2020,Qtr 1,February,29,2020,40,Chicago,200,439.6
2020-02-29 00:00:00,Games,Glass Marbles,Millenium,Downtown,2020,Qtr 1,February,29,2020,61,Chicago,305,670.39
2020-02-29 00:00:00,Games,Glass Marbles,O'Hare,Airport,2020,Qtr 1,February,29,2020,505,Chicago,2525,5549.95
2020-02-29 00:00:00,Games,Glass Marbles,Times Square,Downtown,2020,Qtr 1,February,29,2020,6,New York,30,65.94
2020-02-29 00:00:00,Games,Monopoly,JFK,Airport,2020,Qtr 1,February,29,2020,7,New York,41.999999999999986,139.92999999999998
2020-02-29 00:00:00,Games,Rubik's Cube,Fifth Avenue,Commercial,2020,Qtr 1,February,29,2020,23,New York,46,459.77
2020-02-29 00:00:00,Games,Rubik's Cube,Hollywood,Commercial,2020,Qtr 1,February,29,2020,18,Los Angeles,36,359.82
2020-02-29 00:00:00,Games,Rubik's Cube,JFK,Airport,2020,Qtr 1,February,29,2020,12,New York,24,239.88
2020-02-29 00:00:00,Games,Rubik's Cube,LAX,Airport,2020,Qtr 1,February,29,2020,81,Los Angeles,162,1619.1899999999998
2020-02-29 00:00:00,Games,Rubik's Cube,Lincoln Park,Residential,2020,Qtr 1,February,29,2020,42,Chicago,84,839.5799999999999
2020-02-29 00:00:00,Games,Rubik's Cube,Michigan Ave,Commercial,2020,Qtr 1,February,29,2020,24,Chicago,48,479.76
2020-02-29 00:00:00,Games,Rubik's Cube,Millenium,Downtown,2020,Qtr 1,February,29,2020,69,Chicago,138,1379.31
2020-02-29 00:00:00,Games,Rubik's Cube,Times Square,Downtown,2020,Qtr 1,February,29,2020,5,New York,10,99.94999999999999
2020-02-29 00:00:00,Games,Uno Card Game,JFK,Airport,2020,Qtr 1,February,29,2020,3,New York,12,23.97
2020-02-29 00:00:00,Sports & Outdoors,Basketball Hoop,Lincoln Park,Residential,2020,Qtr 1,February,29,2020,2,Chicago,31.999999999999996,49.98
2020-02-29 00:00:00,Sports & Outdoors,Basketball Hoop,Times Square,Downtown,2020,Qtr 1,February,29,2020,9,New York,143.99999999999997,224.91
2020-02-29 00:00:00,Sports & Outdoors,Dart Gun,Fifth Avenue,Commercial,2020,Qtr 1,February,29,2020,9,New York,36,143.91
2020-02-29 00:00:00,Sports & Outdoors,Dart Gun,JFK,Airport,2020,Qtr 1,February,29,2020,71,New York,284,1135.29
2020-02-29 00:00:00,Sports & Outdoors,Dart Gun,LAX,Airport,2020,Qtr 1,February,29,2020,16,Los Angeles,64,255.84
2020-02-29 00:00:00,Sports & Outdoors,Dart Gun,Lincoln Park,Residential,2020,Qtr 1,February,29,2020,15,Chicago,60,239.85
2020-02-29 00:00:00,Sports & Outdoors,Dart Gun,Michigan Ave,Commercial,2020,Qtr 1,February,29,2020,35,Chicago,140,559.65
2020-02-29 00:00:00,Sports & Outdoors,Dart Gun,Millenium,Downtown,2020,Qtr 1,February,29,2020,88,Chicago,352,1407.1200000000001
2020-02-29 00:00:00,Sports & Outdoors,Dart Gun,O'Hare,Airport,2020,Qtr 1,February,29,2020,64,Chicago,256,1023.36
2020-02-29 00:00:00,Sports & Outdoors,Dart Gun,Times Square,Downtown,2020,Qtr 1,February,29,2020,20,New York,80,319.8
2020-02-29 00:00:00,Sports & Outdoors,Mini Ping Pong,Fifth Avenue,Commercial,2020,Qtr 1,February,29,2020,2,New York,6,19.98
2020-02-29 00:00:00,Sports & Outdoors,Mini Ping Pong,Lincoln Park,Residential,2020,Qtr 1,February,29,2020,83,Chicago,249,829.1700000000001
2020-02-29 00:00:00,Sports & Outdoors,Mini Ping Pong,Times Square,Downtown,2020,Qtr 1,February,29,2020,6,New York,18,59.94
2020-02-29 00:00:00,Sports & Outdoors,Nerf Gun,Fifth Avenue,Commercial,2020,Qtr 1,February,29,2020,22,New York,109.99999999999996,439.78
2020-02-29 00:00:00,Sports & Outdoors,Nerf Gun,JFK,Airport,2020,Qtr 1,February,29,2020,7,New York,34.999999999999986,139.92999999999998
2020-02-29 00:00:00,Sports & Outdoors,Nerf Gun,LAX,Airport,2020,Qtr 1,February,29,2020,18,Los Angeles,89.99999999999997,359.82
2020-02-29 00:00:00,Sports & Outdoors,Nerf Gun,Lincoln Park,Residential,2020,Qtr 1,February,29,2020,41,Chicago,204.99999999999991,819.5899999999999
2020-02-29 00:00:00,Sports & Outdoors,Nerf Gun,Michigan Ave,Commercial,2020,Qtr 1,February,29,2020,17,Chicago,84.99999999999997,339.83
2020-02-29 00:00:00,Sports & Outdoors,Nerf Gun,Millenium,Downtown,2020,Qtr 1,February,29,2020,79,Chicago,394.9999999999999,1579.2099999999998
2020-02-29 00:00:00,Sports & Outdoors,Nerf Gun,O'Hare,Airport,2020,Qtr 1,February,29,2020,23,Chicago,114.99999999999996,459.77
2020-02-29 00:00:00,Sports & Outdoors,Nerf Gun,Times Square,Downtown,2020,Qtr 1,February,29,2020,11,New York,54.99999999999998,219.89
2020-02-29 00:00:00,Sports & Outdoors,Splash Balls,Fifth Avenue,Commercial,2020,Qtr 1,February,29,2020,91,New York,91,818.09
2020-02-29 00:00:00,Sports & Outdoors,Splash Balls,Hollywood,Commercial,2020,Qtr 1,February,29,2020,68,Los Angeles,68,611.32
2020-02-29 00:00:00,Sports & Outdoors,Splash Balls,JFK,Airport,2020,Qtr 1,February,29,2020,37,New York,37,332.63
2020-02-29 00:00:00,Sports & Outdoors,Splash Balls,LAX,Airport,2020,Qtr 1,February,29,2020,45,Los Angeles,45,404.55
2020-02-29 00:00:00,Sports & Outdoors,Splash Balls,Lincoln Park,Residential,2020,Qtr 1,February,29,2020,67,Chicago,67,602.33
2020-02-29 00:00:00,Sports & Outdoors,Splash Balls,Michigan Ave,Commercial,2020,Qtr 1,February,29,2020,21,Chicago,21,188.79
2020-02-29 00:00:00,Sports & Outdoors,Splash Balls,Millenium,Downtown,2020,Qtr 1,February,29,2020,45,Chicago,45,404.55
2020-02-29 00:00:00,Sports & Outdoors,Splash Balls,O'Hare,Airport,2020,Qtr 1,February,29,2020,74,Chicago,74,665.26
2020-02-29 00:00:00,Sports & Outdoors,Splash Balls,Times Square,Downtown,2020,Qtr 1,February,29,2020,37,New York,37,332.63
2020-02-29 00:00:00,Toys,Action Figure,Fifth Avenue,Commercial,2020,Qtr 1,February,29,2020,36,New York,216,575.64
2020-02-29 00:00:00,Toys,Action Figure,JFK,Airport,2020,Qtr 1,February,29,2020,30,New York,180,479.7
2020-02-29 00:00:00,Toys,Action Figure,LAX,Airport,2020,Qtr 1,February,29,2020,20,Los Angeles,120,319.8
2020-02-29 00:00:00,Toys,Action Figure,Lincoln Park,Residential,2020,Qtr 1,February,29,2020,67,Chicago,402,1071.33
2020-02-29 00:00:00,Toys,Action Figure,Michigan Ave,Commercial,2020,Qtr 1,February,29,2020,24,Chicago,144,383.76
2020-02-29 00:00:00,Toys,Action Figure,Millenium,Downtown,2020,Qtr 1,February,29,2020,193,Chicago,1158,3086.07
2020-02-29 00:00:00,Toys,Action Figure,O'Hare,Airport,2020,Qtr 1,February,29,2020,66,Chicago,396,1055.34
2020-02-29 00:00:00,Toys,Action Figure,Times Square,Downtown,2020,Qtr 1,February,29,2020,49,New York,294,783.51
2020-02-29 00:00:00,Toys,Animal Figures,Fifth Avenue,Commercial,2020,Qtr 1,February,29,2020,28,New York,84,363.72
2020-02-29 00:00:00,Toys,Animal Figures,JFK,Airport,2020,Qtr 1,February,29,2020,21,New York,63,272.79
2020-02-29 00:00:00,Toys,Animal Figures,LAX,Airport,2020,Qtr 1,February,29,2020,20,Los Angeles,60,259.8
2020-02-29 00:00:00,Toys,Animal Figures,Lincoln Park,Residential,2020,Qtr 1,February,29,2020,17,Chicago,51,220.83
2020-02-29 00:00:00,Toys,Animal Figures,Michigan Ave,Commercial,2020,Qtr 1,February,29,2020,67,Chicago,201,870.33
2020-02-29 00:00:00,Toys,Animal Figures,Millenium,Downtown,2020,Qtr 1,February,29,2020,88,Chicago,264,1143.1200000000001
2020-02-29 00:00:00,Toys,Animal Figures,O'Hare,Airport,2020,Qtr 1,February,29,2020,50,Chicago,150,649.5
2020-02-29 00:00:00,Toys,Animal Figures,Times Square,Downtown,2020,Qtr 1,February,29,2020,13,New York,39,168.87
2020-02-29 00:00:00,Toys,Dino Egg,Fifth Avenue,Commercial,2020,Qtr 1,February,29,2020,39,New York,39,428.61
2020-02-29 00:00:00,Toys,Dino Egg,LAX,Airport,2020,Qtr 1,February,29,2020,16,Los Angeles,16,175.84
2020-02-29 00:00:00,Toys,Dino Egg,Lincoln Park,Residential,2020,Qtr 1,February,29,2020,85,Chicago,85,934.15
2020-02-29 00:00:00,Toys,Dino Egg,Michigan Ave,Commercial,2020,Qtr 1,February,29,2020,35,Chicago,35,384.65000000000003
2020-02-29 00:00:00,Toys,Dino Egg,Millenium,Downtown,2020,Qtr 1,February,29,2020,32,Chicago,32,351.68
2020-02-29 00:00:00,Toys,Dino Egg,O'Hare,Airport,2020,Qtr 1,February,29,2020,144,Chicago,144,1582.56
2020-02-29 00:00:00,Toys,Dinosaur Figures,Fifth Avenue,Commercial,2020,Qtr 1,February,29,2020,17,New York,68,254.83
2020-02-29 00:00:00,Toys,Dinosaur Figures,JFK,Airport,2020,Qtr 1,February,29,2020,54,New York,216,809.46
2020-02-29 00:00:00,Toys,Dinosaur Figures,LAX,Airport,2020,Qtr 1,February,29,2020,36,Los Angeles,144,539.64
2020-02-29 00:00:00,Toys,Dinosaur Figures,Michigan Ave,Commercial,2020,Qtr 1,February,29,2020,15,Chicago,60,224.85
2020-02-29 00:00:00,Toys,Dinosaur Figures,Times Square,Downtown,2020,Qtr 1,February,29,2020,47,New York,188,704.53
2020-02-29 00:00:00,Toys,Lego Bricks,Fifth Avenue,Commercial,2020,Qtr 1,February,29,2020,48,New York,240,1919.52
2020-02-29 00:00:00,Toys,Lego Bricks,JFK,Airport,2020,Qtr 1,February,29,2020,60,New York,300,2399.4
2020-02-29 00:00:00,Toys,Lego Bricks,LAX,Airport,2020,Qtr 1,February,29,2020,51,Los Angeles,255,2039.49
2020-02-29 00:00:00,Toys,Lego Bricks,Lincoln Park,Residential,2020,Qtr 1,February,29,2020,35,Chicago,175,1399.65
2020-02-29 00:00:00,Toys,Lego Bricks,Michigan Ave,Commercial,2020,Qtr 1,February,29,2020,29,Chicago,145,1159.71
2020-02-29 00:00:00,Toys,Lego Bricks,Millenium,Downtown,2020,Qtr 1,February,29,2020,124,Chicago,620,4958.76
2020-02-29 00:00:00,Toys,Lego Bricks,O'Hare,Airport,2020,Qtr 1,February,29,2020,155,Chicago,775,6198.450000000001
2020-02-29 00:00:00,Toys,Lego Bricks,Times Square,Downtown,2020,Qtr 1,February,29,2020,49,New York,245,1959.51
2020-02-29 00:00:00,Toys,Teddy Bear,Fifth Avenue,Commercial,2020,Qtr 1,February,29,2020,29,New York,58,376.71
2020-02-29 00:00:00,Toys,Teddy Bear,Hollywood,Commercial,2020,Qtr 1,February,29,2020,10,Los Angeles,20,129.9
2020-02-29 00:00:00,Toys,Teddy Bear,JFK,Airport,2020,Qtr 1,February,29,2020,6,New York,12,77.94
2020-02-29 00:00:00,Toys,Teddy Bear,Lincoln Park,Residential,2020,Qtr 1,February,29,2020,10,Chicago,20,129.9
2020-02-29 00:00:00,Toys,Teddy Bear,Michigan Ave,Commercial,2020,Qtr 1,February,29,2020,16,Chicago,32,207.84
2020-02-29 00:00:00,Toys,Teddy Bear,Millenium,Downtown,2020,Qtr 1,February,29,2020,14,Chicago,28,181.86
2020-02-29 00:00:00,Toys,Teddy Bear,O'Hare,Airport,2020,Qtr 1,February,29,2020,18,Chicago,36,233.82
2020-03-01 00:00:00,Toys,Action Figure,Beverly Hills,Residential,2020,Qtr 1,March,1,2020,83,Los Angeles,498,1327.17
2020-03-02 00:00:00,Toys,Animal Figures,Beverly Hills,Residential,2020,Qtr 1,March,2,2020,51,Los Angeles,153,662.49
2020-03-03 00:00:00,Electronics,Colorbuds,Beverly Hills,Residential,2020,Qtr 1,March,3,2020,34,Los Angeles,272,509.66
2020-03-04 00:00:00,Sports & Outdoors,Dart Gun,Beverly Hills,Residential,2020,Qtr 1,March,4,2020,8,Los Angeles,32,127.92
2020-03-05 00:00:00,Games,Deck Of Cards,Beverly Hills,Residential,2020,Qtr 1,March,5,2020,162,Los Angeles,486,1132.38
2020-03-06 00:00:00,Toys,Dino Egg,Beverly Hills,Residential,2020,Qtr 1,March,6,2020,16,Los Angeles,16,175.84
2020-03-07 00:00:00,Toys,Dinosaur Figures,Beverly Hills,Residential,2020,Qtr 1,March,7,2020,49,Los Angeles,196,734.51
2020-03-08 00:00:00,Games,Glass Marbles,Beverly Hills,Residential,2020,Qtr 1,March,8,2020,37,Los Angeles,185,406.63
2020-03-09 00:00:00,Toys,Hot Wheels Pack,Beverly Hills,Residential,2020,Qtr 1,March,9,2020,14,Los Angeles,28,83.86
2020-03-10 00:00:00,Art & Crafts,Kids Makeup Kit,Beverly Hills,Residential,2020,Qtr 1,March,10,2020,35,Los Angeles,209.99999999999994,699.65
2020-03-11 00:00:00,Toys,Lego Bricks,Beverly Hills,Residential,2020,Qtr 1,March,11,2020,9,Los Angeles,45,359.91
2020-03-12 00:00:00,Sports & Outdoors,Mini Ping Pong,Beverly Hills,Residential,2020,Qtr 1,March,12,2020,22,Los Angeles,66,219.78
2020-03-13 00:00:00,Sports & Outdoors,Nerf Gun,Beverly Hills,Residential,2020,Qtr 1,March,13,2020,20,Los Angeles,99.99999999999997,399.79999999999995
2020-03-14 00:00:00,Art & Crafts,PlayDoh Can,Beverly Hills,Residential,2020,Qtr 1,March,14,2020,21,Los Angeles,21.000000000000004,62.790000000000006
2020-03-15 00:00:00,Art & Crafts,PlayDoh Toolkit,Beverly Hills,Residential,2020,Qtr 1,March,15,2020,2,Los Angeles,2,9.98
2020-03-16 00:00:00,Games,Rubik's Cube,Beverly Hills,Residential,2020,Qtr 1,March,16,2020,27,Los Angeles,54,539.7299999999999
2020-03-17 00:00:00,Sports & Outdoors,Splash Balls,Beverly Hills,Residential,2020,Qtr 1,March,17,2020,12,Los Angeles,12,107.88
2020-03-18 00:00:00,Toys,Teddy Bear,Beverly Hills,Residential,2020,Qtr 1,March,18,2020,21,Los Angeles,42,272.79
2020-03-19 00:00:00,Electronics,Toy Robot,Beverly Hills,Residential,2020,Qtr 1,March,19,2020,5,Los Angeles,25,129.95
2020-03-20 00:00:00,Games,Uno Card Game,Beverly Hills,Residential,2020,Qtr 1,March,20,2020,2,Los Angeles,8,15.98
2020-03-21 00:00:00,Toys,Action Figure,Hollywood,Commercial,2020,Qtr 1,March,21,2020,57,Los Angeles,342,911.4300000000001
2020-03-22 00:00:00,Toys,Animal Figures,Hollywood,Commercial,2020,Qtr 1,March,22,2020,11,Los Angeles,33,142.89000000000001
2020-03-23 00:00:00,Electronics,Colorbuds,Hollywood,Commercial,2020,Qtr 1,March,23,2020,202,Los Angeles,1616,3027.98
2020-03-24 00:00:00,Sports & Outdoors,Dart Gun,Hollywood,Commercial,2020,Qtr 1,March,24,2020,2,Los Angeles,8,31.98
2020-03-25 00:00:00,Games,Deck Of Cards,Hollywood,Commercial,2020,Qtr 1,March,25,2020,98,Los Angeles,294,685.02
2020-03-26 00:00:00,Toys,Dino Egg,Hollywood,Commercial,2020,Qtr 1,March,26,2020,21,Los Angeles,21,230.79
2020-03-27 00:00:00,Toys,Dinosaur Figures,Hollywood,Commercial,2020,Qtr 1,March,27,2020,24,Los Angeles,96,359.76
2020-03-28 00:00:00,Games,Glass Marbles,Hollywood,Commercial,2020,Qtr 1,March,28,2020,12,Los Angeles,60,131.88
2020-03-29 00:00:00,Toys,Hot Wheels Pack,Hollywood,Commercial,2020,Qtr 1,March,29,2020,41,Los Angeles,82,245.59
2020-03-30 00:00:00,Art & Crafts,Kids Makeup Kit,Hollywood,Commercial,2020,Qtr 1,March,30,2020,24,Los Angeles,143.99999999999994,479.76
2020-03-31 00:00:00,Art & Crafts,Kids Makeup Kit,Fifth Avenue,Commercial,2020,Qtr 1,March,31,2020,86,New York,515.9999999999999,1719.1399999999999
2020-03-31 00:00:00,Art & Crafts,Kids Makeup Kit,JFK,Airport,2020,Qtr 1,March,31,2020,31,New York,185.99999999999994,619.6899999999999
2020-03-31 00:00:00,Art & Crafts,Kids Makeup Kit,LAX,Airport,2020,Qtr 1,March,31,2020,43,Los Angeles,257.99999999999994,859.5699999999999
2020-03-31 00:00:00,Art & Crafts,Kids Makeup Kit,Lincoln Park,Residential,2020,Qtr 1,March,31,2020,60,Chicago,359.9999999999999,1199.3999999999999
2020-03-31 00:00:00,Art & Crafts,Kids Makeup Kit,Michigan Ave,Commercial,2020,Qtr 1,March,31,2020,19,Chicago,113.99999999999997,379.80999999999995
2020-03-31 00:00:00,Art & Crafts,Kids Makeup Kit,Millenium,Downtown,2020,Qtr 1,March,31,2020,40,Chicago,239.99999999999994,799.5999999999999
2020-03-31 00:00:00,Art & Crafts,Kids Makeup Kit,O'Hare,Airport,2020,Qtr 1,March,31,2020,41,Chicago,245.99999999999991,819.5899999999999
2020-03-31 00:00:00,Art & Crafts,Kids Makeup Kit,Times Square,Downtown,2020,Qtr 1,March,31,2020,9,New York,53.999999999999986,179.91
2020-03-31 00:00:00,Art & Crafts,PlayDoh Can,Fifth Avenue,Commercial,2020,Qtr 1,March,31,2020,95,New York,95.00000000000001,284.05
2020-03-31 00:00:00,Art & Crafts,PlayDoh Can,Hollywood,Commercial,2020,Qtr 1,March,31,2020,110,Los Angeles,110.00000000000003,328.90000000000003
2020-03-31 00:00:00,Art & Crafts,PlayDoh Can,JFK,Airport,2020,Qtr 1,March,31,2020,17,New York,17.000000000000004,50.830000000000005
2020-03-31 00:00:00,Art & Crafts,PlayDoh Can,LAX,Airport,2020,Qtr 1,March,31,2020,183,Los Angeles,183.00000000000003,547.1700000000001
2020-03-31 00:00:00,Art & Crafts,PlayDoh Can,Michigan Ave,Commercial,2020,Qtr 1,March,31,2020,21,Chicago,21.000000000000004,62.790000000000006
2020-03-31 00:00:00,Art & Crafts,PlayDoh Can,Millenium,Downtown,2020,Qtr 1,March,31,2020,167,Chicago,167.00000000000003,499.33000000000004
2020-03-31 00:00:00,Art & Crafts,PlayDoh Can,O'Hare,Airport,2020,Qtr 1,March,31,2020,30,Chicago,30.000000000000007,89.7
2020-03-31 00:00:00,Art & Crafts,PlayDoh Can,Times Square,Downtown,2020,Qtr 1,March,31,2020,141,New York,141.00000000000003,421.59000000000003
2020-03-31 00:00:00,Art & Crafts,PlayDoh Toolkit,Fifth Avenue,Commercial,2020,Qtr 1,March,31,2020,23,New York,23,114.77000000000001
2020-03-31 00:00:00,Art & Crafts,PlayDoh Toolkit,Hollywood,Commercial,2020,Qtr 1,March,31,2020,12,Los Angeles,12,59.88
2020-03-31 00:00:00,Art & Crafts,PlayDoh Toolkit,JFK,Airport,2020,Qtr 1,March,31,2020,11,New York,11,54.89
2020-03-31 00:00:00,Art & Crafts,PlayDoh Toolkit,LAX,Airport,2020,Qtr 1,March,31,2020,36,Los Angeles,36,179.64000000000001
2020-03-31 00:00:00,Art & Crafts,PlayDoh Toolkit,Lincoln Park,Residential,2020,Qtr 1,March,31,2020,29,Chicago,29,144.71
2020-03-31 00:00:00,Art & Crafts,PlayDoh Toolkit,Michigan Ave,Commercial,2020,Qtr 1,March,31,2020,56,Chicago,56,279.44
2020-03-31 00:00:00,Art & Crafts,PlayDoh Toolkit,Millenium,Downtown,2020,Qtr 1,March,31,2020,22,Chicago,22,109.78
2020-03-31 00:00:00,Art & Crafts,PlayDoh Toolkit,O'Hare,Airport,2020,Qtr 1,March,31,2020,21,Chicago,21,104.79
2020-03-31 00:00:00,Art & Crafts,PlayDoh Toolkit,Times Square,Downtown,2020,Qtr 1,March,31,2020,19,New York,19,94.81
2020-03-31 00:00:00,Electronics,Colorbuds,Fifth Avenue,Commercial,2020,Qtr 1,March,31,2020,116,New York,928,1738.84
2020-03-31 00:00:00,Electronics,Colorbuds,JFK,Airport,2020,Qtr 1,March,31,2020,142,New York,1136,2128.58
2020-03-31 00:00:00,Electronics,Colorbuds,LAX,Airport,2020,Qtr 1,March,31,2020,240,Los Angeles,1920,3597.6
2020-03-31 00:00:00,Electronics,Colorbuds,Lincoln Park,Residential,2020,Qtr 1,March,31,2020,63,Chicago,504,944.37
2020-03-31 00:00:00,Electronics,Colorbuds,Michigan Ave,Commercial,2020,Qtr 1,March,31,2020,154,Chicago,1232,2308.46
2020-03-31 00:00:00,Electronics,Colorbuds,Millenium,Downtown,2020,Qtr 1,March,31,2020,89,Chicago,712,1334.1100000000001
2020-03-31 00:00:00,Electronics,Colorbuds,O'Hare,Airport,2020,Qtr 1,March,31,2020,462,Chicago,3696,6925.38
2020-03-31 00:00:00,Electronics,Colorbuds,Times Square,Downtown,2020,Qtr 1,March,31,2020,329,New York,2632,4931.71
2020-03-31 00:00:00,Electronics,Toy Robot,Hollywood,Commercial,2020,Qtr 1,March,31,2020,5,Los Angeles,25,129.95
2020-03-31 00:00:00,Electronics,Toy Robot,JFK,Airport,2020,Qtr 1,March,31,2020,19,New York,95,493.80999999999995
2020-03-31 00:00:00,Electronics,Toy Robot,LAX,Airport,2020,Qtr 1,March,31,2020,66,Los Angeles,330,1715.34
2020-03-31 00:00:00,Electronics,Toy Robot,Lincoln Park,Residential,2020,Qtr 1,March,31,2020,34,Chicago,170,883.66
2020-03-31 00:00:00,Electronics,Toy Robot,Michigan Ave,Commercial,2020,Qtr 1,March,31,2020,15,Chicago,75,389.84999999999997
2020-03-31 00:00:00,Electronics,Toy Robot,Millenium,Downtown,2020,Qtr 1,March,31,2020,29,Chicago,145,753.7099999999999
2020-03-31 00:00:00,Electronics,Toy Robot,O'Hare,Airport,2020,Qtr 1,March,31,2020,16,Chicago,80,415.84
2020-03-31 00:00:00,Electronics,Toy Robot,Times Square,Downtown,2020,Qtr 1,March,31,2020,17,New York,85,441.83
2020-03-31 00:00:00,Games,Classic Dominoes,Times Square,Downtown,2020,Qtr 1,March,31,2020,19,New York,38,189.81
2020-03-31 00:00:00,Games,Deck Of Cards,Fifth Avenue,Commercial,2020,Qtr 1,March,31,2020,7,New York,21,48.93
2020-03-31 00:00:00,Games,Deck Of Cards,JFK,Airport,2020,Qtr 1,March,31,2020,108,New York,324,754.9200000000001
2020-03-31 00:00:00,Games,Deck Of Cards,LAX,Airport,2020,Qtr 1,March,31,2020,14,Los Angeles,42,97.86
2020-03-31 00:00:00,Games,Deck Of Cards,Lincoln Park,Residential,2020,Qtr 1,March,31,2020,68,Chicago,204,475.32
2020-03-31 00:00:00,Games,Deck Of Cards,Michigan Ave,Commercial,2020,Qtr 1,March,31,2020,54,Chicago,162,377.46000000000004
2020-03-31 00:00:00,Games,Deck Of Cards,Millenium,Downtown,2020,Qtr 1,March,31,2020,45,Chicago,135,314.55
2020-03-31 00:00:00,Games,Deck Of Cards,O'Hare,Airport,2020,Qtr 1,March,31,2020,334,Chicago,1002,2334.66
2020-03-31 00:00:00,Games,Deck Of Cards,Times Square,Downtown,2020,Qtr 1,March,31,2020,78,New York,234,545.22
2020-03-31 00:00:00,Games,Glass Marbles,Fifth Avenue,Commercial,2020,Qtr 1,March,31,2020,4,New York,20,43.96
2020-03-31 00:00:00,Games,Glass Marbles,JFK,Airport,2020,Qtr 1,March,31,2020,6,New York,30,65.94
2020-03-31 00:00:00,Games,Glass Marbles,LAX,Airport,2020,Qtr 1,March,31,2020,106,Los Angeles,530,1164.94
2020-03-31 00:00:00,Games,Glass Marbles,Lincoln Park,Residential,2020,Qtr 1,March,31,2020,6,Chicago,30,65.94
2020-03-31 00:00:00,Games,Glass Marbles,Michigan Ave,Commercial,2020,Qtr 1,March,31,2020,49,Chicago,245,538.51
2020-03-31 00:00:00,Games,Glass Marbles,Millenium,Downtown,2020,Qtr 1,March,31,2020,18,Chicago,90,197.82
2020-03-31 00:00:00,Games,Glass Marbles,O'Hare,Airport,2020,Qtr 1,March,31,2020,302,Chicago,1510,3318.98
2020-03-31 00:00:00,Games,Glass Marbles,Times Square,Downtown,2020,Qtr 1,March,31,2020,63,New York,315,692.37
2020-03-31 00:00:00,Games,Rubik's Cube,Hollywood,Commercial,2020,Qtr 1,March,31,2020,4,Los Angeles,8,79.96
2020-03-31 00:00:00,Games,Rubik's Cube,LAX,Airport,2020,Qtr 1,March,31,2020,69,Los Angeles,138,1379.31
2020-03-31 00:00:00,Games,Rubik's Cube,Lincoln Park,Residential,2020,Qtr 1,March,31,2020,32,Chicago,64,639.68
2020-03-31 00:00:00,Games,Rubik's Cube,Michigan Ave,Commercial,2020,Qtr 1,March,31,2020,111,Chicago,222,2218.89
2020-03-31 00:00:00,Games,Rubik's Cube,Millenium,Downtown,2020,Qtr 1,March,31,2020,132,Chicago,264,2638.68
2020-03-31 00:00:00,Games,Rubik's Cube,O'Hare,Airport,2020,Qtr 1,March,31,2020,68,Chicago,136,1359.32
2020-03-31 00:00:00,Games,Rubik's Cube,Times Square,Downtown,2020,Qtr 1,March,31,2020,24,New York,48,479.76
2020-03-31 00:00:00,Sports & Outdoors,Basketball Hoop,Lincoln Park,Residential,2020,Qtr 1,March,31,2020,13,Chicago,207.99999999999997,324.87
2020-03-31 00:00:00,Sports & Outdoors,Dart Gun,Fifth Avenue,Commercial,2020,Qtr 1,March,31,2020,38,New York,152,607.62
2020-03-31 00:00:00,Sports & Outdoors,Dart Gun,JFK,Airport,2020,Qtr 1,March,31,2020,26,New York,104,415.74
2020-03-31 00:00:00,Sports & Outdoors,Dart Gun,LAX,Airport,2020,Qtr 1,March,31,2020,29,Los Angeles,116,463.71
2020-03-31 00:00:00,Sports & Outdoors,Dart Gun,Lincoln Park,Residential,2020,Qtr 1,March,31,2020,8,Chicago,32,127.92
2020-03-31 00:00:00,Sports & Outdoors,Dart Gun,Michigan Ave,Commercial,2020,Qtr 1,March,31,2020,45,Chicago,180,719.55
2020-03-31 00:00:00,Sports & Outdoors,Dart Gun,Millenium,Downtown,2020,Qtr 1,March,31,2020,35,Chicago,140,559.65
2020-03-31 00:00:00,Sports & Outdoors,Dart Gun,O'Hare,Airport,2020,Qtr 1,March,31,2020,96,Chicago,384,1535.04
2020-03-31 00:00:00,Sports & Outdoors,Dart Gun,Times Square,Downtown,2020,Qtr 1,March,31,2020,25,New York,100,399.75
2020-03-31 00:00:00,Sports & Outdoors,Mini Ping Pong,Lincoln Park,Residential,2020,Qtr 1,March,31,2020,43,Chicago,129,429.57
2020-03-31 00:00:00,Sports & Outdoors,Mini Ping Pong,Times Square,Downtown,2020,Qtr 1,March,31,2020,17,New York,51,169.83
2020-03-31 00:00:00,Sports & Outdoors,Nerf Gun,Fifth Avenue,Commercial,2020,Qtr 1,March,31,2020,17,New York,84.99999999999997,339.83
2020-03-31 00:00:00,Sports & Outdoors,Nerf Gun,LAX,Airport,2020,Qtr 1,March,31,2020,59,Los Angeles,294.9999999999999,1179.4099999999999
2020-03-31 00:00:00,Sports & Outdoors,Nerf Gun,Michigan Ave,Commercial,2020,Qtr 1,March,31,2020,41,Chicago,204.99999999999991,819.5899999999999
2020-03-31 00:00:00,Sports & Outdoors,Nerf Gun,Millenium,Downtown,2020,Qtr 1,March,31,2020,8,Chicago,39.999999999999986,159.92
2020-03-31 00:00:00,Sports & Outdoors,Nerf Gun,O'Hare,Airport,2020,Qtr 1,March,31,2020,6,Chicago,29.99999999999999,119.94
2020-03-31 00:00:00,Sports & Outdoors,Nerf Gun,Times Square,Downtown,2020,Qtr 1,March,31,2020,19,New York,94.99999999999997,379.80999999999995
2020-03-31 00:00:00,Sports & Outdoors,Splash Balls,Fifth Avenue,Commercial,2020,Qtr 1,March,31,2020,126,New York,126,1132.74
2020-03-31 00:00:00,Sports & Outdoors,Splash Balls,Hollywood,Commercial,2020,Qtr 1,March,31,2020,41,Los Angeles,41,368.59000000000003
2020-03-31 00:00:00,Sports & Outdoors,Splash Balls,JFK,Airport,2020,Qtr 1,March,31,2020,74,New York,74,665.26
2020-03-31 00:00:00,Sports & Outdoors,Splash Balls,LAX,Airport,2020,Qtr 1,March,31,2020,61,Los Angeles,61,548.39
2020-03-31 00:00:00,Sports & Outdoors,Splash Balls,Lincoln Park,Residential,2020,Qtr 1,March,31,2020,89,Chicago,89,800.11
2020-03-31 00:00:00,Sports & Outdoors,Splash Balls,Michigan Ave,Commercial,2020,Qtr 1,March,31,2020,17,Chicago,17,152.83
2020-03-31 00:00:00,Sports & Outdoors,Splash Balls,Millenium,Downtown,2020,Qtr 1,March,31,2020,78,Chicago,78,701.22
2020-03-31 00:00:00,Sports & Outdoors,Splash Balls,O'Hare,Airport,2020,Qtr 1,March,31,2020,104,Chicago,104,934.96
2020-03-31 00:00:00,Sports & Outdoors,Splash Balls,Times Square,Downtown,2020,Qtr 1,March,31,2020,25,New York,25,224.75
2020-03-31 00:00:00,Sports & Outdoors,Water Gun,Hollywood,Commercial,2020,Qtr 1,March,31,2020,1,Los Angeles,3,14.99
2020-03-31 00:00:00,Sports & Outdoors,Water Gun,JFK,Airport,2020,Qtr 1,March,31,2020,20,New York,60,299.8
2020-03-31 00:00:00,Sports & Outdoors,Water Gun,Michigan Ave,Commercial,2020,Qtr 1,March,31,2020,24,Chicago,72,359.76
2020-03-31 00:00:00,Sports & Outdoors,Water Gun,Millenium,Downtown,2020,Qtr 1,March,31,2020,10,Chicago,30,149.9
2020-03-31 00:00:00,Sports & Outdoors,Water Gun,O'Hare,Airport,2020,Qtr 1,March,31,2020,7,Chicago,21,104.93
2020-03-31 00:00:00,Sports & Outdoors,Water Gun,Times Square,Downtown,2020,Qtr 1,March,31,2020,4,New York,12,59.96
2020-03-31 00:00:00,Toys,Action Figure,Fifth Avenue,Commercial,2020,Qtr 1,March,31,2020,98,New York,588,1567.02
2020-03-31 00:00:00,Toys,Action Figure,JFK,Airport,2020,Qtr 1,March,31,2020,59,New York,354,943.41
2020-03-31 00:00:00,Toys,Action Figure,LAX,Airport,2020,Qtr 1,March,31,2020,135,Los Angeles,810,2158.65
2020-03-31 00:00:00,Toys,Action Figure,Lincoln Park,Residential,2020,Qtr 1,March,31,2020,129,Chicago,774,2062.71
2020-03-31 00:00:00,Toys,Action Figure,Michigan Ave,Commercial,2020,Qtr 1,March,31,2020,98,Chicago,588,1567.02
2020-03-31 00:00:00,Toys,Action Figure,Millenium,Downtown,2020,Qtr 1,March,31,2020,164,Chicago,984,2622.36
2020-03-31 00:00:00,Toys,Action Figure,O'Hare,Airport,2020,Qtr 1,March,31,2020,35,Chicago,210,559.65
2020-03-31 00:00:00,Toys,Action Figure,Times Square,Downtown,2020,Qtr 1,March,31,2020,98,New York,588,1567.02
2020-03-31 00:00:00,Toys,Animal Figures,Fifth Avenue,Commercial,2020,Qtr 1,March,31,2020,26,New York,78,337.74
2020-03-31 00:00:00,Toys,Animal Figures,JFK,Airport,2020,Qtr 1,March,31,2020,17,New York,51,220.83
2020-03-31 00:00:00,Toys,Animal Figures,LAX,Airport,2020,Qtr 1,March,31,2020,31,Los Angeles,93,402.69
2020-03-31 00:00:00,Toys,Animal Figures,Lincoln Park,Residential,2020,Qtr 1,March,31,2020,68,Chicago,204,883.32
2020-03-31 00:00:00,Toys,Animal Figures,Michigan Ave,Commercial,2020,Qtr 1,March,31,2020,25,Chicago,75,324.75
2020-03-31 00:00:00,Toys,Animal Figures,Millenium,Downtown,2020,Qtr 1,March,31,2020,81,Chicago,243,1052.19
2020-03-31 00:00:00,Toys,Animal Figures,O'Hare,Airport,2020,Qtr 1,March,31,2020,78,Chicago,234,1013.22
2020-03-31 00:00:00,Toys,Animal Figures,Times Square,Downtown,2020,Qtr 1,March,31,2020,52,New York,156,675.48
2020-03-31 00:00:00,Toys,Dino Egg,Fifth Avenue,Commercial,2020,Qtr 1,March,31,2020,14,New York,14,153.86
2020-03-31 00:00:00,Toys,Dino Egg,Lincoln Park,Residential,2020,Qtr 1,March,31,2020,14,Chicago,14,153.86
2020-03-31 00:00:00,Toys,Dino Egg,Michigan Ave,Commercial,2020,Qtr 1,March,31,2020,23,Chicago,23,252.77
2020-03-31 00:00:00,Toys,Dino Egg,Millenium,Downtown,2020,Qtr 1,March,31,2020,9,Chicago,9,98.91
2020-03-31 00:00:00,Toys,Dino Egg,Times Square,Downtown,2020,Qtr 1,March,31,2020,6,New York,6,65.94
2020-03-31 00:00:00,Toys,Dinosaur Figures,Fifth Avenue,Commercial,2020,Qtr 1,March,31,2020,5,New York,20,74.95
2020-03-31 00:00:00,Toys,Dinosaur Figures,JFK,Airport,2020,Qtr 1,March,31,2020,8,New York,32,119.92
2020-03-31 00:00:00,Toys,Dinosaur Figures,LAX,Airport,2020,Qtr 1,March,31,2020,53,Los Angeles,212,794.47
2020-03-31 00:00:00,Toys,Dinosaur Figures,Michigan Ave,Commercial,2020,Qtr 1,March,31,2020,44,Chicago,176,659.5600000000001
2020-03-31 00:00:00,Toys,Dinosaur Figures,Millenium,Downtown,2020,Qtr 1,March,31,2020,14,Chicago,56,209.86
2020-03-31 00:00:00,Toys,Dinosaur Figures,Times Square,Downtown,2020,Qtr 1,March,31,2020,25,New York,100,374.75
2020-03-31 00:00:00,Toys,Hot Wheels Pack,Fifth Avenue,Commercial,2020,Qtr 1,March,31,2020,21,New York,42,125.79
2020-03-31 00:00:00,Toys,Hot Wheels Pack,JFK,Airport,2020,Qtr 1,March,31,2020,29,New York,58,173.71
2020-03-31 00:00:00,Toys,Hot Wheels Pack,LAX,Airport,2020,Qtr 1,March,31,2020,76,Los Angeles,152,455.24
2020-03-31 00:00:00,Toys,Hot Wheels Pack,Lincoln Park,Residential,2020,Qtr 1,March,31,2020,19,Chicago,38,113.81
2020-03-31 00:00:00,Toys,Hot Wheels Pack,Michigan Ave,Commercial,2020,Qtr 1,March,31,2020,24,Chicago,48,143.76
2020-03-31 00:00:00,Toys,Hot Wheels Pack,Millenium,Downtown,2020,Qtr 1,March,31,2020,17,Chicago,34,101.83
2020-03-31 00:00:00,Toys,Hot Wheels Pack,O'Hare,Airport,2020,Qtr 1,March,31,2020,75,Chicago,150,449.25
2020-03-31 00:00:00,Toys,Hot Wheels Pack,Times Square,Downtown,2020,Qtr 1,March,31,2020,19,New York,38,113.81
2020-03-31 00:00:00,Toys,Lego Bricks,Fifth Avenue,Commercial,2020,Qtr 1,March,31,2020,167,New York,835,6678.33
2020-03-31 00:00:00,Toys,Lego Bricks,Hollywood,Commercial,2020,Qtr 1,March,31,2020,32,Los Angeles,160,1279.68
2020-03-31 00:00:00,Toys,Lego Bricks,JFK,Airport,2020,Qtr 1,March,31,2020,65,New York,325,2599.35
2020-03-31 00:00:00,Toys,Lego Bricks,LAX,Airport,2020,Qtr 1,March,31,2020,157,Los Angeles,785,6278.43
2020-03-31 00:00:00,Toys,Lego Bricks,Lincoln Park,Residential,2020,Qtr 1,March,31,2020,61,Chicago,305,2439.3900000000003
2020-03-31 00:00:00,Toys,Lego Bricks,Michigan Ave,Commercial,2020,Qtr 1,March,31,2020,75,Chicago,375,2999.25
2020-03-31 00:00:00,Toys,Lego Bricks,Millenium,Downtown,2020,Qtr 1,March,31,2020,114,Chicago,570,4558.860000000001
2020-03-31 00:00:00,Toys,Lego Bricks,O'Hare,Airport,2020,Qtr 1,March,31,2020,23,Chicago,115,919.7700000000001
2020-03-31 00:00:00,Toys,Lego Bricks,Times Square,Downtown,2020,Qtr 1,March,31,2020,97,New York,485,3879.03
2020-03-31 00:00:00,Toys,Teddy Bear,JFK,Airport,2020,Qtr 1,March,31,2020,1,New York,2,12.99
2020-03-31 00:00:00,Toys,Teddy Bear,Lincoln Park,Residential,2020,Qtr 1,March,31,2020,4,Chicago,8,51.96
2020-03-31 00:00:00,Toys,Teddy Bear,Times Square,Downtown,2020,Qtr 1,March,31,2020,18,New York,36,233.82
2020-04-01 00:00:00,Art & Crafts,Barrel O' Slime,Hollywood,Commercial,2020,Qtr 2,April,1,2020,125,Los Angeles,396,598.75
2020-04-01 00:00:00,Art & Crafts,Barrel O' Slime,Lincoln Park,Residential,2020,Qtr 2,April,1,2020,299,Chicago,177,1293.01
2020-04-01 00:00:00,Art & Crafts,Kids Makeup Kit,Fifth Avenue,Commercial,2020,Qtr 2,April,1,2020,116,New York,695.9999999999998,2318.8399999999997
2020-04-01 00:00:00,Art & Crafts,Kids Makeup Kit,JFK,Airport,2020,Qtr 2,April,1,2020,40,New York,239.99999999999994,799.5999999999999
2020-04-01 00:00:00,Art & Crafts,Kids Makeup Kit,Lincoln Park,Residential,2020,Qtr 2,April,1,2020,17,Chicago,101.99999999999997,339.83
2020-04-01 00:00:00,Art & Crafts,Kids Makeup Kit,Michigan Ave,Commercial,2020,Qtr 2,April,1,2020,144,Chicago,863.9999999999998,2878.56
2020-04-01 00:00:00,Art & Crafts,Magic Sand,LAX,Airport,2020,Qtr 2,April,1,2020,147,Los Angeles,102,2450.53
2020-04-01 00:00:00,Art & Crafts,PlayDoh Can,Fifth Avenue,Commercial,2020,Qtr 2,April,1,2020,21,New York,21.000000000000004,62.790000000000006
2020-04-01 00:00:00,Art & Crafts,PlayDoh Can,JFK,Airport,2020,Qtr 2,April,1,2020,7,New York,7.000000000000002,20.93
2020-04-01 00:00:00,Art & Crafts,PlayDoh Can,Lincoln Park,Residential,2020,Qtr 2,April,1,2020,98,Chicago,98.00000000000003,293.02000000000004
2020-04-01 00:00:00,Art & Crafts,PlayDoh Can,Michigan Ave,Commercial,2020,Qtr 2,April,1,2020,191,Chicago,191.00000000000003,571.09
2020-04-01 00:00:00,Art & Crafts,PlayDoh Toolkit,Fifth Avenue,Commercial,2020,Qtr 2,April,1,2020,13,New York,13,64.87
2020-04-01 00:00:00,Art & Crafts,PlayDoh Toolkit,JFK,Airport,2020,Qtr 2,April,1,2020,34,New York,34,169.66
2020-04-01 00:00:00,Art & Crafts,PlayDoh Toolkit,Lincoln Park,Residential,2020,Qtr 2,April,1,2020,44,Chicago,44,219.56
2020-04-01 00:00:00,Art & Crafts,PlayDoh Toolkit,Michigan Ave,Commercial,2020,Qtr 2,April,1,2020,18,Chicago,18,89.82000000000001
2020-04-01 00:00:00,Electronics,Colorbuds,Fifth Avenue,Commercial,2020,Qtr 2,April,1,2020,117,New York,936,1753.83
2020-04-01 00:00:00,Electronics,Colorbuds,Lincoln Park,Residential,2020,Qtr 2,April,1,2020,71,Chicago,568,1064.29
2020-04-01 00:00:00,Electronics,Colorbuds,Michigan Ave,Commercial,2020,Qtr 2,April,1,2020,289,Chicago,2348,4432.11
2020-04-01 00:00:00,Electronics,Gamer Headphones,Times Square,Downtown,2020,Qtr 2,April,1,2020,5,New York,295,204.95
2020-04-01 00:00:00,Electronics,Toy Robot,Fifth Avenue,Commercial,2020,Qtr 2,April,1,2020,34,New York,170,883.66
2020-04-01 00:00:00,Electronics,Toy Robot,JFK,Airport,2020,Qtr 2,April,1,2020,9,New York,45,233.91
2020-04-01 00:00:00,Electronics,Toy Robot,Lincoln Park,Residential,2020,Qtr 2,April,1,2020,17,Chicago,85,441.83
2020-04-01 00:00:00,Electronics,Toy Robot,Michigan Ave,Commercial,2020,Qtr 2,April,1,2020,26,Chicago,130,675.74
2020-04-01 00:00:00,Games,Classic Dominoes,Lincoln Park,Residential,2020,Qtr 2,April,1,2020,29,Chicago,58,289.71
2020-04-01 00:00:00,Games,Deck Of Cards,Fifth Avenue,Commercial,2020,Qtr 2,April,1,2020,17,New York,51,118.83
2020-04-01 00:00:00,Games,Deck Of Cards,Lincoln Park,Residential,2020,Qtr 2,April,1,2020,108,Chicago,324,754.9200000000001
2020-04-01 00:00:00,Games,Deck Of Cards,Michigan Ave,Commercial,2020,Qtr 2,April,1,2020,47,Chicago,141,328.53000000000003
2020-04-01 00:00:00,Games,Glass Marbles,Fifth Avenue,Commercial,2020,Qtr 2,April,1,2020,13,New York,65,142.87
2020-04-01 00:00:00,Games,Glass Marbles,JFK,Airport,2020,Qtr 2,April,1,2020,124,New York,620,1362.76
2020-04-01 00:00:00,Games,Glass Marbles,Lincoln Park,Residential,2020,Qtr 2,April,1,2020,21,Chicago,105,230.79
2020-04-01 00:00:00,Games,Glass Marbles,Michigan Ave,Commercial,2020,Qtr 2,April,1,2020,29,Chicago,145,318.71
2020-04-01 00:00:00,Games,Jenga,Millenium,Downtown,2020,Qtr 2,April,1,2020,2,Chicago,233.99999999999994,119.98
2020-04-01 00:00:00,Games,Rubik's Cube,Fifth Avenue,Commercial,2020,Qtr 2,April,1,2020,49,New York,98,979.5099999999999
2020-04-01 00:00:00,Games,Rubik's Cube,JFK,Airport,2020,Qtr 2,April,1,2020,49,New York,98,979.5099999999999
2020-04-01 00:00:00,Games,Rubik's Cube,LAX,Airport,2020,Qtr 2,April,1,2020,70,Los Angeles,140,1399.3
2020-04-01 00:00:00,Games,Rubik's Cube,Lincoln Park,Residential,2020,Qtr 2,April,1,2020,66,Chicago,132,1319.34
2020-04-01 00:00:00,Games,Rubik's Cube,Michigan Ave,Commercial,2020,Qtr 2,April,1,2020,111,Chicago,222,2218.89
2020-04-01 00:00:00,Games,Rubik's Cube,O'Hare,Airport,2020,Qtr 2,April,1,2020,61,Chicago,160,1319.3899999999999
2020-04-01 00:00:00,Sports & Outdoors,Dart Gun,Fifth Avenue,Commercial,2020,Qtr 2,April,1,2020,15,New York,60,239.85
2020-04-01 00:00:00,Sports & Outdoors,Dart Gun,Lincoln Park,Residential,2020,Qtr 2,April,1,2020,11,Chicago,44,175.89000000000001
2020-04-01 00:00:00,Sports & Outdoors,Dart Gun,Michigan Ave,Commercial,2020,Qtr 2,April,1,2020,41,Chicago,164,655.59
2020-04-01 00:00:00,Sports & Outdoors,Dart Gun,Millenium,Downtown,2020,Qtr 2,April,1,2020,82,Chicago,328,1311.18
2020-04-01 00:00:00,Sports & Outdoors,Mini Ping Pong,JFK,Airport,2020,Qtr 2,April,1,2020,12,New York,36,119.88
2020-04-01 00:00:00,Sports & Outdoors,Mini Ping Pong,Lincoln Park,Residential,2020,Qtr 2,April,1,2020,71,Chicago,213,709.29
2020-04-01 00:00:00,Sports & Outdoors,Nerf Gun,Fifth Avenue,Commercial,2020,Qtr 2,April,1,2020,29,New York,144.99999999999994,579.7099999999999
2020-04-01 00:00:00,Sports & Outdoors,Nerf Gun,Hollywood,Commercial,2020,Qtr 2,April,1,2020,8,Los Angeles,39.999999999999986,159.92
2020-04-01 00:00:00,Sports & Outdoors,Nerf Gun,JFK,Airport,2020,Qtr 2,April,1,2020,27,New York,134.99999999999994,539.7299999999999
2020-04-01 00:00:00,Sports & Outdoors,Splash Balls,Fifth Avenue,Commercial,2020,Qtr 2,April,1,2020,311,New York,311,2795.89
2020-04-01 00:00:00,Sports & Outdoors,Splash Balls,JFK,Airport,2020,Qtr 2,April,1,2020,72,New York,72,647.28
2020-04-01 00:00:00,Sports & Outdoors,Splash Balls,Lincoln Park,Residential,2020,Qtr 2,April,1,2020,63,Chicago,63,566.37
2020-04-01 00:00:00,Sports & Outdoors,Splash Balls,Michigan Ave,Commercial,2020,Qtr 2,April,1,2020,58,Chicago,58,521.42
2020-04-01 00:00:00,Sports & Outdoors,Water Gun,Fifth Avenue,Commercial,2020,Qtr 2,April,1,2020,13,New York,39,194.87
2020-04-01 00:00:00,Sports & Outdoors,Water Gun,JFK,Airport,2020,Qtr 2,April,1,2020,13,New York,39,194.87
2020-04-01 00:00:00,Sports & Outdoors,Water Gun,Lincoln Park,Residential,2020,Qtr 2,April,1,2020,40,Chicago,120,599.6
2020-04-01 00:00:00,Sports & Outdoors,Water Gun,Michigan Ave,Commercial,2020,Qtr 2,April,1,2020,19,Chicago,57,284.81
2020-04-01 00:00:00,Toys,Action Figure,Beverly Hills,Residential,2020,Qtr 2,April,1,2020,57,Los Angeles,159,1011.4300000000001
2020-04-01 00:00:00,Toys,Action Figure,Fifth Avenue,Commercial,2020,Qtr 2,April,1,2020,161,New York,966,2574.39
2020-04-01 00:00:00,Toys,Action Figure,Lincoln Park,Residential,2020,Qtr 2,April,1,2020,109,Chicago,654,1742.91
2020-04-01 00:00:00,Toys,Action Figure,Michigan Ave,Commercial,2020,Qtr 2,April,1,2020,118,Chicago,708,1886.82
2020-04-01 00:00:00,Toys,Animal Figures,Fifth Avenue,Commercial,2020,Qtr 2,April,1,2020,66,New York,198,857.34
2020-04-01 00:00:00,Toys,Animal Figures,Lincoln Park,Residential,2020,Qtr 2,April,1,2020,41,Chicago,123,532.59
2020-04-01 00:00:00,Toys,Animal Figures,Michigan Ave,Commercial,2020,Qtr 2,April,1,2020,157,Chicago,471,2039.43
2020-04-01 00:00:00,Toys,Dino Egg,Fifth Avenue,Commercial,2020,Qtr 2,April,1,2020,40,New York,40,439.6
2020-04-01 00:00:00,Toys,Dino Egg,Lincoln Park,Residential,2020,Qtr 2,April,1,2020,31,Chicago,31,340.69
2020-04-01 00:00:00,Toys,Dino Egg,Michigan Ave,Commercial,2020,Qtr 2,April,1,2020,27,Chicago,27,296.73
2020-04-01 00:00:00,Toys,Dinosaur Figures,Fifth Avenue,Commercial,2020,Qtr 2,April,1,2020,13,New York,52,194.87
2020-04-01 00:00:00,Toys,Dinosaur Figures,JFK,Airport,2020,Qtr 2,April,1,2020,23,New York,92,344.77
2020-04-01 00:00:00,Toys,Dinosaur Figures,Michigan Ave,Commercial,2020,Qtr 2,April,1,2020,44,Chicago,176,659.5600000000001
2020-04-01 00:00:00,Toys,Hot Wheels Pack,Fifth Avenue,Commercial,2020,Qtr 2,April,1,2020,14,New York,28,83.86
2020-04-01 00:00:00,Toys,Hot Wheels Pack,JFK,Airport,2020,Qtr 2,April,1,2020,26,New York,52,155.74
2020-04-01 00:00:00,Toys,Hot Wheels Pack,Lincoln Park,Residential,2020,Qtr 2,April,1,2020,14,Chicago,28,83.86
2020-04-01 00:00:00,Toys,Hot Wheels Pack,Michigan Ave,Commercial,2020,Qtr 2,April,1,2020,18,Chicago,36,107.82000000000001
2020-04-01 00:00:00,Toys,Lego Bricks,Fifth Avenue,Commercial,2020,Qtr 2,April,1,2020,164,New York,820,6558.360000000001
2020-04-01 00:00:00,Toys,Lego Bricks,JFK,Airport,2020,Qtr 2,April,1,2020,32,New York,160,1279.68
2020-04-01 00:00:00,Toys,Lego Bricks,Lincoln Park,Residential,2020,Qtr 2,April,1,2020,36,Chicago,180,1439.64
2020-04-01 00:00:00,Toys,Lego Bricks,Michigan Ave,Commercial,2020,Qtr 2,April,1,2020,160,Chicago,800,6398.400000000001
2020-04-01 00:00:00,Toys,Teddy Bear,Lincoln Park,Residential,2020,Qtr 2,April,1,2020,6,Chicago,12,77.94
2020-04-02 00:00:00,Art & Crafts,Kids Makeup Kit,Millenium,Downtown,2020,Qtr 2,April,2,2020,29,Chicago,460,679.7099999999999
2020-04-02 00:00:00,Art & Crafts,PlayDoh Can,Hollywood,Commercial,2020,Qtr 2,April,2,2020,40,Los Angeles,40.00000000000001,119.60000000000001
2020-04-02 00:00:00,Electronics,Colorbuds,Hollywood,Commercial,2020,Qtr 2,April,2,2020,42,Los Angeles,128,729.58
2020-04-02 00:00:00,Games,Chutes & Ladders,Lincoln Park,Residential,2020,Qtr 2,April,2,2020,39,Chicago,268,606.61
2020-04-02 00:00:00,Games,Deck Of Cards,Millenium,Downtown,2020,Qtr 2,April,2,2020,220,Chicago,660,1537.8
2020-04-02 00:00:00,Games,Glass Marbles,Times Square,Downtown,2020,Qtr 2,April,2,2020,47,New York,196,616.53
2020-04-02 00:00:00,Sports & Outdoors,Dart Gun,Michigan Ave,Commercial,2020,Qtr 2,April,2,2020,26,Chicago,177,515.74
2020-04-02 00:00:00,Sports & Outdoors,Mini Ping Pong Set,LAX,Airport,2020,Qtr 2,April,2,2020,14,Los Angeles,154.99999999999997,239.86
2020-04-02 00:00:00,Sports & Outdoors,Splash Balls,LAX,Airport,2020,Qtr 2,April,2,2020,66,Los Angeles,66,593.34
2020-04-02 00:00:00,Sports & Outdoors,Splash Balls,O'Hare,Airport,2020,Qtr 2,April,2,2020,100,Chicago,90,999
2020-04-02 00:00:00,Toys,Action Figure,Beverly Hills,Residential,2020,Qtr 2,April,2,2020,99,Los Angeles,594,1583.01
2020-04-02 00:00:00,Toys,Animal Figures,Beverly Hills,Residential,2020,Qtr 2,April,2,2020,33,Los Angeles,218,528.6700000000001
2020-04-03 00:00:00,Art & Crafts,Barrel O' Slime,Beverly Hills,Residential,2020,Qtr 2,April,3,2020,79,Los Angeles,114,415.21000000000004
2020-04-03 00:00:00,Art & Crafts,PlayDoh Toolkit,Hollywood,Commercial,2020,Qtr 2,April,3,2020,12,Los Angeles,12,59.88
2020-04-03 00:00:00,Electronics,Colorbuds,Lincoln Park,Residential,2020,Qtr 2,April,3,2020,26,Chicago,188,489.74
2020-04-03 00:00:00,Games,Deck Of Cards,Michigan Ave,Commercial,2020,Qtr 2,April,3,2020,39,Chicago,166,372.61
2020-04-03 00:00:00,Sports & Outdoors,Dart Gun,Hollywood,Commercial,2020,Qtr 2,April,3,2020,17,Los Angeles,483,371.83
2020-04-03 00:00:00,Sports & Outdoors,Nerf Gun,LAX,Airport,2020,Qtr 2,April,3,2020,19,Los Angeles,191.00000000000003,479.80999999999995
2020-04-03 00:00:00,Sports & Outdoors,Supersoaker Water Gun,O'Hare,Airport,2020,Qtr 2,April,3,2020,10,Chicago,74,249.9
2020-04-03 00:00:00,Sports & Outdoors,Water Gun,LAX,Airport,2020,Qtr 2,April,3,2020,37,Los Angeles,111,554.63
2020-04-03 00:00:00,Toys,Animal Figures,Beverly Hills,Residential,2020,Qtr 2,April,3,2020,48,Los Angeles,144,623.52
2020-04-03 00:00:00,Toys,Dino Egg,Millenium,Downtown,2020,Qtr 2,April,3,2020,48,Chicago,48,527.52
2020-04-03 00:00:00,Toys,Hot Wheels 5-Pack,Times Square,Downtown,2020,Qtr 2,April,3,2020,68,New York,185.99999999999994,507.32
2020-04-03 00:00:00,Toys,Lego Bricks,Millenium,Downtown,2020,Qtr 2,April,3,2020,80,Chicago,268,3299.2000000000003
2020-04-04 00:00:00,Art & Crafts,Kids Makeup Kit,Times Square,Downtown,2020,Qtr 2,April,4,2020,21,New York,550,519.79
2020-04-04 00:00:00,Art & Crafts,Magic Sand,Millenium,Downtown,2020,Qtr 2,April,4,2020,104,Chicago,267,1762.96
2020-04-04 00:00:00,Art & Crafts,PlayDoh Can,LAX,Airport,2020,Qtr 2,April,4,2020,131,Los Angeles,88,491.69000000000005
2020-04-04 00:00:00,Games,Chutes & Ladders,Beverly Hills,Residential,2020,Qtr 2,April,4,2020,18,Los Angeles,110,333.82
2020-04-04 00:00:00,Games,Classic Dominoes,Beverly Hills,Residential,2020,Qtr 2,April,4,2020,23,Los Angeles,46,229.77
2020-04-04 00:00:00,Games,Deck Of Cards,Hollywood,Commercial,2020,Qtr 2,April,4,2020,141,Los Angeles,126,1085.5900000000001
2020-04-04 00:00:00,Games,Rubik's Cube,Hollywood,Commercial,2020,Qtr 2,April,4,2020,24,Los Angeles,48,479.76
2020-04-04 00:00:00,Sports & Outdoors,Dart Gun,Lincoln Park,Residential,2020,Qtr 2,April,4,2020,32,Chicago,108,611.6800000000001
2020-04-04 00:00:00,Toys,Dino Egg,Michigan Ave,Commercial,2020,Qtr 2,April,4,2020,106,Chicago,68,1264.94
2020-04-04 00:00:00,Toys,Dinosaur Figures,Millenium,Downtown,2020,Qtr 2,April,4,2020,148,Chicago,592,2218.52
2020-04-04 00:00:00,Toys,Teddy Bear,LAX,Airport,2020,Qtr 2,April,4,2020,1,Los Angeles,2,12.99
2020-04-04 00:00:00,Toys,Teddy Bear,O'Hare,Airport,2020,Qtr 2,April,4,2020,7,Chicago,85,190.93
2020-04-05 00:00:00,Art & Crafts,PlayDoh Playset,LAX,Airport,2020,Qtr 2,April,5,2020,7,Los Angeles,97,274.92999999999995
2020-04-05 00:00:00,Electronics,Toy Robot,LAX,Airport,2020,Qtr 2,April,5,2020,3,Los Angeles,15,77.97
2020-04-05 00:00:00,Electronics,Toy Robot,O'Hare,Airport,2020,Qtr 2,April,5,2020,5,Chicago,90,229.95
2020-04-05 00:00:00,Games,Classic Dominoes,Beverly Hills,Residential,2020,Qtr 2,April,5,2020,25,Los Angeles,908,349.75
2020-04-05 00:00:00,Games,Deck Of Cards,Lincoln Park,Residential,2020,Qtr 2,April,5,2020,16,Chicago,146,211.84
2020-04-05 00:00:00,Games,Glass Marbles,Millenium,Downtown,2020,Qtr 2,April,5,2020,27,Chicago,135,296.73
2020-04-05 00:00:00,Sports & Outdoors,Dart Gun,Beverly Hills,Residential,2020,Qtr 2,April,5,2020,28,Los Angeles,112,447.72
2020-04-05 00:00:00,Sports & Outdoors,Mini Ping Pong Set,Millenium,Downtown,2020,Qtr 2,April,5,2020,69,Chicago,113.99999999999999,789.3100000000001
2020-04-05 00:00:00,Sports & Outdoors,Splash Balls,Hollywood,Commercial,2020,Qtr 2,April,5,2020,48,Los Angeles,48,431.52
2020-04-05 00:00:00,Toys,Dino Egg,Hollywood,Commercial,2020,Qtr 2,April,5,2020,66,Los Angeles,92,825.34
2020-04-05 00:00:00,Toys,Dinosaur Figures,Michigan Ave,Commercial,2020,Qtr 2,April,5,2020,2,Chicago,219.99999999999997,129.98
2020-04-05 00:00:00,Toys,Lego Bricks,Times Square,Downtown,2020,Qtr 2,April,5,2020,98,New York,388,4019.02
2020-04-06 00:00:00,Art & Crafts,Etch A Sketch,Michigan Ave,Commercial,2020,Qtr 2,April,6,2020,16,Chicago,131.99999999999997,435.84
2020-04-06 00:00:00,Art & Crafts,Magic Sand,Times Square,Downtown,2020,Qtr 2,April,6,2020,164,New York,213,2722.36
2020-04-06 00:00:00,Art & Crafts,PlayDoh Toolkit,LAX,Airport,2020,Qtr 2,April,6,2020,37,Los Angeles,382,284.63
2020-04-06 00:00:00,Electronics,Colorbuds,Beverly Hills,Residential,2020,Qtr 2,April,6,2020,106,Los Angeles,84,1688.94
2020-04-06 00:00:00,Games,Deck Of Cards,Beverly Hills,Residential,2020,Qtr 2,April,6,2020,164,Los Angeles,492,1146.3600000000001
2020-04-06 00:00:00,Games,Monopoly,Millenium,Downtown,2020,Qtr 2,April,6,2020,9,Chicago,165,279.90999999999997
2020-04-06 00:00:00,Sports & Outdoors,Water Gun,Hollywood,Commercial,2020,Qtr 2,April,6,2020,27,Los Angeles,81,404.73
2020-04-06 00:00:00,Toys,Action Figure,JFK,Airport,2020,Qtr 2,April,6,2020,5,New York,150,179.95
2020-04-06 00:00:00,Toys,Action Figure,O'Hare,Airport,2020,Qtr 2,April,6,2020,68,Chicago,408,1087.32
2020-04-06 00:00:00,Toys,Dino Egg,Lincoln Park,Residential,2020,Qtr 2,April,6,2020,86,Chicago,324,1045.1399999999999
2020-04-06 00:00:00,Toys,Dinosaur Figures,Hollywood,Commercial,2020,Qtr 2,April,6,2020,8,Los Angeles,66,219.92000000000002
2020-04-06 00:00:00,Toys,Hot Wheels Pack,Millenium,Downtown,2020,Qtr 2,April,6,2020,9,Chicago,18,53.910000000000004
2020-04-07 00:00:00,Art & Crafts,Barrel O' Slime,JFK,Airport,2020,Qtr 2,April,7,2020,45,New York,196,279.55
2020-04-07 00:00:00,Art & Crafts,Kids Makeup Kit,Millenium,Downtown,2020,Qtr 2,April,7,2020,48,Chicago,287.9999999999999,959.52
2020-04-07 00:00:00,Art & Crafts,Playfoam,LAX,Airport,2020,Qtr 2,April,7,2020,46,Los Angeles,154,605.54
2020-04-07 00:00:00,Electronics,Gamer Headphones,Hollywood,Commercial,2020,Qtr 2,April,7,2020,1,Los Angeles,105,120.99
2020-04-07 00:00:00,Electronics,Gamer Headphones,Michigan Ave,Commercial,2020,Qtr 2,April,7,2020,12,Chicago,150,351.88
2020-04-07 00:00:00,Sports & Outdoors,Dart Gun,Beverly Hills,Residential,2020,Qtr 2,April,7,2020,6,Los Angeles,267,195.94
2020-04-07 00:00:00,Sports & Outdoors,Mini Ping Pong Set,Times Square,Downtown,2020,Qtr 2,April,7,2020,51,New York,131.99999999999997,609.49
2020-04-07 00:00:00,Toys,Action Figure,Times Square,Downtown,2020,Qtr 2,April,7,2020,74,New York,444,1183.26
2020-04-07 00:00:00,Toys,Animal Figures,O'Hare,Airport,2020,Qtr 2,April,7,2020,22,Chicago,66,285.78000000000003
2020-04-07 00:00:00,Toys,Dino Egg,Beverly Hills,Residential,2020,Qtr 2,April,7,2020,52,Los Angeles,52,571.48
2020-04-07 00:00:00,Toys,Dinosaur Figures,Lincoln Park,Residential,2020,Qtr 2,April,7,2020,66,Chicago,100,1089.3400000000001
2020-04-07 00:00:00,Toys,Mr. Potatohead,Millenium,Downtown,2020,Qtr 2,April,7,2020,21,Chicago,359.9999999999999,309.78999999999996
2020-04-08 00:00:00,Art & Crafts,Etch A Sketch,Lincoln Park,Residential,2020,Qtr 2,April,8,2020,4,Chicago,192,183.95999999999998
2020-04-08 00:00:00,Electronics,Colorbuds,JFK,Airport,2020,Qtr 2,April,8,2020,17,New York,108,354.83000000000004
2020-04-08 00:00:00,Electronics,Colorbuds,O'Hare,Airport,2020,Qtr 2,April,8,2020,517,Chicago,4136,7749.83
2020-04-08 00:00:00,Games,Deck Of Cards,Beverly Hills,Residential,2020,Qtr 2,April,8,2020,69,Los Angeles,151,582.31
2020-04-08 00:00:00,Games,Glass Marbles,Hollywood,Commercial,2020,Qtr 2,April,8,2020,9,Los Angeles,136,198.91
2020-04-08 00:00:00,Games,Glass Marbles,Michigan Ave,Commercial,2020,Qtr 2,April,8,2020,18,Chicago,68,297.82
2020-04-08 00:00:00,Games,Monopoly,Times Square,Downtown,2020,Qtr 2,April,8,2020,12,New York,145,339.88
2020-04-08 00:00:00,Games,Rubik's Cube,LAX,Airport,2020,Qtr 2,April,8,2020,47,Los Angeles,75,1039.53
2020-04-08 00:00:00,Sports & Outdoors,Nerf Gun,Millenium,Downtown,2020,Qtr 2,April,8,2020,60,Chicago,137,1299.3999999999999
2020-04-08 00:00:00,Toys,Animal Figures,Times Square,Downtown,2020,Qtr 2,April,8,2020,11,New York,33,142.89000000000001
2020-04-08 00:00:00,Toys,Dinosaur Figures,Beverly Hills,Residential,2020,Qtr 2,April,8,2020,111,Los Angeles,444,1663.89
2020-04-08 00:00:00,Toys,Lego Bricks,Millenium,Downtown,2020,Qtr 2,April,8,2020,153,Chicago,765,6118.47
2020-04-09 00:00:00,Art & Crafts,PlayDoh Can,Millenium,Downtown,2020,Qtr 2,April,9,2020,77,Chicago,116,330.23
2020-04-09 00:00:00,Games,Classic Dominoes,Times Square,Downtown,2020,Qtr 2,April,9,2020,38,New York,76,379.62
2020-04-09 00:00:00,Games,Glass Marbles,Beverly Hills,Residential,2020,Qtr 2,April,9,2020,94,Los Angeles,470,1033.06
2020-04-09 00:00:00,Sports & Outdoors,Dart Gun,JFK,Airport,2020,Qtr 2,April,9,2020,12,New York,411,291.88
2020-04-09 00:00:00,Sports & Outdoors,Dart Gun,O'Hare,Airport,2020,Qtr 2,April,9,2020,39,Chicago,156,623.61
2020-04-09 00:00:00,Sports & Outdoors,Foam Disk Launcher,Lincoln Park,Residential,2020,Qtr 2,April,9,2020,44,Chicago,66,627.5600000000001
2020-04-09 00:00:00,Sports & Outdoors,Nerf Gun,Millenium,Downtown,2020,Qtr 2,April,9,2020,10,Chicago,49.999999999999986,199.89999999999998
2020-04-09 00:00:00,Sports & Outdoors,Splash Balls,LAX,Airport,2020,Qtr 2,April,9,2020,15,Los Angeles,90,234.85
2020-04-09 00:00:00,Toys,Dino Egg,Beverly Hills,Residential,2020,Qtr 2,April,9,2020,91,Los Angeles,152,1100.0900000000001
2020-04-09 00:00:00,Toys,Hot Wheels 5-Pack,Hollywood,Commercial,2020,Qtr 2,April,9,2020,38,Los Angeles,80,327.62
2020-04-09 00:00:00,Toys,Hot Wheels 5-Pack,Michigan Ave,Commercial,2020,Qtr 2,April,9,2020,4,Chicago,131.99999999999997,123.96000000000001
2020-04-09 00:00:00,Toys,Mr. Potatohead,Times Square,Downtown,2020,Qtr 2,April,9,2020,17,New York,89.99999999999999,269.83000000000004
2020-04-10 00:00:00,Art & Crafts,Kids Makeup Kit,Beverly Hills,Residential,2020,Qtr 2,April,10,2020,67,Los Angeles,401.9999999999999,1339.33
2020-04-10 00:00:00,Art & Crafts,Kids Makeup Kit,Michigan Ave,Commercial,2020,Qtr 2,April,10,2020,12,Chicago,105,339.88
2020-04-10 00:00:00,Art & Crafts,PlayDoh Can,Millenium,Downtown,2020,Qtr 2,April,10,2020,202,Chicago,202.00000000000006,603.98
2020-04-10 00:00:00,Art & Crafts,PlayDoh Playset,Millenium,Downtown,2020,Qtr 2,April,10,2020,14,Chicago,116,449.85999999999996
2020-04-10 00:00:00,Electronics,Colorbuds,Times Square,Downtown,2020,Qtr 2,April,10,2020,180,New York,1440,2698.2
2020-04-10 00:00:00,Electronics,Gamer Headphones,Lincoln Park,Residential,2020,Qtr 2,April,10,2020,1,Chicago,190,120.99
2020-04-10 00:00:00,Games,Deck Of Cards,JFK,Airport,2020,Qtr 2,April,10,2020,117,New York,99,917.83
2020-04-10 00:00:00,Games,Deck Of Cards,O'Hare,Airport,2020,Qtr 2,April,10,2020,329,Chicago,987,2299.71
2020-04-10 00:00:00,Sports & Outdoors,Nerf Gun,Times Square,Downtown,2020,Qtr 2,April,10,2020,6,New York,323.00000000000006,219.94
2020-04-10 00:00:00,Toys,Dinosaur Figures,Beverly Hills,Residential,2020,Qtr 2,April,10,2020,23,Los Angeles,239.99999999999997,800100
2020-04-10 00:00:00,Toys,Lego Bricks,Hollywood,Commercial,2020,Qtr 2,April,10,2020,4,Los Angeles,354,259.96000000000004
2020-04-10 00:00:00,Toys,Teddy Bear,LAX,Airport,2020,Qtr 2,April,10,2020,15,Los Angeles,130,294.85
2020-04-11 00:00:00,Art & Crafts,Etch A Sketch,Beverly Hills,Residential,2020,Qtr 2,April,11,2020,18,Los Angeles,126,477.82
2020-04-11 00:00:00,Art & Crafts,Magic Sand,Hollywood,Commercial,2020,Qtr 2,April,11,2020,147,Los Angeles,75,2450.53
2020-04-11 00:00:00,Art & Crafts,PlayDoh Can,Times Square,Downtown,2020,Qtr 2,April,11,2020,263,New York,80,886.37
2020-04-11 00:00:00,Art & Crafts,PlayDoh Toolkit,Millenium,Downtown,2020,Qtr 2,April,11,2020,68,Chicago,68,339.32
2020-04-11 00:00:00,Art & Crafts,Playfoam,Millenium,Downtown,2020,Qtr 2,April,11,2020,8,Chicago,184,187.92000000000002
2020-04-11 00:00:00,Electronics,Toy Robot,LAX,Airport,2020,Qtr 2,April,11,2020,14,Los Angeles,204,463.85999999999996
2020-04-11 00:00:00,Games,Glass Marbles,Lincoln Park,Residential,2020,Qtr 2,April,11,2020,26,Chicago,104,385.74
2020-04-11 00:00:00,Sports & Outdoors,Dart Gun,Times Square,Downtown,2020,Qtr 2,April,11,2020,99,New York,396,1583.01
2020-04-11 00:00:00,Toys,Dino Egg,JFK,Airport,2020,Qtr 2,April,11,2020,39,New York,290,528.61
2020-04-11 00:00:00,Toys,Dino Egg,O'Hare,Airport,2020,Qtr 2,April,11,2020,12,Chicago,12,131.88
2020-04-11 00:00:00,Toys,Lego Bricks,Beverly Hills,Residential,2020,Qtr 2,April,11,2020,59,Los Angeles,295,2359.4100000000003
2020-04-11 00:00:00,Toys,Lego Bricks,Michigan Ave,Commercial,2020,Qtr 2,April,11,2020,9,Chicago,116,459.91
2020-04-12 00:00:00,Art & Crafts,Etch A Sketch,JFK,Airport,2020,Qtr 2,April,12,2020,23,New York,75,582.77
2020-04-12 00:00:00,Art & Crafts,Magic Sand,Michigan Ave,Commercial,2020,Qtr 2,April,12,2020,28,Chicago,105,547.72
2020-04-12 00:00:00,Art & Crafts,PlayDoh Playset,Times Square,Downtown,2020,Qtr 2,April,12,2020,5,New York,66,224.95
2020-04-12 00:00:00,Games,Deck Of Cards,Times Square,Downtown,2020,Qtr 2,April,12,2020,226,New York,678,1579.74
2020-04-12 00:00:00,Games,Rubik's Cube,Millenium,Downtown,2020,Qtr 2,April,12,2020,203,Chicago,411,4157.969999999999
2020-04-12 00:00:00,Sports & Outdoors,Foam Disk Launcher,Beverly Hills,Residential,2020,Qtr 2,April,12,2020,22,Los Angeles,125.99999999999999,363.78000000000003
2020-04-12 00:00:00,Sports & Outdoors,Mini Ping Pong,Beverly Hills,Residential,2020,Qtr 2,April,12,2020,53,Los Angeles,159,529.47
2020-04-12 00:00:00,Sports & Outdoors,Mini Ping Pong Set,Hollywood,Commercial,2020,Qtr 2,April,12,2020,5,Los Angeles,105,149.95
2020-04-12 00:00:00,Toys,Action Figure,O'Hare,Airport,2020,Qtr 2,April,12,2020,24,Chicago,135,483.76
2020-04-12 00:00:00,Toys,Dinosaur Figures,O'Hare,Airport,2020,Qtr 2,April,12,2020,12,Chicago,48,179.88
2020-04-12 00:00:00,Toys,Hot Wheels 5-Pack,Lincoln Park,Residential,2020,Qtr 2,April,12,2020,22,Chicago,473.9999999999999,231.78
2020-04-13 00:00:00,Art & Crafts,Kids Makeup Kit,Lincoln Park,Residential,2020,Qtr 2,April,13,2020,69,Chicago,185,1479.31
2020-04-13 00:00:00,Art & Crafts,PlayDoh Toolkit,Times Square,Downtown,2020,Qtr 2,April,13,2020,6,New York,655,129.94
2020-04-13 00:00:00,Electronics,Gamer Headphones,Beverly Hills,Residential,2020,Qtr 2,April,13,2020,11,Los Angeles,150,330.89
2020-04-13 00:00:00,Games,Glass Marbles,O'Hare,Airport,2020,Qtr 2,April,13,2020,98,Chicago,490,1077.02
2020-04-13 00:00:00,Sports & Outdoors,Foam Disk Launcher,JFK,Airport,2020,Qtr 2,April,13,2020,5,New York,449.9999999999999,159.95
2020-04-13 00:00:00,Sports & Outdoors,Mini Ping Pong Set,Michigan Ave,Commercial,2020,Qtr 2,April,13,2020,15,Chicago,135,249.85
2020-04-13 00:00:00,Sports & Outdoors,Nerf Gun,Beverly Hills,Residential,2020,Qtr 2,April,13,2020,3,Los Angeles,14.999999999999995,59.97
2020-04-13 00:00:00,Sports & Outdoors,Splash Balls,Millenium,Downtown,2020,Qtr 2,April,13,2020,311,Chicago,316,2895.89
2020-04-13 00:00:00,Toys,Animal Figures,O'Hare,Airport,2020,Qtr 2,April,13,2020,25,Chicago,330,424.75
2020-04-13 00:00:00,Toys,Dino Egg,Times Square,Downtown,2020,Qtr 2,April,13,2020,38,New York,38,417.62
2020-04-13 00:00:00,Toys,Mr. Potatohead,Hollywood,Commercial,2020,Qtr 2,April,13,2020,9,Los Angeles,134.99999999999997,189.91
2020-04-14 00:00:00,Art & Crafts,Barrel O' Slime,O'Hare,Airport,2020,Qtr 2,April,14,2020,135,Chicago,548,638.65
2020-04-14 00:00:00,Art & Crafts,PlayDoh Can,Beverly Hills,Residential,2020,Qtr 2,April,14,2020,71,Los Angeles,71.00000000000001,212.29000000000002
2020-04-14 00:00:00,Art & Crafts,Playfoam,Times Square,Downtown,2020,Qtr 2,April,14,2020,85,New York,82,1034.15
2020-04-14 00:00:00,Electronics,Gamer Headphones,JFK,Airport,2020,Qtr 2,April,14,2020,65,New York,250,1464.35
2020-04-14 00:00:00,Games,Glass Marbles,Beverly Hills,Residential,2020,Qtr 2,April,14,2020,18,Los Angeles,90,297.82
2020-04-14 00:00:00,Sports & Outdoors,Nerf Gun,Hollywood,Commercial,2020,Qtr 2,April,14,2020,15,Los Angeles,96,399.84999999999997
2020-04-14 00:00:00,Sports & Outdoors,Water Gun,Millenium,Downtown,2020,Qtr 2,April,14,2020,24,Chicago,72,359.76
2020-04-14 00:00:00,Toys,Dinosaur Figures,Times Square,Downtown,2020,Qtr 2,April,14,2020,14,New York,56,209.86
2020-04-14 00:00:00,Toys,Hot Wheels Pack,O'Hare,Airport,2020,Qtr 2,April,14,2020,52,Chicago,104,311.48
2020-04-14 00:00:00,Toys,Lego Bricks,Lincoln Park,Residential,2020,Qtr 2,April,14,2020,25,Chicago,286,1099.75
2020-04-14 00:00:00,Toys,Mr. Potatohead,Michigan Ave,Commercial,2020,Qtr 2,April,14,2020,15,Chicago,249.99999999999994,249.85
2020-04-14 00:00:00,Toys,Teddy Bear,Millenium,Downtown,2020,Qtr 2,April,14,2020,7,Chicago,165,190.93
2020-04-15 00:00:00,Art & Crafts,Kids Makeup Kit,O'Hare,Airport,2020,Qtr 2,April,15,2020,13,Chicago,77.99999999999997,259.87
2020-04-15 00:00:00,Art & Crafts,Magic Sand,Lincoln Park,Residential,2020,Qtr 2,April,15,2020,113,Chicago,648,1906.8700000000001
2020-04-15 00:00:00,Art & Crafts,PlayDoh Can,Hollywood,Commercial,2020,Qtr 2,April,15,2020,36,Los Angeles,93,207.64000000000001
2020-04-15 00:00:00,Art & Crafts,PlayDoh Toolkit,Beverly Hills,Residential,2020,Qtr 2,April,15,2020,23,Los Angeles,23,114.77000000000001
2020-04-15 00:00:00,Electronics,Colorbuds,O'Hare,Airport,2020,Qtr 2,April,15,2020,61,Chicago,264,1014.39
2020-04-15 00:00:00,Electronics,Toy Robot,Millenium,Downtown,2020,Qtr 2,April,15,2020,21,Chicago,138,645.79
2020-04-15 00:00:00,Games,Glass Marbles,JFK,Airport,2020,Qtr 2,April,15,2020,38,New York,156,517.62
2020-04-15 00:00:00,Games,Glass Marbles,Times Square,Downtown,2020,Qtr 2,April,15,2020,28,New York,140,307.72
2020-04-15 00:00:00,Games,Rubik's Cube,Times Square,Downtown,2020,Qtr 2,April,15,2020,11,New York,63,319.89
2020-04-15 00:00:00,Sports & Outdoors,Nerf Gun,Michigan Ave,Commercial,2020,Qtr 2,April,15,2020,38,Chicago,122.00000000000001,859.6199999999999
2020-04-15 00:00:00,Toys,Hot Wheels 5-Pack,Beverly Hills,Residential,2020,Qtr 2,April,15,2020,15,Los Angeles,299.99999999999994,189.85000000000002
2020-04-15 00:00:00,Toys,Teddy Bear,Millenium,Downtown,2020,Qtr 2,April,15,2020,8,Chicago,16,103.92
2020-04-16 00:00:00,Art & Crafts,Kids Makeup Kit,Beverly Hills,Residential,2020,Qtr 2,April,16,2020,40,Los Angeles,165,899.5999999999999
2020-04-16 00:00:00,Art & Crafts,PlayDoh Can,Michigan Ave,Commercial,2020,Qtr 2,April,16,2020,62,Chicago,71,285.38
2020-04-16 00:00:00,Art & Crafts,PlayDoh Toolkit,Hollywood,Commercial,2020,Qtr 2,April,16,2020,33,Los Angeles,396,264.67
2020-04-16 00:00:00,Electronics,Toy Robot,Millenium,Downtown,2020,Qtr 2,April,16,2020,47,Chicago,235,1221.53
2020-04-16 00:00:00,Games,Rubik's Cube,Beverly Hills,Residential,2020,Qtr 2,April,16,2020,32,Los Angeles,64,639.68
2020-04-16 00:00:00,Sports & Outdoors,Dart Gun,O'Hare,Airport,2020,Qtr 2,April,16,2020,51,Chicago,360,915.49
2020-04-16 00:00:00,Sports & Outdoors,Mini Ping Pong Set,Lincoln Park,Residential,2020,Qtr 2,April,16,2020,196,Chicago,101.99999999999999,2058.04
2020-04-16 00:00:00,Sports & Outdoors,Splash Balls,Times Square,Downtown,2020,Qtr 2,April,16,2020,3,New York,125,126.97
2020-04-16 00:00:00,Toys,Action Figure,LAX,Airport,2020,Qtr 2,April,16,2020,13,Los Angeles,96,307.87
2020-04-16 00:00:00,Toys,Hot Wheels 5-Pack,JFK,Airport,2020,Qtr 2,April,16,2020,48,New York,191.99999999999997,387.52
2020-04-16 00:00:00,Toys,Hot Wheels Pack,Times Square,Downtown,2020,Qtr 2,April,16,2020,43,New York,86,257.57
2020-04-16 00:00:00,Toys,Lego Bricks,O'Hare,Airport,2020,Qtr 2,April,16,2020,76,Chicago,380,3039.2400000000002
2020-04-17 00:00:00,Art & Crafts,Kids Makeup Kit,JFK,Airport,2020,Qtr 2,April,17,2020,22,New York,500,539.78
2020-04-17 00:00:00,Art & Crafts,Kids Makeup Kit,Times Square,Downtown,2020,Qtr 2,April,17,2020,17,New York,101.99999999999997,339.83
2020-04-17 00:00:00,Art & Crafts,PlayDoh Toolkit,Michigan Ave,Commercial,2020,Qtr 2,April,17,2020,11,Chicago,116,154.89
2020-04-17 00:00:00,Art & Crafts,Playfoam,Hollywood,Commercial,2020,Qtr 2,April,17,2020,48,Los Angeles,148,627.52
2020-04-17 00:00:00,Electronics,Toy Robot,Times Square,Downtown,2020,Qtr 2,April,17,2020,13,New York,92,437.87
2020-04-17 00:00:00,Games,Deck Of Cards,O'Hare,Airport,2020,Qtr 2,April,17,2020,100,Chicago,123,799
2020-04-17 00:00:00,Games,Monopoly,Lincoln Park,Residential,2020,Qtr 2,April,17,2020,7,Chicago,140,239.92999999999998
2020-04-17 00:00:00,Sports & Outdoors,Nerf Gun,O'Hare,Airport,2020,Qtr 2,April,17,2020,9,Chicago,44.999999999999986,179.91
2020-04-17 00:00:00,Sports & Outdoors,Splash Balls,Beverly Hills,Residential,2020,Qtr 2,April,17,2020,29,Los Angeles,29,260.71
2020-04-17 00:00:00,Toys,Action Figure,LAX,Airport,2020,Qtr 2,April,17,2020,101,Los Angeles,606,1614.99
2020-04-17 00:00:00,Toys,Animal Figures,LAX,Airport,2020,Qtr 2,April,17,2020,12,Los Angeles,178,255.88
2020-04-17 00:00:00,Toys,Lego Bricks,Beverly Hills,Residential,2020,Qtr 2,April,17,2020,21,Los Angeles,288,939.7900000000001
2020-04-18 00:00:00,Art & Crafts,Barrel O' Slime,LAX,Airport,2020,Qtr 2,April,18,2020,59,Los Angeles,1260,335.41
2020-04-18 00:00:00,Art & Crafts,Magic Sand,Beverly Hills,Residential,2020,Qtr 2,April,18,2020,114,Los Angeles,225,1922.8600000000001
2020-04-18 00:00:00,Art & Crafts,PlayDoh Can,O'Hare,Airport,2020,Qtr 2,April,18,2020,44,Chicago,44.00000000000001,131.56
2020-04-18 00:00:00,Art & Crafts,Playfoam,Michigan Ave,Commercial,2020,Qtr 2,April,18,2020,8,Chicago,93,187.92000000000002
2020-04-18 00:00:00,Games,Uno Card Game,Times Square,Downtown,2020,Qtr 2,April,18,2020,8,New York,576,163.92000000000002
2020-04-18 00:00:00,Sports & Outdoors,Water Gun,Beverly Hills,Residential,2020,Qtr 2,April,18,2020,5,Los Angeles,15,74.95
2020-04-18 00:00:00,Toys,Animal Figures,LAX,Airport,2020,Qtr 2,April,18,2020,110,Los Angeles,330,1428.9
2020-04-18 00:00:00,Toys,Dino Egg,O'Hare,Airport,2020,Qtr 2,April,18,2020,63,Chicago,144,792.37
2020-04-18 00:00:00,Toys,Lego Bricks,JFK,Airport,2020,Qtr 2,April,18,2020,88,New York,144,3619.1200000000003
2020-04-18 00:00:00,Toys,Lego Bricks,Times Square,Downtown,2020,Qtr 2,April,18,2020,99,New York,495,3959.01
2020-04-18 00:00:00,Toys,Mr. Potatohead,Lincoln Park,Residential,2020,Qtr 2,April,18,2020,16,Chicago,299.9999999999999,259.84000000000003
2020-04-18 00:00:00,Toys,Plush Pony,Hollywood,Commercial,2020,Qtr 2,April,18,2020,8,Los Angeles,114,259.91999999999996
2020-04-19 00:00:00,Art & Crafts,Magic Sand,JFK,Airport,2020,Qtr 2,April,19,2020,42,New York,99,771.58
2020-04-19 00:00:00,Art & Crafts,PlayDoh Toolkit,O'Hare,Airport,2020,Qtr 2,April,19,2020,43,Chicago,43,214.57000000000002
2020-04-19 00:00:00,Electronics,Colorbuds,LAX,Airport,2020,Qtr 2,April,19,2020,404,Los Angeles,2144,6155.96
2020-04-19 00:00:00,Electronics,Toy Robot,Beverly Hills,Residential,2020,Qtr 2,April,19,2020,7,Los Angeles,35,181.92999999999998
2020-04-19 00:00:00,Games,Rubik's Cube,Hollywood,Commercial,2020,Qtr 2,April,19,2020,27,Los Angeles,109,639.7299999999999
2020-04-19 00:00:00,Sports & Outdoors,Basketball Hoop,Times Square,Downtown,2020,Qtr 2,April,19,2020,18,New York,287.99999999999994,449.82
2020-04-19 00:00:00,Sports & Outdoors,Foam Disk Launcher,O'Hare,Airport,2020,Qtr 2,April,19,2020,28,Chicago,365.9999999999999,435.72
2020-04-19 00:00:00,Sports & Outdoors,Mini Ping Pong Set,Beverly Hills,Residential,2020,Qtr 2,April,19,2020,55,Los Angeles,113.99999999999999,649.45
2020-04-19 00:00:00,Sports & Outdoors,Nerf Gun,Lincoln Park,Residential,2020,Qtr 2,April,19,2020,48,Chicago,106,1059.52
2020-04-19 00:00:00,Toys,Action Figure,Millenium,Downtown,2020,Qtr 2,April,19,2020,86,Chicago,237,1475.14
2020-04-19 00:00:00,Toys,Plush Pony,Michigan Ave,Commercial,2020,Qtr 2,April,19,2020,3,Chicago,80,159.97
2020-04-20 00:00:00,Art & Crafts,PlayDoh Can,Lincoln Park,Residential,2020,Qtr 2,April,20,2020,46,Chicago,156,237.54000000000002
2020-04-20 00:00:00,Electronics,Gamer Headphones,O'Hare,Airport,2020,Qtr 2,April,20,2020,51,Chicago,96,1170.49
2020-04-20 00:00:00,Games,Monopoly,Beverly Hills,Residential,2020,Qtr 2,April,20,2020,9,Los Angeles,145,279.90999999999997
2020-04-20 00:00:00,Games,Rubik's Cube,Michigan Ave,Commercial,2020,Qtr 2,April,20,2020,10,Chicago,67,299.9
2020-04-20 00:00:00,Games,Rubik's Cube,O'Hare,Airport,2020,Qtr 2,April,20,2020,22,Chicago,44,439.78
2020-04-20 00:00:00,Sports & Outdoors,Dart Gun,LAX,Airport,2020,Qtr 2,April,20,2020,86,Los Angeles,724,1475.1399999999999
2020-04-20 00:00:00,Sports & Outdoors,Mini Ping Pong,Times Square,Downtown,2020,Qtr 2,April,20,2020,22,New York,66,219.78
2020-04-20 00:00:00,Sports & Outdoors,Mini Ping Pong Set,JFK,Airport,2020,Qtr 2,April,20,2020,13,New York,257.99999999999994,229.87
2020-04-20 00:00:00,Sports & Outdoors,Splash Balls,Hollywood,Commercial,2020,Qtr 2,April,20,2020,49,Los Angeles,444,540.51
2020-04-20 00:00:00,Toys,Action Figure,Hollywood,Commercial,2020,Qtr 2,April,20,2020,95,Los Angeles,570,1519.05
2020-04-20 00:00:00,Toys,Animal Figures,Millenium,Downtown,2020,Qtr 2,April,20,2020,59,Chicago,398,866.41
2020-04-21 00:00:00,Art & Crafts,Barrel O' Slime,Millenium,Downtown,2020,Qtr 2,April,21,2020,169,Chicago,110,774.3100000000001
2020-04-21 00:00:00,Art & Crafts,PlayDoh Playset,Lincoln Park,Residential,2020,Qtr 2,April,21,2020,24,Chicago,65,699.76
2020-04-21 00:00:00,Games,Deck Of Cards,LAX,Airport,2020,Qtr 2,April,21,2020,139,Los Angeles,190,1071.61
2020-04-21 00:00:00,Games,Monopoly,JFK,Airport,2020,Qtr 2,April,21,2020,33,New York,399.9999999999999,759.67
2020-04-21 00:00:00,Sports & Outdoors,Nerf Gun,Times Square,Downtown,2020,Qtr 2,April,21,2020,23,New York,114.99999999999996,459.77
2020-04-21 00:00:00,Sports & Outdoors,Splash Balls,Michigan Ave,Commercial,2020,Qtr 2,April,21,2020,7,Chicago,120,162.93
2020-04-21 00:00:00,Sports & Outdoors,Splash Balls,O'Hare,Airport,2020,Qtr 2,April,21,2020,100,Chicago,100,899
2020-04-21 00:00:00,Toys,Action Figure,Times Square,Downtown,2020,Qtr 2,April,21,2020,64,New York,258,1123.3600000000001
2020-04-21 00:00:00,Toys,Animal Figures,Hollywood,Commercial,2020,Qtr 2,April,21,2020,51,Los Angeles,153,662.49
2020-04-21 00:00:00,Toys,Hot Wheels 5-Pack,O'Hare,Airport,2020,Qtr 2,April,21,2020,18,Chicago,197.99999999999997,207.82
2020-04-21 00:00:00,Toys,Mr. Potatohead,Beverly Hills,Residential,2020,Qtr 2,April,21,2020,17,Los Angeles,394.9999999999999,269.83000000000004
2020-04-22 00:00:00,Art & Crafts,Kids Makeup Kit,O'Hare,Airport,2020,Qtr 2,April,22,2020,23,Chicago,590,559.77
2020-04-22 00:00:00,Art & Crafts,PlayDoh Can,Times Square,Downtown,2020,Qtr 2,April,22,2020,138,New York,138.00000000000003,412.62
2020-04-22 00:00:00,Art & Crafts,PlayDoh Toolkit,Lincoln Park,Residential,2020,Qtr 2,April,22,2020,5,Chicago,403,124.95
2020-04-22 00:00:00,Electronics,Colorbuds,Hollywood,Commercial,2020,Qtr 2,April,22,2020,178,Los Angeles,1424,2668.2200000000003
2020-04-22 00:00:00,Games,Classic Dominoes,Millenium,Downtown,2020,Qtr 2,April,22,2020,25,Chicago,380,349.75
2020-04-22 00:00:00,Sports & Outdoors,Nerf Gun,Beverly Hills,Residential,2020,Qtr 2,April,22,2020,67,Los Angeles,141,1439.33
2020-04-22 00:00:00,Sports & Outdoors,Nerf Gun,JFK,Airport,2020,Qtr 2,April,22,2020,68,New York,127.00000000000001,1459.32
2020-04-22 00:00:00,Sports & Outdoors,Supersoaker Water Gun,Michigan Ave,Commercial,2020,Qtr 2,April,22,2020,20,Chicago,190,399.8
2020-04-22 00:00:00,Sports & Outdoors,Water Gun,O'Hare,Airport,2020,Qtr 2,April,22,2020,40,Chicago,120,599.6
2020-04-22 00:00:00,Toys,Animal Figures,Times Square,Downtown,2020,Qtr 2,April,22,2020,66,New York,414,957.34
2020-04-22 00:00:00,Toys,Dino Egg,LAX,Airport,2020,Qtr 2,April,22,2020,143,Los Angeles,374,1671.5700000000002
2020-04-23 00:00:00,Art & Crafts,Barrel O' Slime,Times Square,Downtown,2020,Qtr 2,April,23,2020,177,New York,82,806.23
2020-04-23 00:00:00,Art & Crafts,PlayDoh Can,Beverly Hills,Residential,2020,Qtr 2,April,23,2020,81,Los Angeles,84,342.19000000000005
2020-04-23 00:00:00,Art & Crafts,PlayDoh Can,JFK,Airport,2020,Qtr 2,April,23,2020,67,New York,100,300.33000000000004
2020-04-23 00:00:00,Art & Crafts,PlayDoh Toolkit,Times Square,Downtown,2020,Qtr 2,April,23,2020,46,New York,46,229.54000000000002
2020-04-23 00:00:00,Art & Crafts,Playfoam,Lincoln Park,Residential,2020,Qtr 2,April,23,2020,49,Chicago,132,638.51
2020-04-23 00:00:00,Electronics,Colorbuds,Millenium,Downtown,2020,Qtr 2,April,23,2020,40,Chicago,252,699.6
2020-04-23 00:00:00,Electronics,Toy Robot,Michigan Ave,Commercial,2020,Qtr 2,April,23,2020,26,Chicago,138,775.74
2020-04-23 00:00:00,Electronics,Toy Robot,O'Hare,Airport,2020,Qtr 2,April,23,2020,10,Chicago,50,259.9
2020-04-23 00:00:00,Sports & Outdoors,Dart Gun,Hollywood,Commercial,2020,Qtr 2,April,23,2020,24,Los Angeles,96,383.76
2020-04-23 00:00:00,Toys,Dinosaur Figures,LAX,Airport,2020,Qtr 2,April,23,2020,140,Los Angeles,424,2198.6000000000004
2020-04-23 00:00:00,Toys,Lego Bricks,O'Hare,Airport,2020,Qtr 2,April,23,2020,106,Chicago,222,4338.9400000000005
2020-04-24 00:00:00,Art & Crafts,Etch A Sketch,LAX,Airport,2020,Qtr 2,April,24,2020,6,Los Angeles,303,225.94
2020-04-24 00:00:00,Art & Crafts,Magic Sand,O'Hare,Airport,2020,Qtr 2,April,24,2020,81,Chicago,219,1395.19
2020-04-24 00:00:00,Art & Crafts,PlayDoh Playset,JFK,Airport,2020,Qtr 2,April,24,2020,10,New York,113,349.9
2020-04-24 00:00:00,Art & Crafts,PlayDoh Toolkit,Beverly Hills,Residential,2020,Qtr 2,April,24,2020,24,Los Angeles,851,219.76
2020-04-24 00:00:00,Games,Classic Dominoes,Times Square,Downtown,2020,Qtr 2,April,24,2020,11,New York,1444,209.89
2020-04-24 00:00:00,Games,Deck Of Cards,Hollywood,Commercial,2020,Qtr 2,April,24,2020,101,Los Angeles,303,705.99
2020-04-24 00:00:00,Games,Glass Marbles,LAX,Airport,2020,Qtr 2,April,24,2020,38,Los Angeles,190,417.62
2020-04-24 00:00:00,Games,Rubik's Cube,Lincoln Park,Residential,2020,Qtr 2,April,24,2020,36,Chicago,80,819.64
2020-04-24 00:00:00,Games,Rubik's Cube,Times Square,Downtown,2020,Qtr 2,April,24,2020,50,New York,100,999.4999999999999
2020-04-24 00:00:00,Sports & Outdoors,Dart Gun,Millenium,Downtown,2020,Qtr 2,April,24,2020,48,Chicago,249,867.52
2020-04-24 00:00:00,Toys,Action Figure,Fifth Avenue,Commercial,2020,Qtr 2,April,24,2020,13,New York,474,307.87
2020-04-24 00:00:00,Toys,Action Figure,JFK,Airport,2020,Qtr 2,April,24,2020,31,New York,186,495.69
2020-04-25 00:00:00,Art & Crafts,PlayDoh Toolkit,JFK,Airport,2020,Qtr 2,April,25,2020,53,New York,592,364.47
2020-04-25 00:00:00,Art & Crafts,Playfoam,Beverly Hills,Residential,2020,Qtr 2,April,25,2020,113,Los Angeles,181,1341.8700000000001
2020-04-25 00:00:00,Electronics,Colorbuds,Times Square,Downtown,2020,Qtr 2,April,25,2020,173,New York,344,2693.27
2020-04-25 00:00:00,Games,Deck Of Cards,Millenium,Downtown,2020,Qtr 2,April,25,2020,63,Chicago,166,540.37
2020-04-25 00:00:00,Sports & Outdoors,Foam Disk Launcher,LAX,Airport,2020,Qtr 2,April,25,2020,81,Los Angeles,137.99999999999997,1071.19
2020-04-25 00:00:00,Sports & Outdoors,Mini Ping Pong Set,O'Hare,Airport,2020,Qtr 2,April,25,2020,53,Chicago,255,629.47
2020-04-25 00:00:00,Sports & Outdoors,Splash Balls,Lincoln Park,Residential,2020,Qtr 2,April,25,2020,20,Chicago,135,279.8
2020-04-25 00:00:00,Sports & Outdoors,Splash Balls,Times Square,Downtown,2020,Qtr 2,April,25,2020,24,New York,24,215.76
2020-04-25 00:00:00,Toys,Animal Figures,Fifth Avenue,Commercial,2020,Qtr 2,April,25,2020,138,New York,296,1892.6200000000001
2020-04-25 00:00:00,Toys,Animal Figures,JFK,Airport,2020,Qtr 2,April,25,2020,28,New York,84,363.72
2020-04-25 00:00:00,Toys,Dino Egg,Hollywood,Commercial,2020,Qtr 2,April,25,2020,50,Los Angeles,50,549.5
2020-04-25 00:00:00,Toys,Hot Wheels Pack,LAX,Airport,2020,Qtr 2,April,25,2020,90,Los Angeles,180,539.1
2020-04-26 00:00:00,Art & Crafts,Barrel O' Slime,Fifth Avenue,Commercial,2020,Qtr 2,April,26,2020,118,New York,204,570.82
2020-04-26 00:00:00,Art & Crafts,Kids Makeup Kit,LAX,Airport,2020,Qtr 2,April,26,2020,170,Los Angeles,1019.9999999999997,3398.2999999999997
2020-04-26 00:00:00,Art & Crafts,Playfoam,JFK,Airport,2020,Qtr 2,April,26,2020,76,New York,74,935.24
2020-04-26 00:00:00,Electronics,Gamer Headphones,LAX,Airport,2020,Qtr 2,April,26,2020,13,Los Angeles,530,372.87
2020-04-26 00:00:00,Games,Classic Dominoes,JFK,Airport,2020,Qtr 2,April,26,2020,7,New York,14,69.93
2020-04-26 00:00:00,Sports & Outdoors,Dart Gun,Times Square,Downtown,2020,Qtr 2,April,26,2020,71,New York,510,1235.29
2020-04-26 00:00:00,Sports & Outdoors,Supersoaker Water Gun,Lincoln Park,Residential,2020,Qtr 2,April,26,2020,25,Chicago,64,474.75
2020-04-26 00:00:00,Sports & Outdoors,Water Gun,Times Square,Downtown,2020,Qtr 2,April,26,2020,18,New York,54,269.82
2020-04-26 00:00:00,Toys,Dino Egg,Millenium,Downtown,2020,Qtr 2,April,26,2020,106,Chicago,216,1264.94
2020-04-26 00:00:00,Toys,Dinosaur Figures,Hollywood,Commercial,2020,Qtr 2,April,26,2020,16,Los Angeles,64,239.84
2020-04-26 00:00:00,Toys,Mr. Potatohead,O'Hare,Airport,2020,Qtr 2,April,26,2020,39,Chicago,539.9999999999998,489.61
2020-04-26 00:00:00,Toys,Plush Pony,Beverly Hills,Residential,2020,Qtr 2,April,26,2020,11,Los Angeles,89,319.89
2020-04-27 00:00:00,Electronics,Colorbuds,Fifth Avenue,Commercial,2020,Qtr 2,April,27,2020,18,New York,100,369.82
2020-04-27 00:00:00,Electronics,Colorbuds,JFK,Airport,2020,Qtr 2,April,27,2020,284,New York,2272,4257.16
2020-04-27 00:00:00,Electronics,Toy Robot,Times Square,Downtown,2020,Qtr 2,April,27,2020,11,New York,55,285.89
2020-04-27 00:00:00,Games,Deck Of Cards,Times Square,Downtown,2020,Qtr 2,April,27,2020,150,New York,99,1148.5
2020-04-27 00:00:00,Games,Glass Marbles,LAX,Airport,2020,Qtr 2,April,27,2020,94,Los Angeles,78,1133.06
2020-04-27 00:00:00,Games,Rubik's Cube,JFK,Airport,2020,Qtr 2,April,27,2020,7,New York,154,239.92999999999998
2020-04-27 00:00:00,Sports & Outdoors,Nerf Gun,O'Hare,Airport,2020,Qtr 2,April,27,2020,96,Chicago,285.00000000000006,2019.04
2020-04-27 00:00:00,Sports & Outdoors,Splash Balls,Beverly Hills,Residential,2020,Qtr 2,April,27,2020,29,Los Angeles,285,360.71
2020-04-27 00:00:00,Toys,Dinosaur Figures,Millenium,Downtown,2020,Qtr 2,April,27,2020,39,Chicago,90,684.61
2020-04-27 00:00:00,Toys,Hot Wheels Pack,Hollywood,Commercial,2020,Qtr 2,April,27,2020,66,Los Angeles,132,395.34000000000003
2020-04-27 00:00:00,Toys,Lego Bricks,LAX,Airport,2020,Qtr 2,April,27,2020,33,Los Angeles,165,1319.67
2020-04-27 00:00:00,Toys,Teddy Bear,Lincoln Park,Residential,2020,Qtr 2,April,27,2020,2,Chicago,132,125.98
2020-04-28 00:00:00,Art & Crafts,Etch A Sketch,Millenium,Downtown,2020,Qtr 2,April,28,2020,3,Chicago,205,162.97
2020-04-28 00:00:00,Art & Crafts,Kids Makeup Kit,Hollywood,Commercial,2020,Qtr 2,April,28,2020,16,Los Angeles,95.99999999999997,319.84
2020-04-28 00:00:00,Art & Crafts,PlayDoh Can,O'Hare,Airport,2020,Qtr 2,April,28,2020,225,Chicago,73,772.75
2020-04-28 00:00:00,Electronics,Toy Robot,Beverly Hills,Residential,2020,Qtr 2,April,28,2020,45,Los Angeles,264,1269.55
2020-04-28 00:00:00,Sports & Outdoors,Dart Gun,Fifth Avenue,Commercial,2020,Qtr 2,April,28,2020,10,New York,75,259.9
2020-04-28 00:00:00,Sports & Outdoors,Dart Gun,JFK,Airport,2020,Qtr 2,April,28,2020,29,New York,116,463.71
2020-04-28 00:00:00,Sports & Outdoors,Nerf Gun,LAX,Airport,2020,Qtr 2,April,28,2020,65,Los Angeles,324.9999999999999,1299.35
2020-04-28 00:00:00,Sports & Outdoors,Splash Balls,JFK,Airport,2020,Qtr 2,April,28,2020,94,New York,420,945.0600000000001
2020-04-28 00:00:00,Toys,Action Figure,Michigan Ave,Commercial,2020,Qtr 2,April,28,2020,12,Chicago,219,291.88
2020-04-28 00:00:00,Toys,Action Figure,Millenium,Downtown,2020,Qtr 2,April,28,2020,131,Chicago,786,2094.69
2020-04-28 00:00:00,Toys,Dino Egg,Times Square,Downtown,2020,Qtr 2,April,28,2020,39,New York,284,528.61
2020-04-28 00:00:00,Toys,Hot Wheels 5-Pack,LAX,Airport,2020,Qtr 2,April,28,2020,9,Los Angeles,125.99999999999999,153.91
2020-04-29 00:00:00,Art & Crafts,Kids Makeup Kit,LAX,Airport,2020,Qtr 2,April,29,2020,11,Los Angeles,550,319.89
2020-04-29 00:00:00,Art & Crafts,PlayDoh Can,LAX,Airport,2020,Qtr 2,April,29,2020,200,Los Angeles,200.00000000000006,598
2020-04-29 00:00:00,Art & Crafts,PlayDoh Toolkit,O'Hare,Airport,2020,Qtr 2,April,29,2020,13,Chicago,249,164.87
2020-04-29 00:00:00,Games,Deck Of Cards,Fifth Avenue,Commercial,2020,Qtr 2,April,29,2020,5,New York,117,134.95
2020-04-29 00:00:00,Games,Deck Of Cards,JFK,Airport,2020,Qtr 2,April,29,2020,150,New York,450,1048.5
2020-04-29 00:00:00,Games,Glass Marbles,Millenium,Downtown,2020,Qtr 2,April,29,2020,29,Chicago,170,418.71
2020-04-29 00:00:00,Toys,Action Figure,Hollywood,Commercial,2020,Qtr 2,April,29,2020,34,Los Angeles,312,643.66
2020-04-29 00:00:00,Toys,Action Figure,Lincoln Park,Residential,2020,Qtr 2,April,29,2020,60,Chicago,255,1059.4
2020-04-29 00:00:00,Toys,Animal Figures,Michigan Ave,Commercial,2020,Qtr 2,April,29,2020,53,Chicago,148,788.47
2020-04-29 00:00:00,Toys,Animal Figures,Millenium,Downtown,2020,Qtr 2,April,29,2020,63,Chicago,189,818.37
2020-04-29 00:00:00,Toys,Dinosaur Figures,Times Square,Downtown,2020,Qtr 2,April,29,2020,56,New York,150,939.44
2020-04-29 00:00:00,Toys,Lego Bricks,Hollywood,Commercial,2020,Qtr 2,April,29,2020,5,Los Angeles,25,199.95000000000002
2020-04-30 00:00:00,Art & Crafts,Barrel O' Slime,Michigan Ave,Commercial,2020,Qtr 2,April,30,2020,44,Chicago,188,275.56
2020-04-30 00:00:00,Art & Crafts,Etch A Sketch,Times Square,Downtown,2020,Qtr 2,April,30,2020,9,New York,90,288.90999999999997
2020-04-30 00:00:00,Art & Crafts,PlayDoh Toolkit,LAX,Airport,2020,Qtr 2,April,30,2020,129,Los Angeles,129,643.71
2020-04-30 00:00:00,Art & Crafts,Playfoam,O'Hare,Airport,2020,Qtr 2,April,30,2020,27,Chicago,182,396.73
2020-04-30 00:00:00,Electronics,Colorbuds,Millenium,Downtown,2020,Qtr 2,April,30,2020,123,Chicago,984,1843.77
2020-04-30 00:00:00,Toys,Animal Figures,Hollywood,Commercial,2020,Qtr 2,April,30,2020,84,Los Angeles,310,1191.16
2020-04-30 00:00:00,Toys,Animal Figures,Lincoln Park,Residential,2020,Qtr 2,April,30,2020,65,Chicago,658,944.35
2020-04-30 00:00:00,Toys,Dino Egg,Fifth Avenue,Commercial,2020,Qtr 2,April,30,2020,57,New York,608,726.4300000000001
2020-04-30 00:00:00,Toys,Dino Egg,JFK,Airport,2020,Qtr 2,April,30,2020,47,New York,47,516.53
2020-04-30 00:00:00,Toys,Hot Wheels 5-Pack,Millenium,Downtown,2020,Qtr 2,April,30,2020,55,Chicago,74,429.45
2020-04-30 00:00:00,Toys,Lego Bricks,LAX,Airport,2020,Qtr 2,April,30,2020,98,Los Angeles,354,4019.02
2020-05-01 00:00:00,Art & Crafts,Kids Makeup Kit,Fifth Avenue,Commercial,2020,Qtr 2,May,1,2020,66,New York,395.9999999999999,1319.34
2020-05-01 00:00:00,Art & Crafts,Kids Makeup Kit,JFK,Airport,2020,Qtr 2,May,1,2020,21,New York,125.99999999999996,419.78999999999996
2020-05-01 00:00:00,Art & Crafts,Kids Makeup Kit,Lincoln Park,Residential,2020,Qtr 2,May,1,2020,96,Chicago,575.9999999999998,1919.04
2020-05-01 00:00:00,Art & Crafts,Kids Makeup Kit,Michigan Ave,Commercial,2020,Qtr 2,May,1,2020,56,Chicago,335.9999999999999,1119.4399999999998
2020-05-01 00:00:00,Art & Crafts,PlayDoh Can,Fifth Avenue,Commercial,2020,Qtr 2,May,1,2020,34,New York,34.00000000000001,101.66000000000001
2020-05-01 00:00:00,Art & Crafts,PlayDoh Can,Hollywood,Commercial,2020,Qtr 2,May,1,2020,104,Los Angeles,104.00000000000003,310.96000000000004
2020-05-01 00:00:00,Art & Crafts,PlayDoh Can,JFK,Airport,2020,Qtr 2,May,1,2020,25,New York,25.000000000000007,74.75
2020-05-01 00:00:00,Art & Crafts,PlayDoh Can,Lincoln Park,Residential,2020,Qtr 2,May,1,2020,90,Chicago,90.00000000000001,269.1
2020-05-01 00:00:00,Art & Crafts,PlayDoh Can,Michigan Ave,Commercial,2020,Qtr 2,May,1,2020,18,Chicago,18.000000000000004,53.82000000000001
2020-05-01 00:00:00,Art & Crafts,PlayDoh Playset,Lincoln Park,Residential,2020,Qtr 2,May,1,2020,16,Chicago,64,399.84
2020-05-01 00:00:00,Art & Crafts,PlayDoh Toolkit,Fifth Avenue,Commercial,2020,Qtr 2,May,1,2020,21,New York,21,104.79
2020-05-01 00:00:00,Art & Crafts,PlayDoh Toolkit,JFK,Airport,2020,Qtr 2,May,1,2020,20,New York,20,99.80000000000001
2020-05-01 00:00:00,Art & Crafts,PlayDoh Toolkit,Lincoln Park,Residential,2020,Qtr 2,May,1,2020,17,Chicago,17,84.83
2020-05-01 00:00:00,Art & Crafts,PlayDoh Toolkit,Michigan Ave,Commercial,2020,Qtr 2,May,1,2020,25,Chicago,25,124.75
2020-05-01 00:00:00,Electronics,Colorbuds,Fifth Avenue,Commercial,2020,Qtr 2,May,1,2020,78,New York,624,1169.22
2020-05-01 00:00:00,Electronics,Colorbuds,Lincoln Park,Residential,2020,Qtr 2,May,1,2020,52,Chicago,416,779.48
2020-05-01 00:00:00,Electronics,Colorbuds,Michigan Ave,Commercial,2020,Qtr 2,May,1,2020,172,Chicago,1376,2578.28
2020-05-01 00:00:00,Electronics,Toy Robot,JFK,Airport,2020,Qtr 2,May,1,2020,11,New York,55,285.89
2020-05-01 00:00:00,Electronics,Toy Robot,Lincoln Park,Residential,2020,Qtr 2,May,1,2020,25,Chicago,125,649.75
2020-05-01 00:00:00,Electronics,Toy Robot,Michigan Ave,Commercial,2020,Qtr 2,May,1,2020,26,Chicago,130,675.74
2020-05-01 00:00:00,Games,Deck Of Cards,Fifth Avenue,Commercial,2020,Qtr 2,May,1,2020,39,New York,117,272.61
2020-05-01 00:00:00,Games,Deck Of Cards,Lincoln Park,Residential,2020,Qtr 2,May,1,2020,46,Chicago,138,321.54
2020-05-01 00:00:00,Games,Deck Of Cards,Michigan Ave,Commercial,2020,Qtr 2,May,1,2020,36,Chicago,108,251.64000000000001
2020-05-01 00:00:00,Games,Glass Marbles,Fifth Avenue,Commercial,2020,Qtr 2,May,1,2020,40,New York,200,439.6
2020-05-01 00:00:00,Games,Glass Marbles,JFK,Airport,2020,Qtr 2,May,1,2020,55,New York,275,604.45
2020-05-01 00:00:00,Games,Glass Marbles,Lincoln Park,Residential,2020,Qtr 2,May,1,2020,36,Chicago,180,395.64
2020-05-01 00:00:00,Games,Glass Marbles,Michigan Ave,Commercial,2020,Qtr 2,May,1,2020,11,Chicago,55,120.89
2020-05-01 00:00:00,Games,Jenga,Fifth Avenue,Commercial,2020,Qtr 2,May,1,2020,50,New York,350,499.5
2020-05-01 00:00:00,Games,Jenga,JFK,Airport,2020,Qtr 2,May,1,2020,3,New York,21,29.97
2020-05-01 00:00:00,Games,Jenga,Lincoln Park,Residential,2020,Qtr 2,May,1,2020,27,Chicago,189,269.73
2020-05-01 00:00:00,Games,Jenga,Michigan Ave,Commercial,2020,Qtr 2,May,1,2020,17,Chicago,119,169.83
2020-05-01 00:00:00,Games,Rubik's Cube,Fifth Avenue,Commercial,2020,Qtr 2,May,1,2020,1,New York,2,19.99
2020-05-01 00:00:00,Games,Rubik's Cube,JFK,Airport,2020,Qtr 2,May,1,2020,5,New York,10,99.94999999999999
2020-05-01 00:00:00,Games,Rubik's Cube,LAX,Airport,2020,Qtr 2,May,1,2020,108,Los Angeles,216,2158.9199999999996
2020-05-01 00:00:00,Games,Rubik's Cube,Lincoln Park,Residential,2020,Qtr 2,May,1,2020,32,Chicago,64,639.68
2020-05-01 00:00:00,Games,Rubik's Cube,Michigan Ave,Commercial,2020,Qtr 2,May,1,2020,75,Chicago,150,1499.2499999999998
2020-05-01 00:00:00,Games,Uno Card Game,Lincoln Park,Residential,2020,Qtr 2,May,1,2020,8,Chicago,32,63.92
2020-05-01 00:00:00,Sports & Outdoors,Basketball Hoop,JFK,Airport,2020,Qtr 2,May,1,2020,14,New York,223.99999999999997,349.85999999999996
2020-05-01 00:00:00,Sports & Outdoors,Basketball Hoop,Lincoln Park,Residential,2020,Qtr 2,May,1,2020,18,Chicago,287.99999999999994,449.82
2020-05-01 00:00:00,Sports & Outdoors,Dart Gun,Fifth Avenue,Commercial,2020,Qtr 2,May,1,2020,25,New York,100,399.75
2020-05-01 00:00:00,Sports & Outdoors,Dart Gun,Lincoln Park,Residential,2020,Qtr 2,May,1,2020,45,Chicago,180,719.55
2020-05-01 00:00:00,Sports & Outdoors,Dart Gun,Michigan Ave,Commercial,2020,Qtr 2,May,1,2020,37,Chicago,148,591.63
2020-05-01 00:00:00,Sports & Outdoors,Mini Ping Pong,JFK,Airport,2020,Qtr 2,May,1,2020,4,New York,12,39.96
2020-05-01 00:00:00,Sports & Outdoors,Mini Ping Pong,Lincoln Park,Residential,2020,Qtr 2,May,1,2020,53,Chicago,159,529.47
2020-05-01 00:00:00,Sports & Outdoors,Nerf Gun,Fifth Avenue,Commercial,2020,Qtr 2,May,1,2020,31,New York,154.99999999999994,619.6899999999999
2020-05-01 00:00:00,Sports & Outdoors,Nerf Gun,JFK,Airport,2020,Qtr 2,May,1,2020,11,New York,54.99999999999998,219.89
2020-05-01 00:00:00,Sports & Outdoors,Nerf Gun,Michigan Ave,Commercial,2020,Qtr 2,May,1,2020,41,Chicago,204.99999999999991,819.5899999999999
2020-05-01 00:00:00,Sports & Outdoors,Splash Balls,Fifth Avenue,Commercial,2020,Qtr 2,May,1,2020,361,New York,361,3245.39
2020-05-01 00:00:00,Sports & Outdoors,Splash Balls,JFK,Airport,2020,Qtr 2,May,1,2020,61,New York,61,548.39
2020-05-01 00:00:00,Sports & Outdoors,Splash Balls,Lincoln Park,Residential,2020,Qtr 2,May,1,2020,30,Chicago,30,269.7
2020-05-01 00:00:00,Sports & Outdoors,Splash Balls,Michigan Ave,Commercial,2020,Qtr 2,May,1,2020,24,Chicago,24,215.76
2020-05-01 00:00:00,Sports & Outdoors,Water Gun,Fifth Avenue,Commercial,2020,Qtr 2,May,1,2020,4,New York,12,59.96
2020-05-01 00:00:00,Sports & Outdoors,Water Gun,Lincoln Park,Residential,2020,Qtr 2,May,1,2020,7,Chicago,21,104.93
2020-05-01 00:00:00,Sports & Outdoors,Water Gun,Michigan Ave,Commercial,2020,Qtr 2,May,1,2020,28,Chicago,84,419.72
2020-05-01 00:00:00,Toys,Action Figure,Beverly Hills,Residential,2020,Qtr 2,May,1,2020,87,Los Angeles,522,1391.13
2020-05-01 00:00:00,Toys,Action Figure,Fifth Avenue,Commercial,2020,Qtr 2,May,1,2020,39,New York,234,623.61
2020-05-01 00:00:00,Toys,Action Figure,Lincoln Park,Residential,2020,Qtr 2,May,1,2020,118,Chicago,708,1886.82
2020-05-01 00:00:00,Toys,Action Figure,Michigan Ave,Commercial,2020,Qtr 2,May,1,2020,74,Chicago,444,1183.26
2020-05-01 00:00:00,Toys,Animal Figures,Fifth Avenue,Commercial,2020,Qtr 2,May,1,2020,88,New York,264,1143.1200000000001
2020-05-01 00:00:00,Toys,Animal Figures,Lincoln Park,Residential,2020,Qtr 2,May,1,2020,63,Chicago,189,818.37
2020-05-01 00:00:00,Toys,Animal Figures,Michigan Ave,Commercial,2020,Qtr 2,May,1,2020,14,Chicago,42,181.86
2020-05-01 00:00:00,Toys,Dino Egg,Fifth Avenue,Commercial,2020,Qtr 2,May,1,2020,69,New York,69,758.3100000000001
2020-05-01 00:00:00,Toys,Dino Egg,Lincoln Park,Residential,2020,Qtr 2,May,1,2020,54,Chicago,54,593.46
2020-05-01 00:00:00,Toys,Dino Egg,Michigan Ave,Commercial,2020,Qtr 2,May,1,2020,76,Chicago,76,835.24
2020-05-01 00:00:00,Toys,Dino Egg,Millenium,Downtown,2020,Qtr 2,May,1,2020,132,Chicago,132,1450.68
2020-05-01 00:00:00,Toys,Dinosaur Figures,Fifth Avenue,Commercial,2020,Qtr 2,May,1,2020,147,New York,200,2303.53
2020-05-01 00:00:00,Toys,Dinosaur Figures,JFK,Airport,2020,Qtr 2,May,1,2020,24,New York,96,359.76
2020-05-01 00:00:00,Toys,Dinosaur Figures,Lincoln Park,Residential,2020,Qtr 2,May,1,2020,16,Chicago,64,239.84
2020-05-01 00:00:00,Toys,Dinosaur Figures,Michigan Ave,Commercial,2020,Qtr 2,May,1,2020,48,Chicago,192,719.52
2020-05-01 00:00:00,Toys,Hot Wheels Pack,Fifth Avenue,Commercial,2020,Qtr 2,May,1,2020,47,New York,94,281.53000000000003
2020-05-01 00:00:00,Toys,Hot Wheels Pack,JFK,Airport,2020,Qtr 2,May,1,2020,18,New York,36,107.82000000000001
2020-05-01 00:00:00,Toys,Hot Wheels Pack,Lincoln Park,Residential,2020,Qtr 2,May,1,2020,44,Chicago,88,263.56
2020-05-01 00:00:00,Toys,Hot Wheels Pack,Michigan Ave,Commercial,2020,Qtr 2,May,1,2020,10,Chicago,20,59.900000000000006
2020-05-01 00:00:00,Toys,Lego Bricks,Fifth Avenue,Commercial,2020,Qtr 2,May,1,2020,39,New York,195,1559.6100000000001
2020-05-01 00:00:00,Toys,Lego Bricks,JFK,Airport,2020,Qtr 2,May,1,2020,40,New York,200,1599.6000000000001
2020-05-01 00:00:00,Toys,Lego Bricks,Lincoln Park,Residential,2020,Qtr 2,May,1,2020,69,Chicago,345,2759.31
2020-05-01 00:00:00,Toys,Lego Bricks,Michigan Ave,Commercial,2020,Qtr 2,May,1,2020,109,Chicago,545,4358.91
2020-05-01 00:00:00,Toys,Teddy Bear,JFK,Airport,2020,Qtr 2,May,1,2020,5,New York,10,64.95
2020-05-01 00:00:00,Toys,Teddy Bear,Lincoln Park,Residential,2020,Qtr 2,May,1,2020,9,Chicago,18,116.91
2020-05-02 00:00:00,Art & Crafts,Etch A Sketch,Fifth Avenue,Commercial,2020,Qtr 2,May,2,2020,10,New York,192,309.9
2020-05-02 00:00:00,Art & Crafts,PlayDoh Toolkit,Hollywood,Commercial,2020,Qtr 2,May,2,2020,17,Los Angeles,17,84.83
2020-05-02 00:00:00,Games,Chutes & Ladders,Beverly Hills,Residential,2020,Qtr 2,May,2,2020,5,Los Angeles,15,64.95
2020-05-02 00:00:00,Sports & Outdoors,Splash Balls,LAX,Airport,2020,Qtr 2,May,2,2020,69,Los Angeles,69,620.3100000000001
2020-05-02 00:00:00,Toys,Dinosaur Figures,Millenium,Downtown,2020,Qtr 2,May,2,2020,53,Chicago,212,794.47
2020-05-03 00:00:00,Games,Classic Dominoes,Beverly Hills,Residential,2020,Qtr 2,May,3,2020,6,Los Angeles,12,59.94
2020-05-03 00:00:00,Games,Glass Marbles,Millenium,Downtown,2020,Qtr 2,May,3,2020,78,Chicago,390,857.22
2020-05-03 00:00:00,Games,Rubik's Cube,Hollywood,Commercial,2020,Qtr 2,May,3,2020,21,Los Angeles,42,419.78999999999996
2020-05-03 00:00:00,Sports & Outdoors,Foam Disk Launcher,Fifth Avenue,Commercial,2020,Qtr 2,May,3,2020,44,New York,90,627.5600000000001
2020-05-03 00:00:00,Sports & Outdoors,Water Gun,LAX,Airport,2020,Qtr 2,May,3,2020,30,Los Angeles,90,449.7
2020-05-04 00:00:00,Electronics,Gamer Headphones,Fifth Avenue,Commercial,2020,Qtr 2,May,4,2020,5,New York,85,204.95
2020-05-04 00:00:00,Sports & Outdoors,Dart Gun,Beverly Hills,Residential,2020,Qtr 2,May,4,2020,22,Los Angeles,88,351.78000000000003
2020-05-04 00:00:00,Sports & Outdoors,Splash Balls,Hollywood,Commercial,2020,Qtr 2,May,4,2020,106,Los Angeles,106,952.94
2020-05-04 00:00:00,Toys,Hot Wheels Pack,Millenium,Downtown,2020,Qtr 2,May,4,2020,6,Chicago,12,35.94
2020-05-04 00:00:00,Toys,Teddy Bear,LAX,Airport,2020,Qtr 2,May,4,2020,10,Los Angeles,20,129.9
2020-05-05 00:00:00,Electronics,Toy Robot,LAX,Airport,2020,Qtr 2,May,5,2020,29,Los Angeles,145,753.7099999999999
2020-05-05 00:00:00,Games,Deck Of Cards,Beverly Hills,Residential,2020,Qtr 2,May,5,2020,101,Los Angeles,303,705.99
2020-05-05 00:00:00,Games,Glass Marbles,Fifth Avenue,Commercial,2020,Qtr 2,May,5,2020,5,New York,130,154.95
2020-05-05 00:00:00,Games,Jenga,Millenium,Downtown,2020,Qtr 2,May,5,2020,25,Chicago,175,249.75
2020-05-05 00:00:00,Sports & Outdoors,Water Gun,Hollywood,Commercial,2020,Qtr 2,May,5,2020,10,Los Angeles,30,149.9
2020-05-06 00:00:00,Art & Crafts,Kids Makeup Kit,Millenium,Downtown,2020,Qtr 2,May,6,2020,62,Chicago,371.9999999999999,1239.3799999999999
2020-05-06 00:00:00,Toys,Action Figure,O'Hare,Airport,2020,Qtr 2,May,6,2020,127,Chicago,762,2030.73
2020-05-06 00:00:00,Toys,Dino Egg,Beverly Hills,Residential,2020,Qtr 2,May,6,2020,101,Los Angeles,101,1109.99
2020-05-06 00:00:00,Toys,Hot Wheels 5-Pack,Fifth Avenue,Commercial,2020,Qtr 2,May,6,2020,35,New York,149.99999999999997,309.65
2020-05-06 00:00:00,Toys,Teddy Bear,Hollywood,Commercial,2020,Qtr 2,May,6,2020,10,Los Angeles,20,129.9
2020-05-07 00:00:00,Art & Crafts,Kids Makeup Kit,Fifth Avenue,Commercial,2020,Qtr 2,May,7,2020,15,New York,295,399.84999999999997
2020-05-07 00:00:00,Electronics,Toy Robot,Hollywood,Commercial,2020,Qtr 2,May,7,2020,21,Los Angeles,105,545.79
2020-05-07 00:00:00,Toys,Animal Figures,O'Hare,Airport,2020,Qtr 2,May,7,2020,60,Chicago,180,779.4
2020-05-07 00:00:00,Toys,Dinosaur Figures,Beverly Hills,Residential,2020,Qtr 2,May,7,2020,48,Los Angeles,192,719.52
2020-05-07 00:00:00,Toys,Lego Bricks,Millenium,Downtown,2020,Qtr 2,May,7,2020,117,Chicago,585,4678.83
2020-05-08 00:00:00,Electronics,Colorbuds,O'Hare,Airport,2020,Qtr 2,May,8,2020,575,Chicago,4600,8619.25
2020-05-08 00:00:00,Games,Glass Marbles,Beverly Hills,Residential,2020,Qtr 2,May,8,2020,34,Los Angeles,170,373.66
2020-05-08 00:00:00,Sports & Outdoors,Nerf Gun,Millenium,Downtown,2020,Qtr 2,May,8,2020,37,Chicago,184.99999999999994,739.63
2020-05-08 00:00:00,Toys,Action Figure,Times Square,Downtown,2020,Qtr 2,May,8,2020,106,New York,636,1694.94
2020-05-08 00:00:00,Toys,Lego Bricks,Fifth Avenue,Commercial,2020,Qtr 2,May,8,2020,47,New York,222,1979.5300000000002
2020-05-09 00:00:00,Art & Crafts,Magic Sand,Fifth Avenue,Commercial,2020,Qtr 2,May,9,2020,81,New York,205,1395.19
2020-05-09 00:00:00,Art & Crafts,PlayDoh Can,Millenium,Downtown,2020,Qtr 2,May,9,2020,86,Chicago,86.00000000000001,257.14000000000004
2020-05-09 00:00:00,Sports & Outdoors,Dart Gun,O'Hare,Airport,2020,Qtr 2,May,9,2020,62,Chicago,248,991.38
2020-05-09 00:00:00,Toys,Animal Figures,Times Square,Downtown,2020,Qtr 2,May,9,2020,39,New York,117,506.61
2020-05-09 00:00:00,Toys,Hot Wheels Pack,Beverly Hills,Residential,2020,Qtr 2,May,9,2020,16,Los Angeles,32,95.84
2020-05-10 00:00:00,Art & Crafts,Kids Makeup Kit,Beverly Hills,Residential,2020,Qtr 2,May,10,2020,19,Los Angeles,113.99999999999997,379.80999999999995
2020-05-10 00:00:00,Art & Crafts,PlayDoh Playset,Millenium,Downtown,2020,Qtr 2,May,10,2020,2,Chicago,8,49.98
2020-05-10 00:00:00,Games,Classic Dominoes,Times Square,Downtown,2020,Qtr 2,May,10,2020,11,New York,22,109.89
2020-05-10 00:00:00,Games,Deck Of Cards,O'Hare,Airport,2020,Qtr 2,May,10,2020,152,Chicago,456,1062.48
2020-05-10 00:00:00,Toys,Mr. Potatohead,Fifth Avenue,Commercial,2020,Qtr 2,May,10,2020,29,New York,259.99999999999994,389.71
2020-05-11 00:00:00,Art & Crafts,PlayDoh Toolkit,Millenium,Downtown,2020,Qtr 2,May,11,2020,33,Chicago,33,164.67000000000002
2020-05-11 00:00:00,Electronics,Colorbuds,Times Square,Downtown,2020,Qtr 2,May,11,2020,197,New York,1576,2953.03
2020-05-11 00:00:00,Sports & Outdoors,Nerf Gun,Fifth Avenue,Commercial,2020,Qtr 2,May,11,2020,40,New York,138,899.5999999999999
2020-05-11 00:00:00,Toys,Dino Egg,O'Hare,Airport,2020,Qtr 2,May,11,2020,150,Chicago,150,1648.5
2020-05-11 00:00:00,Toys,Lego Bricks,Beverly Hills,Residential,2020,Qtr 2,May,11,2020,50,Los Angeles,250,1999.5
2020-05-12 00:00:00,Art & Crafts,PlayDoh Can,Fifth Avenue,Commercial,2020,Qtr 2,May,12,2020,78,New York,152,333.22
2020-05-12 00:00:00,Games,Rubik's Cube,Millenium,Downtown,2020,Qtr 2,May,12,2020,87,Chicago,174,1739.1299999999999
2020-05-12 00:00:00,Sports & Outdoors,Basketball Hoop,Beverly Hills,Residential,2020,Qtr 2,May,12,2020,11,Los Angeles,175.99999999999997,274.89
2020-05-12 00:00:00,Sports & Outdoors,Dart Gun,Times Square,Downtown,2020,Qtr 2,May,12,2020,36,New York,144,575.64
2020-05-12 00:00:00,Toys,Dinosaur Figures,O'Hare,Airport,2020,Qtr 2,May,12,2020,35,Chicago,140,524.65
2020-05-13 00:00:00,Art & Crafts,PlayDoh Can,Beverly Hills,Residential,2020,Qtr 2,May,13,2020,40,Los Angeles,40.00000000000001,119.60000000000001
2020-05-13 00:00:00,Art & Crafts,PlayDoh Playset,Fifth Avenue,Commercial,2020,Qtr 2,May,13,2020,23,New York,76,674.77
2020-05-13 00:00:00,Games,Deck Of Cards,Times Square,Downtown,2020,Qtr 2,May,13,2020,46,New York,138,321.54
2020-05-13 00:00:00,Games,Glass Marbles,O'Hare,Airport,2020,Qtr 2,May,13,2020,207,Chicago,1035,2274.93
2020-05-13 00:00:00,Sports & Outdoors,Splash Balls,Millenium,Downtown,2020,Qtr 2,May,13,2020,126,Chicago,126,1132.74
2020-05-14 00:00:00,Art & Crafts,PlayDoh Playset,Beverly Hills,Residential,2020,Qtr 2,May,14,2020,13,Los Angeles,52,324.87
2020-05-14 00:00:00,Art & Crafts,PlayDoh Toolkit,Fifth Avenue,Commercial,2020,Qtr 2,May,14,2020,16,New York,1068,179.84
2020-05-14 00:00:00,Sports & Outdoors,Water Gun,Millenium,Downtown,2020,Qtr 2,May,14,2020,7,Chicago,21,104.93
2020-05-14 00:00:00,Toys,Dino Egg,Times Square,Downtown,2020,Qtr 2,May,14,2020,76,New York,76,835.24
2020-05-14 00:00:00,Toys,Hot Wheels Pack,O'Hare,Airport,2020,Qtr 2,May,14,2020,55,Chicago,110,329.45
2020-05-15 00:00:00,Art & Crafts,PlayDoh Toolkit,Beverly Hills,Residential,2020,Qtr 2,May,15,2020,36,Los Angeles,36,179.64000000000001
2020-05-15 00:00:00,Art & Crafts,Playfoam,Fifth Avenue,Commercial,2020,Qtr 2,May,15,2020,144,New York,213.99999999999997,1682.56
2020-05-15 00:00:00,Games,Jenga,O'Hare,Airport,2020,Qtr 2,May,15,2020,14,Chicago,98,139.86
2020-05-15 00:00:00,Toys,Dinosaur Figures,Times Square,Downtown,2020,Qtr 2,May,15,2020,32,New York,128,479.68
2020-05-15 00:00:00,Toys,Teddy Bear,Millenium,Downtown,2020,Qtr 2,May,15,2020,10,Chicago,20,129.9
2020-05-16 00:00:00,Electronics,Toy Robot,Millenium,Downtown,2020,Qtr 2,May,16,2020,21,Chicago,105,545.79
2020-05-16 00:00:00,Games,Glass Marbles,Times Square,Downtown,2020,Qtr 2,May,16,2020,58,New York,290,637.42
2020-05-16 00:00:00,Sports & Outdoors,Splash Balls,Beverly Hills,Residential,2020,Qtr 2,May,16,2020,36,Los Angeles,36,323.64
2020-05-16 00:00:00,Toys,Lego Bricks,O'Hare,Airport,2020,Qtr 2,May,16,2020,121,Chicago,605,4838.79
2020-05-16 00:00:00,Toys,Plush Pony,Fifth Avenue,Commercial,2020,Qtr 2,May,16,2020,14,New York,88,379.85999999999996
2020-05-17 00:00:00,Games,Rubik's Cube,Fifth Avenue,Commercial,2020,Qtr 2,May,17,2020,14,New York,213,379.85999999999996
2020-05-17 00:00:00,Sports & Outdoors,Nerf Gun,O'Hare,Airport,2020,Qtr 2,May,17,2020,6,Chicago,29.99999999999999,119.94
2020-05-17 00:00:00,Toys,Action Figure,LAX,Airport,2020,Qtr 2,May,17,2020,85,Los Angeles,510,1359.15
2020-05-17 00:00:00,Toys,Hot Wheels Pack,Times Square,Downtown,2020,Qtr 2,May,17,2020,48,New York,96,287.52
2020-05-17 00:00:00,Toys,Teddy Bear,Beverly Hills,Residential,2020,Qtr 2,May,17,2020,12,Los Angeles,24,155.88
2020-05-18 00:00:00,Art & Crafts,PlayDoh Can,O'Hare,Airport,2020,Qtr 2,May,18,2020,106,Chicago,106.00000000000003,316.94
2020-05-18 00:00:00,Electronics,Toy Robot,Beverly Hills,Residential,2020,Qtr 2,May,18,2020,26,Los Angeles,130,675.74
2020-05-18 00:00:00,Games,Jenga,Times Square,Downtown,2020,Qtr 2,May,18,2020,14,New York,98,139.86
2020-05-18 00:00:00,Sports & Outdoors,Splash Balls,Fifth Avenue,Commercial,2020,Qtr 2,May,18,2020,153,New York,105,1475.47
2020-05-18 00:00:00,Toys,Animal Figures,LAX,Airport,2020,Qtr 2,May,18,2020,78,Los Angeles,234,1013.22
2020-05-19 00:00:00,Art & Crafts,Kids Makeup Kit,Times Square,Downtown,2020,Qtr 2,May,19,2020,74,New York,443.9999999999999,1479.26
2020-05-19 00:00:00,Art & Crafts,PlayDoh Playset,O'Hare,Airport,2020,Qtr 2,May,19,2020,18,Chicago,72,449.82
2020-05-19 00:00:00,Electronics,Colorbuds,LAX,Airport,2020,Qtr 2,May,19,2020,296,Los Angeles,2368,4437.04
2020-05-19 00:00:00,Sports & Outdoors,Supersoaker Water Gun,Fifth Avenue,Commercial,2020,Qtr 2,May,19,2020,15,New York,125,324.85
2020-05-19 00:00:00,Toys,Action Figure,Hollywood,Commercial,2020,Qtr 2,May,19,2020,62,Los Angeles,372,991.38
2020-05-20 00:00:00,Art & Crafts,PlayDoh Toolkit,O'Hare,Airport,2020,Qtr 2,May,20,2020,94,Chicago,94,469.06
2020-05-20 00:00:00,Electronics,Toy Robot,Fifth Avenue,Commercial,2020,Qtr 2,May,20,2020,13,New York,65,437.87
2020-05-20 00:00:00,Sports & Outdoors,Dart Gun,LAX,Airport,2020,Qtr 2,May,20,2020,105,Los Angeles,420,1678.95
2020-05-20 00:00:00,Toys,Animal Figures,Hollywood,Commercial,2020,Qtr 2,May,20,2020,39,Los Angeles,117,506.61
2020-05-20 00:00:00,Toys,Lego Bricks,Times Square,Downtown,2020,Qtr 2,May,20,2020,115,New York,575,4598.85
2020-05-21 00:00:00,Electronics,Colorbuds,Hollywood,Commercial,2020,Qtr 2,May,21,2020,154,Los Angeles,1232,2308.46
2020-05-21 00:00:00,Games,Rubik's Cube,O'Hare,Airport,2020,Qtr 2,May,21,2020,43,Chicago,86,859.5699999999999
2020-05-21 00:00:00,Sports & Outdoors,Basketball Hoop,Times Square,Downtown,2020,Qtr 2,May,21,2020,37,New York,591.9999999999999,924.63
2020-05-21 00:00:00,Toys,Dino Egg,LAX,Airport,2020,Qtr 2,May,21,2020,87,Los Angeles,87,956.13
2020-05-22 00:00:00,Sports & Outdoors,Dart Gun,Hollywood,Commercial,2020,Qtr 2,May,22,2020,9,Los Angeles,36,143.91
2020-05-22 00:00:00,Sports & Outdoors,Nerf Gun,Times Square,Downtown,2020,Qtr 2,May,22,2020,8,New York,39.999999999999986,159.92
2020-05-22 00:00:00,Sports & Outdoors,Splash Balls,O'Hare,Airport,2020,Qtr 2,May,22,2020,166,Chicago,166,1492.3400000000001
2020-05-22 00:00:00,Toys,Dinosaur Figures,LAX,Airport,2020,Qtr 2,May,22,2020,107,Los Angeles,428,1603.93
2020-05-23 00:00:00,Art & Crafts,PlayDoh Can,Times Square,Downtown,2020,Qtr 2,May,23,2020,147,New York,147.00000000000003,439.53000000000003
2020-05-23 00:00:00,Games,Deck Of Cards,Hollywood,Commercial,2020,Qtr 2,May,23,2020,180,Los Angeles,540,1258.2
2020-05-23 00:00:00,Games,Glass Marbles,LAX,Airport,2020,Qtr 2,May,23,2020,22,Los Angeles,110,241.78
2020-05-23 00:00:00,Sports & Outdoors,Water Gun,O'Hare,Airport,2020,Qtr 2,May,23,2020,26,Chicago,78,389.74
2020-05-24 00:00:00,Art & Crafts,PlayDoh Toolkit,Times Square,Downtown,2020,Qtr 2,May,24,2020,32,New York,32,159.68
2020-05-24 00:00:00,Toys,Dino Egg,Hollywood,Commercial,2020,Qtr 2,May,24,2020,102,Los Angeles,102,1120.98
2020-05-24 00:00:00,Toys,Hot Wheels Pack,LAX,Airport,2020,Qtr 2,May,24,2020,30,Los Angeles,60,179.70000000000002
2020-05-24 00:00:00,Toys,Teddy Bear,O'Hare,Airport,2020,Qtr 2,May,24,2020,8,Chicago,16,103.92
2020-05-25 00:00:00,Electronics,Toy Robot,O'Hare,Airport,2020,Qtr 2,May,25,2020,16,Chicago,80,415.84
2020-05-25 00:00:00,Games,Jenga,LAX,Airport,2020,Qtr 2,May,25,2020,21,Los Angeles,147,209.79
2020-05-25 00:00:00,Sports & Outdoors,Splash Balls,Times Square,Downtown,2020,Qtr 2,May,25,2020,49,New York,49,440.51
2020-05-25 00:00:00,Toys,Dinosaur Figures,Hollywood,Commercial,2020,Qtr 2,May,25,2020,51,Los Angeles,204,764.49
2020-05-26 00:00:00,Art & Crafts,Kids Makeup Kit,LAX,Airport,2020,Qtr 2,May,26,2020,54,Los Angeles,323.9999999999999,1079.4599999999998
2020-05-26 00:00:00,Games,Glass Marbles,Hollywood,Commercial,2020,Qtr 2,May,26,2020,18,Los Angeles,90,197.82
2020-05-26 00:00:00,Toys,Action Figure,JFK,Airport,2020,Qtr 2,May,26,2020,39,New York,234,623.61
2020-05-26 00:00:00,Toys,Teddy Bear,Times Square,Downtown,2020,Qtr 2,May,26,2020,4,New York,8,51.96
2020-05-27 00:00:00,Toys,Action Figure,Millenium,Downtown,2020,Qtr 2,May,27,2020,123,Chicago,738,1966.77
2020-05-27 00:00:00,Toys,Animal Figures,JFK,Airport,2020,Qtr 2,May,27,2020,17,New York,51,220.83
2020-05-27 00:00:00,Toys,Hot Wheels Pack,Hollywood,Commercial,2020,Qtr 2,May,27,2020,19,Los Angeles,38,113.81
2020-05-27 00:00:00,Toys,Lego Bricks,LAX,Airport,2020,Qtr 2,May,27,2020,108,Los Angeles,540,4318.92
2020-05-28 00:00:00,Electronics,Colorbuds,JFK,Airport,2020,Qtr 2,May,28,2020,175,New York,1400,2623.25
2020-05-28 00:00:00,Games,Jenga,Hollywood,Commercial,2020,Qtr 2,May,28,2020,18,Los Angeles,126,179.82
2020-05-28 00:00:00,Sports & Outdoors,Nerf Gun,LAX,Airport,2020,Qtr 2,May,28,2020,89,Los Angeles,444.99999999999983,1779.11
2020-05-28 00:00:00,Toys,Animal Figures,Millenium,Downtown,2020,Qtr 2,May,28,2020,95,Chicago,285,1234.05
2020-05-29 00:00:00,Art & Crafts,Kids Makeup Kit,Hollywood,Commercial,2020,Qtr 2,May,29,2020,62,Los Angeles,371.9999999999999,1239.3799999999999
2020-05-29 00:00:00,Art & Crafts,PlayDoh Can,LAX,Airport,2020,Qtr 2,May,29,2020,172,Los Angeles,172.00000000000003,514.2800000000001
2020-05-29 00:00:00,Electronics,Colorbuds,Millenium,Downtown,2020,Qtr 2,May,29,2020,149,Chicago,1192,2233.51
2020-05-29 00:00:00,Sports & Outdoors,Dart Gun,JFK,Airport,2020,Qtr 2,May,29,2020,4,New York,16,63.96
2020-05-30 00:00:00,Art & Crafts,PlayDoh Playset,LAX,Airport,2020,Qtr 2,May,30,2020,29,Los Angeles,116,724.7099999999999
2020-05-30 00:00:00,Games,Deck Of Cards,JFK,Airport,2020,Qtr 2,May,30,2020,105,New York,315,733.95
2020-05-30 00:00:00,Sports & Outdoors,Dart Gun,Millenium,Downtown,2020,Qtr 2,May,30,2020,61,Chicago,244,975.39
2020-05-30 00:00:00,Toys,Lego Bricks,Hollywood,Commercial,2020,Qtr 2,May,30,2020,74,Los Angeles,370,2959.26
2020-05-31 00:00:00,Art & Crafts,PlayDoh Toolkit,LAX,Airport,2020,Qtr 2,May,31,2020,98,Los Angeles,98,489.02000000000004
2020-05-31 00:00:00,Games,Deck Of Cards,Millenium,Downtown,2020,Qtr 2,May,31,2020,86,Chicago,258,601.14
2020-05-31 00:00:00,Sports & Outdoors,Nerf Gun,Hollywood,Commercial,2020,Qtr 2,May,31,2020,11,Los Angeles,54.99999999999998,219.89
2020-05-31 00:00:00,Toys,Dino Egg,JFK,Airport,2020,Qtr 2,May,31,2020,29,New York,29,318.71
2020-06-01 00:00:00,Art & Crafts,Kids Makeup Kit,Fifth Avenue,Commercial,2020,Qtr 2,June,1,2020,162,New York,971.9999999999997,3238.3799999999997
2020-06-01 00:00:00,Art & Crafts,Kids Makeup Kit,Hollywood,Commercial,2020,Qtr 2,June,1,2020,35,Los Angeles,209.99999999999994,699.65
2020-06-01 00:00:00,Art & Crafts,Kids Makeup Kit,JFK,Airport,2020,Qtr 2,June,1,2020,26,New York,155.99999999999994,519.74
2020-06-01 00:00:00,Art & Crafts,Kids Makeup Kit,LAX,Airport,2020,Qtr 2,June,1,2020,34,Los Angeles,203.99999999999994,679.66
2020-06-01 00:00:00,Art & Crafts,Kids Makeup Kit,Lincoln Park,Residential,2020,Qtr 2,June,1,2020,90,Chicago,539.9999999999999,1799.1
2020-06-01 00:00:00,Art & Crafts,Kids Makeup Kit,Michigan Ave,Commercial,2020,Qtr 2,June,1,2020,83,Chicago,497.99999999999983,1659.1699999999998
2020-06-01 00:00:00,Art & Crafts,PlayDoh Can,Fifth Avenue,Commercial,2020,Qtr 2,June,1,2020,34,New York,34.00000000000001,101.66000000000001
2020-06-01 00:00:00,Art & Crafts,PlayDoh Can,JFK,Airport,2020,Qtr 2,June,1,2020,52,New York,52.000000000000014,155.48000000000002
2020-06-01 00:00:00,Art & Crafts,PlayDoh Can,LAX,Airport,2020,Qtr 2,June,1,2020,129,Los Angeles,129.00000000000003,385.71000000000004
2020-06-01 00:00:00,Art & Crafts,PlayDoh Can,Lincoln Park,Residential,2020,Qtr 2,June,1,2020,54,Chicago,54.000000000000014,161.46
2020-06-01 00:00:00,Art & Crafts,PlayDoh Can,Michigan Ave,Commercial,2020,Qtr 2,June,1,2020,80,Chicago,80.00000000000001,239.20000000000002
2020-06-01 00:00:00,Art & Crafts,PlayDoh Can,O'Hare,Airport,2020,Qtr 2,June,1,2020,109,Chicago,109.00000000000003,325.91
2020-06-01 00:00:00,Art & Crafts,PlayDoh Playset,JFK,Airport,2020,Qtr 2,June,1,2020,12,New York,48,299.88
2020-06-01 00:00:00,Art & Crafts,PlayDoh Playset,LAX,Airport,2020,Qtr 2,June,1,2020,6,Los Angeles,24,149.94
2020-06-01 00:00:00,Art & Crafts,PlayDoh Playset,Lincoln Park,Residential,2020,Qtr 2,June,1,2020,49,Chicago,196,1224.51
2020-06-01 00:00:00,Art & Crafts,PlayDoh Playset,Michigan Ave,Commercial,2020,Qtr 2,June,1,2020,52,Chicago,208,1299.48
2020-06-01 00:00:00,Art & Crafts,PlayDoh Playset,O'Hare,Airport,2020,Qtr 2,June,1,2020,15,Chicago,60,374.84999999999997
2020-06-01 00:00:00,Art & Crafts,PlayDoh Toolkit,Fifth Avenue,Commercial,2020,Qtr 2,June,1,2020,31,New York,31,154.69
2020-06-01 00:00:00,Art & Crafts,PlayDoh Toolkit,LAX,Airport,2020,Qtr 2,June,1,2020,41,Los Angeles,41,204.59
2020-06-01 00:00:00,Art & Crafts,PlayDoh Toolkit,Lincoln Park,Residential,2020,Qtr 2,June,1,2020,20,Chicago,20,99.80000000000001
2020-06-01 00:00:00,Art & Crafts,PlayDoh Toolkit,Michigan Ave,Commercial,2020,Qtr 2,June,1,2020,55,Chicago,55,274.45
2020-06-01 00:00:00,Art & Crafts,PlayDoh Toolkit,O'Hare,Airport,2020,Qtr 2,June,1,2020,70,Chicago,70,349.3
2020-06-01 00:00:00,Electronics,Colorbuds,Fifth Avenue,Commercial,2020,Qtr 2,June,1,2020,87,New York,696,1304.13
2020-06-01 00:00:00,Electronics,Colorbuds,JFK,Airport,2020,Qtr 2,June,1,2020,86,New York,688,1289.14
2020-06-01 00:00:00,Electronics,Colorbuds,Lincoln Park,Residential,2020,Qtr 2,June,1,2020,91,Chicago,728,1364.09
2020-06-01 00:00:00,Electronics,Colorbuds,Michigan Ave,Commercial,2020,Qtr 2,June,1,2020,183,Chicago,1464,2743.17
2020-06-01 00:00:00,Electronics,Colorbuds,O'Hare,Airport,2020,Qtr 2,June,1,2020,340,Chicago,2720,5096.6
2020-06-01 00:00:00,Electronics,Toy Robot,Fifth Avenue,Commercial,2020,Qtr 2,June,1,2020,55,New York,275,1429.4499999999998
2020-06-01 00:00:00,Electronics,Toy Robot,LAX,Airport,2020,Qtr 2,June,1,2020,42,Los Angeles,210,1091.58
2020-06-01 00:00:00,Electronics,Toy Robot,Lincoln Park,Residential,2020,Qtr 2,June,1,2020,50,Chicago,250,1299.5
2020-06-01 00:00:00,Electronics,Toy Robot,Michigan Ave,Commercial,2020,Qtr 2,June,1,2020,12,Chicago,60,311.88
2020-06-01 00:00:00,Electronics,Toy Robot,O'Hare,Airport,2020,Qtr 2,June,1,2020,16,Chicago,80,415.84
2020-06-01 00:00:00,Games,Chutes & Ladders,JFK,Airport,2020,Qtr 2,June,1,2020,21,New York,63,272.79
2020-06-01 00:00:00,Games,Deck Of Cards,Fifth Avenue,Commercial,2020,Qtr 2,June,1,2020,91,New York,273,636.09
2020-06-01 00:00:00,Games,Deck Of Cards,JFK,Airport,2020,Qtr 2,June,1,2020,122,New York,366,852.78
2020-06-01 00:00:00,Games,Deck Of Cards,LAX,Airport,2020,Qtr 2,June,1,2020,41,Los Angeles,123,286.59000000000003
2020-06-01 00:00:00,Games,Deck Of Cards,Lincoln Park,Residential,2020,Qtr 2,June,1,2020,48,Chicago,144,335.52
2020-06-01 00:00:00,Games,Deck Of Cards,Michigan Ave,Commercial,2020,Qtr 2,June,1,2020,46,Chicago,138,321.54
2020-06-01 00:00:00,Games,Deck Of Cards,O'Hare,Airport,2020,Qtr 2,June,1,2020,291,Chicago,873,2034.0900000000001
2020-06-01 00:00:00,Games,Glass Marbles,Fifth Avenue,Commercial,2020,Qtr 2,June,1,2020,24,New York,120,263.76
2020-06-01 00:00:00,Games,Glass Marbles,JFK,Airport,2020,Qtr 2,June,1,2020,23,New York,115,252.77
2020-06-01 00:00:00,Games,Glass Marbles,LAX,Airport,2020,Qtr 2,June,1,2020,46,Los Angeles,230,505.54
2020-06-01 00:00:00,Games,Glass Marbles,Lincoln Park,Residential,2020,Qtr 2,June,1,2020,13,Chicago,65,142.87
2020-06-01 00:00:00,Games,Glass Marbles,O'Hare,Airport,2020,Qtr 2,June,1,2020,244,Chicago,1220,2681.56
2020-06-01 00:00:00,Games,Jenga,Fifth Avenue,Commercial,2020,Qtr 2,June,1,2020,41,New York,287,409.59000000000003
2020-06-01 00:00:00,Games,Jenga,JFK,Airport,2020,Qtr 2,June,1,2020,8,New York,56,79.92
2020-06-01 00:00:00,Games,Jenga,LAX,Airport,2020,Qtr 2,June,1,2020,20,Los Angeles,140,199.8
2020-06-01 00:00:00,Games,Jenga,Lincoln Park,Residential,2020,Qtr 2,June,1,2020,28,Chicago,196,279.72
2020-06-01 00:00:00,Games,Jenga,Michigan Ave,Commercial,2020,Qtr 2,June,1,2020,28,Chicago,196,279.72
2020-06-01 00:00:00,Games,Jenga,O'Hare,Airport,2020,Qtr 2,June,1,2020,70,Chicago,490,699.3000000000001
2020-06-01 00:00:00,Games,Monopoly,Lincoln Park,Residential,2020,Qtr 2,June,1,2020,12,Chicago,71.99999999999997,239.88
2020-06-01 00:00:00,Games,Rubik's Cube,Fifth Avenue,Commercial,2020,Qtr 2,June,1,2020,5,New York,10,99.94999999999999
2020-06-01 00:00:00,Games,Rubik's Cube,LAX,Airport,2020,Qtr 2,June,1,2020,110,Los Angeles,220,2198.8999999999996
2020-06-01 00:00:00,Games,Rubik's Cube,Lincoln Park,Residential,2020,Qtr 2,June,1,2020,17,Chicago,34,339.83
2020-06-01 00:00:00,Games,Rubik's Cube,Michigan Ave,Commercial,2020,Qtr 2,June,1,2020,87,Chicago,174,1739.1299999999999
2020-06-01 00:00:00,Games,Rubik's Cube,O'Hare,Airport,2020,Qtr 2,June,1,2020,123,Chicago,246,2458.77
2020-06-01 00:00:00,Sports & Outdoors,Basketball Hoop,Lincoln Park,Residential,2020,Qtr 2,June,1,2020,34,Chicago,543.9999999999999,849.66
2020-06-01 00:00:00,Sports & Outdoors,Dart Gun,Fifth Avenue,Commercial,2020,Qtr 2,June,1,2020,76,New York,304,1215.24
2020-06-01 00:00:00,Sports & Outdoors,Dart Gun,JFK,Airport,2020,Qtr 2,June,1,2020,30,New York,120,479.7
2020-06-01 00:00:00,Sports & Outdoors,Dart Gun,Lincoln Park,Residential,2020,Qtr 2,June,1,2020,50,Chicago,200,799.5
2020-06-01 00:00:00,Sports & Outdoors,Dart Gun,Michigan Ave,Commercial,2020,Qtr 2,June,1,2020,110,Chicago,440,1758.9
2020-06-01 00:00:00,Sports & Outdoors,Dart Gun,O'Hare,Airport,2020,Qtr 2,June,1,2020,76,Chicago,304,1215.24
2020-06-01 00:00:00,Sports & Outdoors,Mini Ping Pong,JFK,Airport,2020,Qtr 2,June,1,2020,6,New York,18,59.94
2020-06-01 00:00:00,Sports & Outdoors,Nerf Gun,Fifth Avenue,Commercial,2020,Qtr 2,June,1,2020,15,New York,74.99999999999997,299.84999999999997
2020-06-01 00:00:00,Sports & Outdoors,Nerf Gun,JFK,Airport,2020,Qtr 2,June,1,2020,23,New York,114.99999999999996,459.77
2020-06-01 00:00:00,Sports & Outdoors,Nerf Gun,LAX,Airport,2020,Qtr 2,June,1,2020,23,Los Angeles,114.99999999999996,459.77
2020-06-01 00:00:00,Sports & Outdoors,Nerf Gun,Lincoln Park,Residential,2020,Qtr 2,June,1,2020,33,Chicago,164.99999999999994,659.67
2020-06-01 00:00:00,Sports & Outdoors,Nerf Gun,O'Hare,Airport,2020,Qtr 2,June,1,2020,69,Chicago,344.9999999999999,1379.31
2020-06-01 00:00:00,Sports & Outdoors,Splash Balls,Fifth Avenue,Commercial,2020,Qtr 2,June,1,2020,686,New York,686,6167.14
2020-06-01 00:00:00,Sports & Outdoors,Splash Balls,JFK,Airport,2020,Qtr 2,June,1,2020,233,New York,233,2094.67
2020-06-01 00:00:00,Sports & Outdoors,Splash Balls,LAX,Airport,2020,Qtr 2,June,1,2020,54,Los Angeles,54,485.46000000000004
2020-06-01 00:00:00,Sports & Outdoors,Splash Balls,Lincoln Park,Residential,2020,Qtr 2,June,1,2020,72,Chicago,72,647.28
2020-06-01 00:00:00,Sports & Outdoors,Splash Balls,Michigan Ave,Commercial,2020,Qtr 2,June,1,2020,121,Chicago,121,1087.79
2020-06-01 00:00:00,Sports & Outdoors,Splash Balls,O'Hare,Airport,2020,Qtr 2,June,1,2020,329,Chicago,329,2957.71
2020-06-01 00:00:00,Sports & Outdoors,Water Gun,Fifth Avenue,Commercial,2020,Qtr 2,June,1,2020,24,New York,72,359.76
2020-06-01 00:00:00,Sports & Outdoors,Water Gun,JFK,Airport,2020,Qtr 2,June,1,2020,8,New York,24,119.92
2020-06-01 00:00:00,Sports & Outdoors,Water Gun,LAX,Airport,2020,Qtr 2,June,1,2020,9,Los Angeles,27,134.91
2020-06-01 00:00:00,Sports & Outdoors,Water Gun,Lincoln Park,Residential,2020,Qtr 2,June,1,2020,34,Chicago,102,509.66
2020-06-01 00:00:00,Sports & Outdoors,Water Gun,Michigan Ave,Commercial,2020,Qtr 2,June,1,2020,30,Chicago,90,449.7
2020-06-01 00:00:00,Sports & Outdoors,Water Gun,O'Hare,Airport,2020,Qtr 2,June,1,2020,10,Chicago,30,149.9
2020-06-01 00:00:00,Sports & Outdoors,Water Gun,Times Square,Downtown,2020,Qtr 2,June,1,2020,9,New York,27,134.91
2020-06-01 00:00:00,Toys,Action Figure,Beverly Hills,Residential,2020,Qtr 2,June,1,2020,87,Los Angeles,522,1391.13
2020-06-01 00:00:00,Toys,Action Figure,Fifth Avenue,Commercial,2020,Qtr 2,June,1,2020,55,New York,330,879.45
2020-06-01 00:00:00,Toys,Action Figure,JFK,Airport,2020,Qtr 2,June,1,2020,64,New York,384,1023.36
2020-06-01 00:00:00,Toys,Action Figure,Lincoln Park,Residential,2020,Qtr 2,June,1,2020,60,Chicago,360,959.4
2020-06-01 00:00:00,Toys,Action Figure,Michigan Ave,Commercial,2020,Qtr 2,June,1,2020,198,Chicago,1188,3166.02
2020-06-01 00:00:00,Toys,Action Figure,O'Hare,Airport,2020,Qtr 2,June,1,2020,54,Chicago,324,863.46
2020-06-01 00:00:00,Toys,Animal Figures,Fifth Avenue,Commercial,2020,Qtr 2,June,1,2020,32,New York,96,415.68
2020-06-01 00:00:00,Toys,Animal Figures,JFK,Airport,2020,Qtr 2,June,1,2020,20,New York,60,259.8
2020-06-01 00:00:00,Toys,Animal Figures,Lincoln Park,Residential,2020,Qtr 2,June,1,2020,21,Chicago,63,272.79
2020-06-01 00:00:00,Toys,Animal Figures,Michigan Ave,Commercial,2020,Qtr 2,June,1,2020,53,Chicago,159,688.47
2020-06-01 00:00:00,Toys,Animal Figures,O'Hare,Airport,2020,Qtr 2,June,1,2020,152,Chicago,456,1974.48
2020-06-01 00:00:00,Toys,Dino Egg,Michigan Ave,Commercial,2020,Qtr 2,June,1,2020,37,Chicago,37,406.63
2020-06-01 00:00:00,Toys,Dinosaur Figures,Fifth Avenue,Commercial,2020,Qtr 2,June,1,2020,19,New York,76,284.81
2020-06-01 00:00:00,Toys,Dinosaur Figures,JFK,Airport,2020,Qtr 2,June,1,2020,20,New York,80,299.8
2020-06-01 00:00:00,Toys,Dinosaur Figures,LAX,Airport,2020,Qtr 2,June,1,2020,79,Los Angeles,316,1184.21
2020-06-01 00:00:00,Toys,Dinosaur Figures,Michigan Ave,Commercial,2020,Qtr 2,June,1,2020,42,Chicago,168,629.58
2020-06-01 00:00:00,Toys,Dinosaur Figures,O'Hare,Airport,2020,Qtr 2,June,1,2020,32,Chicago,128,479.68
2020-06-01 00:00:00,Toys,Hot Wheels Pack,Fifth Avenue,Commercial,2020,Qtr 2,June,1,2020,35,New York,70,209.65
2020-06-01 00:00:00,Toys,Hot Wheels Pack,JFK,Airport,2020,Qtr 2,June,1,2020,49,New York,98,293.51
2020-06-01 00:00:00,Toys,Hot Wheels Pack,LAX,Airport,2020,Qtr 2,June,1,2020,30,Los Angeles,60,179.70000000000002
2020-06-01 00:00:00,Toys,Hot Wheels Pack,Lincoln Park,Residential,2020,Qtr 2,June,1,2020,45,Chicago,90,269.55
2020-06-01 00:00:00,Toys,Hot Wheels Pack,Michigan Ave,Commercial,2020,Qtr 2,June,1,2020,5,Chicago,10,29.950000000000003
2020-06-01 00:00:00,Toys,Hot Wheels Pack,O'Hare,Airport,2020,Qtr 2,June,1,2020,37,Chicago,74,221.63
2020-06-01 00:00:00,Toys,Lego Bricks,Fifth Avenue,Commercial,2020,Qtr 2,June,1,2020,84,New York,420,3359.1600000000003
2020-06-01 00:00:00,Toys,Lego Bricks,JFK,Airport,2020,Qtr 2,June,1,2020,68,New York,340,2719.32
2020-06-01 00:00:00,Toys,Lego Bricks,LAX,Airport,2020,Qtr 2,June,1,2020,59,Los Angeles,295,2359.4100000000003
2020-06-01 00:00:00,Toys,Lego Bricks,Lincoln Park,Residential,2020,Qtr 2,June,1,2020,67,Chicago,335,2679.33
2020-06-01 00:00:00,Toys,Lego Bricks,Michigan Ave,Commercial,2020,Qtr 2,June,1,2020,106,Chicago,530,4238.9400000000005
2020-06-01 00:00:00,Toys,Lego Bricks,O'Hare,Airport,2020,Qtr 2,June,1,2020,122,Chicago,610,4878.780000000001
2020-06-01 00:00:00,Toys,Plush Pony,Fifth Avenue,Commercial,2020,Qtr 2,June,1,2020,16,New York,175.99999999999997,319.84
2020-06-01 00:00:00,Toys,Plush Pony,JFK,Airport,2020,Qtr 2,June,1,2020,1,New York,10.999999999999998,19.99
2020-06-01 00:00:00,Toys,Plush Pony,LAX,Airport,2020,Qtr 2,June,1,2020,15,Los Angeles,164.99999999999997,299.84999999999997
2020-06-01 00:00:00,Toys,Plush Pony,Lincoln Park,Residential,2020,Qtr 2,June,1,2020,4,Chicago,43.99999999999999,79.96
2020-06-01 00:00:00,Toys,Plush Pony,Michigan Ave,Commercial,2020,Qtr 2,June,1,2020,21,Chicago,230.99999999999997,419.78999999999996
2020-06-01 00:00:00,Toys,Plush Pony,O'Hare,Airport,2020,Qtr 2,June,1,2020,62,Chicago,681.9999999999999,1239.3799999999999
2020-06-01 00:00:00,Toys,Teddy Bear,Fifth Avenue,Commercial,2020,Qtr 2,June,1,2020,7,New York,14,90.93
2020-06-01 00:00:00,Toys,Teddy Bear,LAX,Airport,2020,Qtr 2,June,1,2020,12,Los Angeles,24,155.88
2020-06-01 00:00:00,Toys,Teddy Bear,O'Hare,Airport,2020,Qtr 2,June,1,2020,5,Chicago,10,64.95
2020-06-02 00:00:00,Toys,Animal Figures,Beverly Hills,Residential,2020,Qtr 2,June,2,2020,42,Los Angeles,126,545.58
2020-06-02 00:00:00,Toys,Lego Bricks,Hollywood,Commercial,2020,Qtr 2,June,2,2020,81,Los Angeles,405,3239.19
2020-06-02 00:00:00,Toys,Teddy Bear,Times Square,Downtown,2020,Qtr 2,June,2,2020,8,New York,16,103.92
2020-06-03 00:00:00,Electronics,Toy Robot,Times Square,Downtown,2020,Qtr 2,June,3,2020,11,New York,55,285.89
2020-06-03 00:00:00,Games,Chutes & Ladders,Beverly Hills,Residential,2020,Qtr 2,June,3,2020,5,Los Angeles,15,64.95
2020-06-03 00:00:00,Sports & Outdoors,Nerf Gun,Hollywood,Commercial,2020,Qtr 2,June,3,2020,9,Los Angeles,44.999999999999986,179.91
2020-06-04 00:00:00,Art & Crafts,PlayDoh Can,Hollywood,Commercial,2020,Qtr 2,June,4,2020,115,Los Angeles,115.00000000000003,343.85
2020-06-04 00:00:00,Games,Classic Dominoes,Beverly Hills,Residential,2020,Qtr 2,June,4,2020,12,Los Angeles,24,119.88
2020-06-04 00:00:00,Games,Uno Card Game,Times Square,Downtown,2020,Qtr 2,June,4,2020,16,New York,64,127.84
2020-06-05 00:00:00,Art & Crafts,PlayDoh Toolkit,Hollywood,Commercial,2020,Qtr 2,June,5,2020,11,Los Angeles,11,54.89
2020-06-05 00:00:00,Sports & Outdoors,Dart Gun,Beverly Hills,Residential,2020,Qtr 2,June,5,2020,32,Los Angeles,128,511.68
2020-06-05 00:00:00,Toys,Action Figure,Millenium,Downtown,2020,Qtr 2,June,5,2020,155,Chicago,930,2478.45
2020-06-06 00:00:00,Games,Deck Of Cards,Beverly Hills,Residential,2020,Qtr 2,June,6,2020,207,Los Angeles,621,1446.93
2020-06-06 00:00:00,Toys,Animal Figures,Millenium,Downtown,2020,Qtr 2,June,6,2020,17,Chicago,51,220.83
2020-06-06 00:00:00,Toys,Plush Pony,Hollywood,Commercial,2020,Qtr 2,June,6,2020,8,Los Angeles,87.99999999999999,159.92
2020-06-07 00:00:00,Electronics,Colorbuds,Millenium,Downtown,2020,Qtr 2,June,7,2020,184,Chicago,1472,2758.16
2020-06-07 00:00:00,Games,Rubik's Cube,Hollywood,Commercial,2020,Qtr 2,June,7,2020,11,Los Angeles,22,219.89
2020-06-07 00:00:00,Toys,Dino Egg,Beverly Hills,Residential,2020,Qtr 2,June,7,2020,10,Los Angeles,10,109.9
2020-06-08 00:00:00,Sports & Outdoors,Dart Gun,Millenium,Downtown,2020,Qtr 2,June,8,2020,45,Chicago,180,719.55
2020-06-08 00:00:00,Sports & Outdoors,Splash Balls,Hollywood,Commercial,2020,Qtr 2,June,8,2020,74,Los Angeles,74,665.26
2020-06-08 00:00:00,Toys,Dinosaur Figures,Beverly Hills,Residential,2020,Qtr 2,June,8,2020,27,Los Angeles,108,404.73
2020-06-09 00:00:00,Games,Deck Of Cards,Millenium,Downtown,2020,Qtr 2,June,9,2020,44,Chicago,132,307.56
2020-06-09 00:00:00,Games,Glass Marbles,Beverly Hills,Residential,2020,Qtr 2,June,9,2020,8,Los Angeles,40,87.92
2020-06-09 00:00:00,Sports & Outdoors,Water Gun,Hollywood,Commercial,2020,Qtr 2,June,9,2020,22,Los Angeles,66,329.78000000000003
2020-06-10 00:00:00,Art & Crafts,Kids Makeup Kit,Beverly Hills,Residential,2020,Qtr 2,June,10,2020,12,Los Angeles,71.99999999999997,239.88
2020-06-10 00:00:00,Electronics,Toy Robot,Hollywood,Commercial,2020,Qtr 2,June,10,2020,11,Los Angeles,55,285.89
2020-06-10 00:00:00,Toys,Dino Egg,Millenium,Downtown,2020,Qtr 2,June,10,2020,34,Chicago,34,373.66
2020-06-11 00:00:00,Toys,Action Figure,Times Square,Downtown,2020,Qtr 2,June,11,2020,61,New York,366,975.39
2020-06-11 00:00:00,Toys,Dinosaur Figures,Millenium,Downtown,2020,Qtr 2,June,11,2020,15,Chicago,60,224.85
2020-06-11 00:00:00,Toys,Lego Bricks,Beverly Hills,Residential,2020,Qtr 2,June,11,2020,64,Los Angeles,320,2559.36
2020-06-12 00:00:00,Games,Glass Marbles,Millenium,Downtown,2020,Qtr 2,June,12,2020,54,Chicago,270,593.46
2020-06-12 00:00:00,Sports & Outdoors,Basketball Hoop,Beverly Hills,Residential,2020,Qtr 2,June,12,2020,15,Los Angeles,239.99999999999997,374.84999999999997
2020-06-12 00:00:00,Toys,Animal Figures,Times Square,Downtown,2020,Qtr 2,June,12,2020,68,New York,204,883.32
2020-06-13 00:00:00,Games,Chutes & Ladders,Times Square,Downtown,2020,Qtr 2,June,13,2020,33,New York,99,428.67
2020-06-13 00:00:00,Games,Monopoly,Beverly Hills,Residential,2020,Qtr 2,June,13,2020,1,Los Angeles,5.999999999999998,19.99
2020-06-13 00:00:00,Toys,Hot Wheels Pack,Millenium,Downtown,2020,Qtr 2,June,13,2020,34,Chicago,68,203.66
2020-06-14 00:00:00,Art & Crafts,PlayDoh Can,Beverly Hills,Residential,2020,Qtr 2,June,14,2020,84,Los Angeles,84.00000000000001,251.16000000000003
2020-06-14 00:00:00,Games,Classic Dominoes,Times Square,Downtown,2020,Qtr 2,June,14,2020,30,New York,60,299.7
2020-06-14 00:00:00,Games,Jenga,Millenium,Downtown,2020,Qtr 2,June,14,2020,70,Chicago,490,699.3000000000001
2020-06-15 00:00:00,Art & Crafts,Kids Makeup Kit,Millenium,Downtown,2020,Qtr 2,June,15,2020,20,Chicago,119.99999999999997,399.79999999999995
2020-06-15 00:00:00,Art & Crafts,PlayDoh Toolkit,Beverly Hills,Residential,2020,Qtr 2,June,15,2020,30,Los Angeles,30,149.70000000000002
2020-06-15 00:00:00,Electronics,Colorbuds,Times Square,Downtown,2020,Qtr 2,June,15,2020,173,New York,1384,2593.27
2020-06-16 00:00:00,Sports & Outdoors,Dart Gun,Times Square,Downtown,2020,Qtr 2,June,16,2020,32,New York,128,511.68
2020-06-16 00:00:00,Toys,Lego Bricks,Millenium,Downtown,2020,Qtr 2,June,16,2020,54,Chicago,270,2159.46
2020-06-16 00:00:00,Toys,Plush Pony,Beverly Hills,Residential,2020,Qtr 2,June,16,2020,21,Los Angeles,230.99999999999997,419.78999999999996
2020-06-17 00:00:00,Games,Deck Of Cards,Times Square,Downtown,2020,Qtr 2,June,17,2020,134,New York,402,936.6600000000001
2020-06-17 00:00:00,Games,Rubik's Cube,Beverly Hills,Residential,2020,Qtr 2,June,17,2020,50,Los Angeles,100,999.4999999999999
2020-06-17 00:00:00,Sports & Outdoors,Nerf Gun,Millenium,Downtown,2020,Qtr 2,June,17,2020,47,Chicago,234.99999999999991,939.53
2020-06-18 00:00:00,Art & Crafts,PlayDoh Can,Millenium,Downtown,2020,Qtr 2,June,18,2020,137,Chicago,137.00000000000003,409.63000000000005
2020-06-18 00:00:00,Sports & Outdoors,Splash Balls,Beverly Hills,Residential,2020,Qtr 2,June,18,2020,93,Los Angeles,93,836.07
2020-06-18 00:00:00,Toys,Dinosaur Figures,Times Square,Downtown,2020,Qtr 2,June,18,2020,31,New York,124,464.69
2020-06-19 00:00:00,Art & Crafts,PlayDoh Playset,Millenium,Downtown,2020,Qtr 2,June,19,2020,43,Chicago,172,1074.57
2020-06-19 00:00:00,Games,Glass Marbles,Times Square,Downtown,2020,Qtr 2,June,19,2020,26,New York,130,285.74
2020-06-19 00:00:00,Toys,Teddy Bear,Beverly Hills,Residential,2020,Qtr 2,June,19,2020,13,Los Angeles,26,168.87
2020-06-20 00:00:00,Art & Crafts,PlayDoh Toolkit,Millenium,Downtown,2020,Qtr 2,June,20,2020,117,Chicago,117,583.83
2020-06-20 00:00:00,Electronics,Toy Robot,Beverly Hills,Residential,2020,Qtr 2,June,20,2020,38,Los Angeles,190,987.6199999999999
2020-06-20 00:00:00,Toys,Hot Wheels Pack,Times Square,Downtown,2020,Qtr 2,June,20,2020,7,New York,14,41.93
2020-06-21 00:00:00,Games,Jenga,Times Square,Downtown,2020,Qtr 2,June,21,2020,15,New York,105,149.85
2020-06-21 00:00:00,Toys,Action Figure,Hollywood,Commercial,2020,Qtr 2,June,21,2020,41,Los Angeles,246,655.59
2020-06-21 00:00:00,Toys,Plush Pony,Millenium,Downtown,2020,Qtr 2,June,21,2020,4,Chicago,43.99999999999999,79.96
2020-06-22 00:00:00,Art & Crafts,Kids Makeup Kit,Times Square,Downtown,2020,Qtr 2,June,22,2020,32,New York,191.99999999999994,639.68
2020-06-22 00:00:00,Games,Rubik's Cube,Millenium,Downtown,2020,Qtr 2,June,22,2020,33,Chicago,66,659.67
2020-06-22 00:00:00,Toys,Animal Figures,Hollywood,Commercial,2020,Qtr 2,June,22,2020,52,Los Angeles,156,675.48
2020-06-23 00:00:00,Electronics,Colorbuds,Hollywood,Commercial,2020,Qtr 2,June,23,2020,194,Los Angeles,1552,2908.06
2020-06-23 00:00:00,Sports & Outdoors,Splash Balls,Millenium,Downtown,2020,Qtr 2,June,23,2020,350,Chicago,350,3146.5
2020-06-23 00:00:00,Toys,Lego Bricks,Times Square,Downtown,2020,Qtr 2,June,23,2020,99,New York,495,3959.01
2020-06-24 00:00:00,Sports & Outdoors,Dart Gun,Hollywood,Commercial,2020,Qtr 2,June,24,2020,57,Los Angeles,228,911.4300000000001
2020-06-24 00:00:00,Sports & Outdoors,Mini Ping Pong,Times Square,Downtown,2020,Qtr 2,June,24,2020,19,New York,57,189.81
2020-06-24 00:00:00,Sports & Outdoors,Water Gun,Millenium,Downtown,2020,Qtr 2,June,24,2020,7,Chicago,21,104.93
2020-06-25 00:00:00,Games,Deck Of Cards,Hollywood,Commercial,2020,Qtr 2,June,25,2020,112,Los Angeles,336,782.88
2020-06-25 00:00:00,Games,Monopoly,Times Square,Downtown,2020,Qtr 2,June,25,2020,12,New York,71.99999999999997,239.88
2020-06-25 00:00:00,Toys,Teddy Bear,Millenium,Downtown,2020,Qtr 2,June,25,2020,6,Chicago,12,77.94
2020-06-26 00:00:00,Electronics,Toy Robot,Millenium,Downtown,2020,Qtr 2,June,26,2020,23,Chicago,115,597.77
2020-06-26 00:00:00,Sports & Outdoors,Nerf Gun,Times Square,Downtown,2020,Qtr 2,June,26,2020,19,New York,94.99999999999997,379.80999999999995
2020-06-26 00:00:00,Toys,Dino Egg,Hollywood,Commercial,2020,Qtr 2,June,26,2020,4,Los Angeles,4,43.96
2020-06-27 00:00:00,Art & Crafts,PlayDoh Can,Times Square,Downtown,2020,Qtr 2,June,27,2020,202,New York,202.00000000000006,603.98
2020-06-27 00:00:00,Toys,Action Figure,LAX,Airport,2020,Qtr 2,June,27,2020,77,Los Angeles,462,1231.23
2020-06-27 00:00:00,Toys,Dinosaur Figures,Hollywood,Commercial,2020,Qtr 2,June,27,2020,45,Los Angeles,180,674.55
2020-06-28 00:00:00,Art & Crafts,PlayDoh Playset,Times Square,Downtown,2020,Qtr 2,June,28,2020,5,New York,20,124.94999999999999
2020-06-28 00:00:00,Games,Glass Marbles,Hollywood,Commercial,2020,Qtr 2,June,28,2020,21,Los Angeles,105,230.79
2020-06-28 00:00:00,Toys,Animal Figures,LAX,Airport,2020,Qtr 2,June,28,2020,57,Los Angeles,171,740.4300000000001
2020-06-29 00:00:00,Electronics,Colorbuds,LAX,Airport,2020,Qtr 2,June,29,2020,215,Los Angeles,1720,3222.85
2020-06-29 00:00:00,Games,Rubik's Cube,Times Square,Downtown,2020,Qtr 2,June,29,2020,13,New York,26,259.87
2020-06-29 00:00:00,Toys,Hot Wheels Pack,Hollywood,Commercial,2020,Qtr 2,June,29,2020,36,Los Angeles,72,215.64000000000001
2020-06-30 00:00:00,Games,Jenga,Hollywood,Commercial,2020,Qtr 2,June,30,2020,31,Los Angeles,217,309.69
2020-06-30 00:00:00,Sports & Outdoors,Dart Gun,LAX,Airport,2020,Qtr 2,June,30,2020,66,Los Angeles,264,1055.34
2020-06-30 00:00:00,Sports & Outdoors,Splash Balls,Times Square,Downtown,2020,Qtr 2,June,30,2020,56,New York,56,503.44
2020-07-01 00:00:00,Art & Crafts,Kids Makeup Kit,Fifth Avenue,Commercial,2020,Qtr 3,July,1,2020,28,New York,167.99999999999994,559.7199999999999
2020-07-01 00:00:00,Art & Crafts,Kids Makeup Kit,Hollywood,Commercial,2020,Qtr 3,July,1,2020,28,Los Angeles,167.99999999999994,559.7199999999999
2020-07-01 00:00:00,Art & Crafts,Kids Makeup Kit,Michigan Ave,Commercial,2020,Qtr 3,July,1,2020,57,Chicago,341.9999999999999,1139.4299999999998
2020-07-01 00:00:00,Art & Crafts,PlayDoh Can,Fifth Avenue,Commercial,2020,Qtr 3,July,1,2020,77,New York,77.00000000000001,230.23000000000002
2020-07-01 00:00:00,Art & Crafts,PlayDoh Can,LAX,Airport,2020,Qtr 3,July,1,2020,160,Los Angeles,160.00000000000003,478.40000000000003
2020-07-01 00:00:00,Art & Crafts,PlayDoh Can,Michigan Ave,Commercial,2020,Qtr 3,July,1,2020,73,Chicago,73.00000000000001,218.27
2020-07-01 00:00:00,Art & Crafts,PlayDoh Playset,Fifth Avenue,Commercial,2020,Qtr 3,July,1,2020,4,New York,16,99.96
2020-07-01 00:00:00,Art & Crafts,PlayDoh Playset,Lincoln Park,Residential,2020,Qtr 3,July,1,2020,31,Chicago,124,774.6899999999999
2020-07-01 00:00:00,Art & Crafts,PlayDoh Playset,Michigan Ave,Commercial,2020,Qtr 3,July,1,2020,15,Chicago,60,374.84999999999997
2020-07-01 00:00:00,Art & Crafts,PlayDoh Toolkit,Fifth Avenue,Commercial,2020,Qtr 3,July,1,2020,22,New York,22,109.78
2020-07-01 00:00:00,Art & Crafts,PlayDoh Toolkit,Lincoln Park,Residential,2020,Qtr 3,July,1,2020,41,Chicago,41,204.59
2020-07-01 00:00:00,Art & Crafts,PlayDoh Toolkit,Michigan Ave,Commercial,2020,Qtr 3,July,1,2020,41,Chicago,41,204.59
2020-07-01 00:00:00,Electronics,Colorbuds,Fifth Avenue,Commercial,2020,Qtr 3,July,1,2020,130,New York,1040,1948.7
2020-07-01 00:00:00,Electronics,Colorbuds,Michigan Ave,Commercial,2020,Qtr 3,July,1,2020,261,Chicago,2088,3912.39
2020-07-01 00:00:00,Electronics,Gamer Headset,Michigan Ave,Commercial,2020,Qtr 3,July,1,2020,9,Chicago,53.999999999999986,188.91
2020-07-01 00:00:00,Electronics,Toy Robot,Fifth Avenue,Commercial,2020,Qtr 3,July,1,2020,24,New York,120,623.76
2020-07-01 00:00:00,Games,Deck Of Cards,Fifth Avenue,Commercial,2020,Qtr 3,July,1,2020,64,New York,192,447.36
2020-07-01 00:00:00,Games,Deck Of Cards,JFK,Airport,2020,Qtr 3,July,1,2020,130,New York,390,908.7
2020-07-01 00:00:00,Games,Deck Of Cards,Michigan Ave,Commercial,2020,Qtr 3,July,1,2020,64,Chicago,192,447.36
2020-07-01 00:00:00,Games,Glass Marbles,Fifth Avenue,Commercial,2020,Qtr 3,July,1,2020,16,New York,80,175.84
2020-07-01 00:00:00,Games,Glass Marbles,Michigan Ave,Commercial,2020,Qtr 3,July,1,2020,16,Chicago,80,175.84
2020-07-01 00:00:00,Games,Jenga,Fifth Avenue,Commercial,2020,Qtr 3,July,1,2020,123,New York,861,1228.77
2020-07-01 00:00:00,Games,Jenga,Michigan Ave,Commercial,2020,Qtr 3,July,1,2020,48,Chicago,336,479.52
2020-07-01 00:00:00,Games,Rubik's Cube,Fifth Avenue,Commercial,2020,Qtr 3,July,1,2020,31,New York,62,619.6899999999999
2020-07-01 00:00:00,Games,Rubik's Cube,Michigan Ave,Commercial,2020,Qtr 3,July,1,2020,79,Chicago,158,1579.2099999999998
2020-07-01 00:00:00,Games,Uno Card Game,Lincoln Park,Residential,2020,Qtr 3,July,1,2020,13,Chicago,52,103.87
2020-07-01 00:00:00,Sports & Outdoors,Dart Gun,Fifth Avenue,Commercial,2020,Qtr 3,July,1,2020,26,New York,104,415.74
2020-07-01 00:00:00,Sports & Outdoors,Dart Gun,Michigan Ave,Commercial,2020,Qtr 3,July,1,2020,87,Chicago,348,1391.13
2020-07-01 00:00:00,Sports & Outdoors,Nerf Gun,Fifth Avenue,Commercial,2020,Qtr 3,July,1,2020,23,New York,114.99999999999996,459.77
2020-07-01 00:00:00,Sports & Outdoors,Nerf Gun,Michigan Ave,Commercial,2020,Qtr 3,July,1,2020,54,Chicago,269.9999999999999,1079.4599999999998
2020-07-01 00:00:00,Sports & Outdoors,Splash Balls,Fifth Avenue,Commercial,2020,Qtr 3,July,1,2020,927,New York,927,8333.73
2020-07-01 00:00:00,Sports & Outdoors,Splash Balls,Lincoln Park,Residential,2020,Qtr 3,July,1,2020,87,Chicago,87,782.13
2020-07-01 00:00:00,Sports & Outdoors,Splash Balls,Michigan Ave,Commercial,2020,Qtr 3,July,1,2020,151,Chicago,151,1357.49
2020-07-01 00:00:00,Sports & Outdoors,Water Gun,Fifth Avenue,Commercial,2020,Qtr 3,July,1,2020,13,New York,39,194.87
2020-07-01 00:00:00,Sports & Outdoors,Water Gun,Lincoln Park,Residential,2020,Qtr 3,July,1,2020,12,Chicago,36,179.88
2020-07-01 00:00:00,Sports & Outdoors,Water Gun,Michigan Ave,Commercial,2020,Qtr 3,July,1,2020,8,Chicago,24,119.92
2020-07-01 00:00:00,Toys,Action Figure,Beverly Hills,Residential,2020,Qtr 3,July,1,2020,50,Los Angeles,300,799.5
2020-07-01 00:00:00,Toys,Action Figure,Fifth Avenue,Commercial,2020,Qtr 3,July,1,2020,76,New York,456,1215.24
2020-07-01 00:00:00,Toys,Action Figure,Michigan Ave,Commercial,2020,Qtr 3,July,1,2020,80,Chicago,480,1279.2
2020-07-01 00:00:00,Toys,Action Figure,Millenium,Downtown,2020,Qtr 3,July,1,2020,83,Chicago,498,1327.17
2020-07-01 00:00:00,Toys,Animal Figures,Fifth Avenue,Commercial,2020,Qtr 3,July,1,2020,36,New York,108,467.64
2020-07-01 00:00:00,Toys,Animal Figures,Michigan Ave,Commercial,2020,Qtr 3,July,1,2020,79,Chicago,237,1026.21
2020-07-01 00:00:00,Toys,Dinosaur Figures,Fifth Avenue,Commercial,2020,Qtr 3,July,1,2020,13,New York,52,194.87
2020-07-01 00:00:00,Toys,Dinosaur Figures,Michigan Ave,Commercial,2020,Qtr 3,July,1,2020,57,Chicago,228,854.4300000000001
2020-07-01 00:00:00,Toys,Hot Wheels Pack,Fifth Avenue,Commercial,2020,Qtr 3,July,1,2020,58,New York,116,347.42
2020-07-01 00:00:00,Toys,Hot Wheels Pack,Michigan Ave,Commercial,2020,Qtr 3,July,1,2020,34,Chicago,68,203.66
2020-07-01 00:00:00,Toys,Lego Bricks,Fifth Avenue,Commercial,2020,Qtr 3,July,1,2020,7,New York,35,279.93
2020-07-01 00:00:00,Toys,Lego Bricks,Michigan Ave,Commercial,2020,Qtr 3,July,1,2020,10,Chicago,50,399.90000000000003
2020-07-01 00:00:00,Toys,Plush Pony,Fifth Avenue,Commercial,2020,Qtr 3,July,1,2020,4,New York,43.99999999999999,79.96
2020-07-01 00:00:00,Toys,Plush Pony,Lincoln Park,Residential,2020,Qtr 3,July,1,2020,7,Chicago,76.99999999999999,139.92999999999998
2020-07-01 00:00:00,Toys,Plush Pony,Michigan Ave,Commercial,2020,Qtr 3,July,1,2020,47,Chicago,516.9999999999999,939.53
2020-07-01 00:00:00,Toys,Teddy Bear,Lincoln Park,Residential,2020,Qtr 3,July,1,2020,11,Chicago,22,142.89000000000001
2020-07-02 00:00:00,Art & Crafts,PlayDoh Playset,LAX,Airport,2020,Qtr 3,July,2,2020,50,Los Angeles,200,1249.5
2020-07-02 00:00:00,Sports & Outdoors,Nerf Gun,Hollywood,Commercial,2020,Qtr 3,July,2,2020,7,Los Angeles,34.999999999999986,139.92999999999998
2020-07-02 00:00:00,Toys,Animal Figures,Beverly Hills,Residential,2020,Qtr 3,July,2,2020,49,Los Angeles,147,636.51
2020-07-02 00:00:00,Toys,Animal Figures,Millenium,Downtown,2020,Qtr 3,July,2,2020,31,Chicago,93,402.69
2020-07-02 00:00:00,Toys,Dinosaur Figures,JFK,Airport,2020,Qtr 3,July,2,2020,39,New York,156,584.61
2020-07-03 00:00:00,Art & Crafts,PlayDoh Can,Hollywood,Commercial,2020,Qtr 3,July,3,2020,105,Los Angeles,105.00000000000003,313.95000000000005
2020-07-03 00:00:00,Art & Crafts,PlayDoh Toolkit,LAX,Airport,2020,Qtr 3,July,3,2020,156,Los Angeles,156,778.44
2020-07-03 00:00:00,Electronics,Colorbuds,Millenium,Downtown,2020,Qtr 3,July,3,2020,134,Chicago,1072,2008.66
2020-07-03 00:00:00,Games,Chutes & Ladders,Beverly Hills,Residential,2020,Qtr 3,July,3,2020,7,Los Angeles,21,90.93
2020-07-03 00:00:00,Games,Glass Marbles,JFK,Airport,2020,Qtr 3,July,3,2020,31,New York,155,340.69
2020-07-04 00:00:00,Art & Crafts,PlayDoh Playset,Hollywood,Commercial,2020,Qtr 3,July,4,2020,6,Los Angeles,24,149.94
2020-07-04 00:00:00,Games,Classic Dominoes,Beverly Hills,Residential,2020,Qtr 3,July,4,2020,27,Los Angeles,54,269.73
2020-07-04 00:00:00,Sports & Outdoors,Dart Gun,Millenium,Downtown,2020,Qtr 3,July,4,2020,58,Chicago,232,927.42
2020-07-04 00:00:00,Toys,Hot Wheels Pack,JFK,Airport,2020,Qtr 3,July,4,2020,59,New York,118,353.41
2020-07-04 00:00:00,Toys,Plush Pony,LAX,Airport,2020,Qtr 3,July,4,2020,15,Los Angeles,164.99999999999997,299.84999999999997
2020-07-05 00:00:00,Art & Crafts,Kids Makeup Kit,JFK,Airport,2020,Qtr 3,July,5,2020,32,New York,191.99999999999994,639.68
2020-07-05 00:00:00,Art & Crafts,PlayDoh Toolkit,Hollywood,Commercial,2020,Qtr 3,July,5,2020,45,Los Angeles,45,224.55
2020-07-05 00:00:00,Electronics,Colorbuds,Beverly Hills,Residential,2020,Qtr 3,July,5,2020,5,Los Angeles,40,74.95
2020-07-05 00:00:00,Games,Deck Of Cards,Millenium,Downtown,2020,Qtr 3,July,5,2020,148,Chicago,444,1034.52
2020-07-05 00:00:00,Games,Rubik's Cube,LAX,Airport,2020,Qtr 3,July,5,2020,189,Los Angeles,378,3778.1099999999997
2020-07-06 00:00:00,Sports & Outdoors,Dart Gun,Beverly Hills,Residential,2020,Qtr 3,July,6,2020,65,Los Angeles,260,1039.35
2020-07-06 00:00:00,Sports & Outdoors,Splash Balls,LAX,Airport,2020,Qtr 3,July,6,2020,145,Los Angeles,145,1303.55
2020-07-06 00:00:00,Toys,Dinosaur Figures,Millenium,Downtown,2020,Qtr 3,July,6,2020,29,Chicago,116,434.71
2020-07-06 00:00:00,Toys,Lego Bricks,JFK,Airport,2020,Qtr 3,July,6,2020,9,New York,45,359.91
2020-07-06 00:00:00,Toys,Plush Pony,Hollywood,Commercial,2020,Qtr 3,July,6,2020,12,Los Angeles,131.99999999999997,239.88
2020-07-07 00:00:00,Games,Deck Of Cards,Beverly Hills,Residential,2020,Qtr 3,July,7,2020,120,Los Angeles,360,838.8000000000001
2020-07-07 00:00:00,Games,Glass Marbles,Millenium,Downtown,2020,Qtr 3,July,7,2020,13,Chicago,65,142.87
2020-07-07 00:00:00,Games,Rubik's Cube,Hollywood,Commercial,2020,Qtr 3,July,7,2020,22,Los Angeles,44,439.78
2020-07-07 00:00:00,Sports & Outdoors,Basketball Hoop,JFK,Airport,2020,Qtr 3,July,7,2020,29,New York,463.99999999999994,724.7099999999999
2020-07-07 00:00:00,Sports & Outdoors,Water Gun,LAX,Airport,2020,Qtr 3,July,7,2020,11,Los Angeles,33,164.89000000000001
2020-07-08 00:00:00,Art & Crafts,PlayDoh Can,JFK,Airport,2020,Qtr 3,July,8,2020,92,New York,92.00000000000001,275.08000000000004
2020-07-08 00:00:00,Electronics,Toy Robot,LAX,Airport,2020,Qtr 3,July,8,2020,16,Los Angeles,80,415.84
2020-07-08 00:00:00,Sports & Outdoors,Splash Balls,Hollywood,Commercial,2020,Qtr 3,July,8,2020,129,Los Angeles,129,1159.71
2020-07-08 00:00:00,Toys,Dinosaur Figures,Beverly Hills,Residential,2020,Qtr 3,July,8,2020,23,Los Angeles,92,344.77
2020-07-08 00:00:00,Toys,Hot Wheels Pack,Millenium,Downtown,2020,Qtr 3,July,8,2020,74,Chicago,148,443.26
2020-07-09 00:00:00,Art & Crafts,PlayDoh Playset,JFK,Airport,2020,Qtr 3,July,9,2020,25,New York,100,624.75
2020-07-09 00:00:00,Games,Glass Marbles,Beverly Hills,Residential,2020,Qtr 3,July,9,2020,21,Los Angeles,105,230.79
2020-07-09 00:00:00,Games,Jenga,Millenium,Downtown,2020,Qtr 3,July,9,2020,51,Chicago,357,509.49
2020-07-09 00:00:00,Sports & Outdoors,Water Gun,Hollywood,Commercial,2020,Qtr 3,July,9,2020,16,Los Angeles,48,239.84
2020-07-09 00:00:00,Toys,Action Figure,O'Hare,Airport,2020,Qtr 3,July,9,2020,160,Chicago,960,2558.4
2020-07-10 00:00:00,Art & Crafts,Kids Makeup Kit,Millenium,Downtown,2020,Qtr 3,July,10,2020,86,Chicago,515.9999999999999,1719.1399999999999
2020-07-10 00:00:00,Art & Crafts,PlayDoh Toolkit,JFK,Airport,2020,Qtr 3,July,10,2020,2,New York,2,9.98
2020-07-10 00:00:00,Electronics,Toy Robot,Hollywood,Commercial,2020,Qtr 3,July,10,2020,11,Los Angeles,55,285.89
2020-07-10 00:00:00,Toys,Animal Figures,O'Hare,Airport,2020,Qtr 3,July,10,2020,75,Chicago,225,974.25
2020-07-10 00:00:00,Toys,Hot Wheels Pack,Beverly Hills,Residential,2020,Qtr 3,July,10,2020,26,Los Angeles,52,155.74
2020-07-11 00:00:00,Electronics,Colorbuds,O'Hare,Airport,2020,Qtr 3,July,11,2020,425,Chicago,3400,6370.75
2020-07-11 00:00:00,Games,Jenga,Beverly Hills,Residential,2020,Qtr 3,July,11,2020,12,Los Angeles,84,119.88
2020-07-11 00:00:00,Toys,Action Figure,Times Square,Downtown,2020,Qtr 3,July,11,2020,79,New York,474,1263.21
2020-07-11 00:00:00,Toys,Lego Bricks,Millenium,Downtown,2020,Qtr 3,July,11,2020,26,Chicago,130,1039.74
2020-07-11 00:00:00,Toys,Plush Pony,JFK,Airport,2020,Qtr 3,July,11,2020,19,New York,208.99999999999997,379.80999999999995
2020-07-12 00:00:00,Art & Crafts,Kids Makeup Kit,Beverly Hills,Residential,2020,Qtr 3,July,12,2020,46,Los Angeles,275.99999999999994,919.54
2020-07-12 00:00:00,Games,Rubik's Cube,JFK,Airport,2020,Qtr 3,July,12,2020,17,New York,34,339.83
2020-07-12 00:00:00,Sports & Outdoors,Dart Gun,O'Hare,Airport,2020,Qtr 3,July,12,2020,98,Chicago,392,1567.02
2020-07-12 00:00:00,Sports & Outdoors,Nerf Gun,Millenium,Downtown,2020,Qtr 3,July,12,2020,22,Chicago,109.99999999999996,439.78
2020-07-12 00:00:00,Toys,Animal Figures,Times Square,Downtown,2020,Qtr 3,July,12,2020,105,New York,315,1363.95
2020-07-13 00:00:00,Art & Crafts,PlayDoh Can,Millenium,Downtown,2020,Qtr 3,July,13,2020,75,Chicago,75.00000000000001,224.25000000000003
2020-07-13 00:00:00,Games,Chutes & Ladders,Times Square,Downtown,2020,Qtr 3,July,13,2020,25,New York,75,324.75
2020-07-13 00:00:00,Games,Deck Of Cards,O'Hare,Airport,2020,Qtr 3,July,13,2020,263,Chicago,789,1838.3700000000001
2020-07-13 00:00:00,Sports & Outdoors,Splash Balls,JFK,Airport,2020,Qtr 3,July,13,2020,153,New York,153,1375.47
2020-07-13 00:00:00,Toys,Lego Bricks,Beverly Hills,Residential,2020,Qtr 3,July,13,2020,8,Los Angeles,40,319.92
2020-07-14 00:00:00,Art & Crafts,PlayDoh Playset,Millenium,Downtown,2020,Qtr 3,July,14,2020,35,Chicago,140,874.65
2020-07-14 00:00:00,Electronics,Colorbuds,Times Square,Downtown,2020,Qtr 3,July,14,2020,185,New York,1480,2773.15
2020-07-14 00:00:00,Electronics,Gamer Headset,O'Hare,Airport,2020,Qtr 3,July,14,2020,10,Chicago,59.999999999999986,209.89999999999998
2020-07-14 00:00:00,Sports & Outdoors,Mini Ping Pong,Beverly Hills,Residential,2020,Qtr 3,July,14,2020,22,Los Angeles,66,219.78
2020-07-14 00:00:00,Sports & Outdoors,Water Gun,JFK,Airport,2020,Qtr 3,July,14,2020,7,New York,21,104.93
2020-07-15 00:00:00,Art & Crafts,PlayDoh Toolkit,Millenium,Downtown,2020,Qtr 3,July,15,2020,46,Chicago,46,229.54000000000002
2020-07-15 00:00:00,Electronics,Toy Robot,JFK,Airport,2020,Qtr 3,July,15,2020,11,New York,55,285.89
2020-07-15 00:00:00,Games,Glass Marbles,O'Hare,Airport,2020,Qtr 3,July,15,2020,156,Chicago,780,1714.44
2020-07-15 00:00:00,Sports & Outdoors,Dart Gun,Times Square,Downtown,2020,Qtr 3,July,15,2020,62,New York,248,991.38
2020-07-15 00:00:00,Sports & Outdoors,Nerf Gun,Beverly Hills,Residential,2020,Qtr 3,July,15,2020,22,Los Angeles,109.99999999999996,439.78
2020-07-16 00:00:00,Art & Crafts,PlayDoh Can,Beverly Hills,Residential,2020,Qtr 3,July,16,2020,81,Los Angeles,81.00000000000001,242.19000000000003
2020-07-16 00:00:00,Games,Deck Of Cards,Times Square,Downtown,2020,Qtr 3,July,16,2020,112,New York,336,782.88
2020-07-16 00:00:00,Games,Rubik's Cube,Millenium,Downtown,2020,Qtr 3,July,16,2020,15,Chicago,30,299.84999999999997
2020-07-16 00:00:00,Toys,Action Figure,Lincoln Park,Residential,2020,Qtr 3,July,16,2020,29,Chicago,174,463.71
2020-07-16 00:00:00,Toys,Hot Wheels Pack,O'Hare,Airport,2020,Qtr 3,July,16,2020,79,Chicago,158,473.21000000000004
2020-07-17 00:00:00,Art & Crafts,PlayDoh Playset,Beverly Hills,Residential,2020,Qtr 3,July,17,2020,47,Los Angeles,188,1174.53
2020-07-17 00:00:00,Games,Jenga,O'Hare,Airport,2020,Qtr 3,July,17,2020,52,Chicago,364,519.48
2020-07-17 00:00:00,Sports & Outdoors,Splash Balls,Millenium,Downtown,2020,Qtr 3,July,17,2020,281,Chicago,281,2526.19
2020-07-17 00:00:00,Toys,Animal Figures,Lincoln Park,Residential,2020,Qtr 3,July,17,2020,35,Chicago,105,454.65000000000003
2020-07-17 00:00:00,Toys,Dinosaur Figures,Times Square,Downtown,2020,Qtr 3,July,17,2020,72,New York,288,1079.28
2020-07-18 00:00:00,Art & Crafts,PlayDoh Toolkit,Beverly Hills,Residential,2020,Qtr 3,July,18,2020,8,Los Angeles,8,39.92
2020-07-18 00:00:00,Games,Chutes & Ladders,Lincoln Park,Residential,2020,Qtr 3,July,18,2020,39,Chicago,117,506.61
2020-07-18 00:00:00,Games,Glass Marbles,Times Square,Downtown,2020,Qtr 3,July,18,2020,43,New York,215,472.57
2020-07-18 00:00:00,Sports & Outdoors,Water Gun,Millenium,Downtown,2020,Qtr 3,July,18,2020,6,Chicago,18,89.94
2020-07-18 00:00:00,Toys,Lego Bricks,O'Hare,Airport,2020,Qtr 3,July,18,2020,14,Chicago,70,559.86
2020-07-19 00:00:00,Electronics,Toy Robot,Millenium,Downtown,2020,Qtr 3,July,19,2020,19,Chicago,95,493.80999999999995
2020-07-19 00:00:00,Games,Classic Dominoes,Lincoln Park,Residential,2020,Qtr 3,July,19,2020,11,Chicago,22,109.89
2020-07-19 00:00:00,Games,Rubik's Cube,Beverly Hills,Residential,2020,Qtr 3,July,19,2020,15,Los Angeles,30,299.84999999999997
2020-07-19 00:00:00,Sports & Outdoors,Nerf Gun,O'Hare,Airport,2020,Qtr 3,July,19,2020,58,Chicago,289.9999999999999,1159.4199999999998
2020-07-19 00:00:00,Toys,Hot Wheels Pack,Times Square,Downtown,2020,Qtr 3,July,19,2020,44,New York,88,263.56
2020-07-20 00:00:00,Art & Crafts,PlayDoh Can,O'Hare,Airport,2020,Qtr 3,July,20,2020,100,Chicago,100.00000000000003,299
2020-07-20 00:00:00,Games,Jenga,Times Square,Downtown,2020,Qtr 3,July,20,2020,18,New York,126,179.82
2020-07-20 00:00:00,Sports & Outdoors,Dart Gun,Lincoln Park,Residential,2020,Qtr 3,July,20,2020,64,Chicago,256,1023.36
2020-07-20 00:00:00,Sports & Outdoors,Splash Balls,Beverly Hills,Residential,2020,Qtr 3,July,20,2020,47,Los Angeles,47,422.53000000000003
2020-07-20 00:00:00,Toys,Action Figure,LAX,Airport,2020,Qtr 3,July,20,2020,163,Los Angeles,978,2606.37
2020-07-21 00:00:00,Art & Crafts,Kids Makeup Kit,Times Square,Downtown,2020,Qtr 3,July,21,2020,67,New York,401.9999999999999,1339.33
2020-07-21 00:00:00,Art & Crafts,PlayDoh Playset,O'Hare,Airport,2020,Qtr 3,July,21,2020,48,Chicago,192,1199.52
2020-07-21 00:00:00,Games,Deck Of Cards,Lincoln Park,Residential,2020,Qtr 3,July,21,2020,79,Chicago,237,552.21
2020-07-21 00:00:00,Toys,Animal Figures,LAX,Airport,2020,Qtr 3,July,21,2020,98,Los Angeles,294,1273.02
2020-07-21 00:00:00,Toys,Teddy Bear,Beverly Hills,Residential,2020,Qtr 3,July,21,2020,10,Los Angeles,20,129.9
2020-07-22 00:00:00,Art & Crafts,PlayDoh Toolkit,O'Hare,Airport,2020,Qtr 3,July,22,2020,118,Chicago,118,588.82
2020-07-22 00:00:00,Electronics,Colorbuds,LAX,Airport,2020,Qtr 3,July,22,2020,427,Los Angeles,3416,6400.7300000000005
2020-07-22 00:00:00,Games,Uno Card Game,Beverly Hills,Residential,2020,Qtr 3,July,22,2020,16,Los Angeles,64,127.84
2020-07-22 00:00:00,Sports & Outdoors,Mini Ping Pong,Times Square,Downtown,2020,Qtr 3,July,22,2020,29,New York,87,289.71
2020-07-22 00:00:00,Toys,Dinosaur Figures,Lincoln Park,Residential,2020,Qtr 3,July,22,2020,1,Chicago,4,14.99
2020-07-23 00:00:00,Games,Glass Marbles,Lincoln Park,Residential,2020,Qtr 3,July,23,2020,18,Chicago,90,197.82
2020-07-23 00:00:00,Games,Monopoly,Times Square,Downtown,2020,Qtr 3,July,23,2020,14,New York,83.99999999999997,279.85999999999996
2020-07-23 00:00:00,Sports & Outdoors,Dart Gun,LAX,Airport,2020,Qtr 3,July,23,2020,146,Los Angeles,584,2334.54
2020-07-23 00:00:00,Toys,Action Figure,Hollywood,Commercial,2020,Qtr 3,July,23,2020,58,Los Angeles,348,927.42
2020-07-23 00:00:00,Toys,Plush Pony,O'Hare,Airport,2020,Qtr 3,July,23,2020,7,Chicago,76.99999999999999,139.92999999999998
2020-07-24 00:00:00,Art & Crafts,PlayDoh Can,Times Square,Downtown,2020,Qtr 3,July,24,2020,119,New York,119.00000000000003,355.81
2020-07-24 00:00:00,Games,Deck Of Cards,LAX,Airport,2020,Qtr 3,July,24,2020,21,Los Angeles,63,146.79
2020-07-24 00:00:00,Games,Rubik's Cube,O'Hare,Airport,2020,Qtr 3,July,24,2020,86,Chicago,172,1719.1399999999999
2020-07-24 00:00:00,Toys,Animal Figures,Hollywood,Commercial,2020,Qtr 3,July,24,2020,22,Los Angeles,66,285.78000000000003
2020-07-24 00:00:00,Toys,Hot Wheels Pack,Lincoln Park,Residential,2020,Qtr 3,July,24,2020,35,Chicago,70,209.65
2020-07-25 00:00:00,Art & Crafts,PlayDoh Toolkit,Times Square,Downtown,2020,Qtr 3,July,25,2020,21,New York,21,104.79
2020-07-25 00:00:00,Electronics,Colorbuds,Hollywood,Commercial,2020,Qtr 3,July,25,2020,199,Los Angeles,1592,2983.01
2020-07-25 00:00:00,Games,Jenga,Lincoln Park,Residential,2020,Qtr 3,July,25,2020,48,Chicago,336,479.52
2020-07-25 00:00:00,Sports & Outdoors,Splash Balls,O'Hare,Airport,2020,Qtr 3,July,25,2020,491,Chicago,491,4414.09
2020-07-25 00:00:00,Toys,Dinosaur Figures,LAX,Airport,2020,Qtr 3,July,25,2020,46,Los Angeles,184,689.54
2020-07-26 00:00:00,Art & Crafts,Kids Makeup Kit,Lincoln Park,Residential,2020,Qtr 3,July,26,2020,13,Chicago,77.99999999999997,259.87
2020-07-26 00:00:00,Electronics,Gamer Headset,LAX,Airport,2020,Qtr 3,July,26,2020,16,Los Angeles,95.99999999999997,335.84
2020-07-26 00:00:00,Sports & Outdoors,Dart Gun,Hollywood,Commercial,2020,Qtr 3,July,26,2020,33,Los Angeles,132,527.67
2020-07-26 00:00:00,Sports & Outdoors,Water Gun,O'Hare,Airport,2020,Qtr 3,July,26,2020,24,Chicago,72,359.76
2020-07-26 00:00:00,Toys,Plush Pony,Times Square,Downtown,2020,Qtr 3,July,26,2020,12,New York,131.99999999999997,239.88
2020-07-27 00:00:00,Electronics,Toy Robot,O'Hare,Airport,2020,Qtr 3,July,27,2020,13,Chicago,65,337.87
2020-07-27 00:00:00,Games,Deck Of Cards,Hollywood,Commercial,2020,Qtr 3,July,27,2020,80,Los Angeles,240,559.2
2020-07-27 00:00:00,Games,Glass Marbles,LAX,Airport,2020,Qtr 3,July,27,2020,60,Los Angeles,300,659.4
2020-07-27 00:00:00,Games,Rubik's Cube,Times Square,Downtown,2020,Qtr 3,July,27,2020,42,New York,84,839.5799999999999
2020-07-27 00:00:00,Toys,Lego Bricks,Lincoln Park,Residential,2020,Qtr 3,July,27,2020,43,Chicago,215,1719.5700000000002
2020-07-28 00:00:00,Sports & Outdoors,Basketball Hoop,Lincoln Park,Residential,2020,Qtr 3,July,28,2020,23,Chicago,367.99999999999994,574.77
2020-07-28 00:00:00,Sports & Outdoors,Splash Balls,Times Square,Downtown,2020,Qtr 3,July,28,2020,52,New York,52,467.48
2020-07-28 00:00:00,Toys,Action Figure,JFK,Airport,2020,Qtr 3,July,28,2020,62,New York,372,991.38
2020-07-28 00:00:00,Toys,Dinosaur Figures,Hollywood,Commercial,2020,Qtr 3,July,28,2020,41,Los Angeles,164,614.59
2020-07-28 00:00:00,Toys,Hot Wheels Pack,LAX,Airport,2020,Qtr 3,July,28,2020,47,Los Angeles,94,281.53000000000003
2020-07-29 00:00:00,Games,Glass Marbles,Hollywood,Commercial,2020,Qtr 3,July,29,2020,18,Los Angeles,90,197.82
2020-07-29 00:00:00,Games,Jenga,LAX,Airport,2020,Qtr 3,July,29,2020,63,Los Angeles,441,629.37
2020-07-29 00:00:00,Sports & Outdoors,Mini Ping Pong,Lincoln Park,Residential,2020,Qtr 3,July,29,2020,117,Chicago,351,1168.83
2020-07-29 00:00:00,Sports & Outdoors,Water Gun,Times Square,Downtown,2020,Qtr 3,July,29,2020,27,New York,81,404.73
2020-07-29 00:00:00,Toys,Animal Figures,JFK,Airport,2020,Qtr 3,July,29,2020,2,New York,6,25.98
2020-07-30 00:00:00,Art & Crafts,Kids Makeup Kit,LAX,Airport,2020,Qtr 3,July,30,2020,35,Los Angeles,209.99999999999994,699.65
2020-07-30 00:00:00,Electronics,Colorbuds,JFK,Airport,2020,Qtr 3,July,30,2020,59,New York,472,884.41
2020-07-30 00:00:00,Sports & Outdoors,Nerf Gun,Lincoln Park,Residential,2020,Qtr 3,July,30,2020,56,Chicago,279.9999999999999,1119.4399999999998
2020-07-30 00:00:00,Toys,Hot Wheels Pack,Hollywood,Commercial,2020,Qtr 3,July,30,2020,44,Los Angeles,88,263.56
2020-07-30 00:00:00,Toys,Teddy Bear,Times Square,Downtown,2020,Qtr 3,July,30,2020,11,New York,22,142.89000000000001
2020-07-31 00:00:00,Art & Crafts,PlayDoh Can,Lincoln Park,Residential,2020,Qtr 3,July,31,2020,37,Chicago,37.00000000000001,110.63000000000001
2020-07-31 00:00:00,Games,Jenga,Hollywood,Commercial,2020,Qtr 3,July,31,2020,7,Los Angeles,49,69.93
2020-07-31 00:00:00,Games,Uno Card Game,Times Square,Downtown,2020,Qtr 3,July,31,2020,22,New York,88,175.78
2020-07-31 00:00:00,Sports & Outdoors,Dart Gun,JFK,Airport,2020,Qtr 3,July,31,2020,12,New York,48,191.88
2020-07-31 00:00:00,Sports & Outdoors,Nerf Gun,LAX,Airport,2020,Qtr 3,July,31,2020,50,Los Angeles,249.99999999999991,999.4999999999999
2020-08-01 00:00:00,Electronics,Toy Robot,Times Square,Downtown,2020,Qtr 3,August,1,2020,2,New York,10,51.98
2020-08-01 00:00:00,Games,Chutes & Ladders,JFK,Airport,2020,Qtr 3,August,1,2020,28,New York,84,363.72
2020-08-01 00:00:00,Games,Jenga,Hollywood,Commercial,2020,Qtr 3,August,1,2020,27,Los Angeles,189,269.73
2020-08-01 00:00:00,Sports & Outdoors,Nerf Gun,LAX,Airport,2020,Qtr 3,August,1,2020,18,Los Angeles,89.99999999999997,359.82
2020-08-01 00:00:00,Sports & Outdoors,Nerf Gun,Lincoln Park,Residential,2020,Qtr 3,August,1,2020,7,Chicago,34.999999999999986,139.92999999999998
2020-08-01 00:00:00,Toys,Action Figure,Beverly Hills,Residential,2020,Qtr 3,August,1,2020,31,Los Angeles,186,495.69
2020-08-01 00:00:00,Toys,Animal Figures,Fifth Avenue,Commercial,2020,Qtr 3,August,1,2020,30,New York,90,389.7
2020-08-02 00:00:00,Art & Crafts,Kids Makeup Kit,Hollywood,Commercial,2020,Qtr 3,August,2,2020,36,Los Angeles,215.99999999999994,719.64
2020-08-02 00:00:00,Art & Crafts,PlayDoh Can,LAX,Airport,2020,Qtr 3,August,2,2020,51,Los Angeles,51.000000000000014,152.49
2020-08-02 00:00:00,Art & Crafts,PlayDoh Can,Lincoln Park,Residential,2020,Qtr 3,August,2,2020,96,Chicago,96.00000000000003,287.04
2020-08-02 00:00:00,Electronics,Colorbuds,Fifth Avenue,Commercial,2020,Qtr 3,August,2,2020,94,New York,752,1409.06
2020-08-02 00:00:00,Electronics,Colorbuds,JFK,Airport,2020,Qtr 3,August,2,2020,39,New York,312,584.61
2020-08-02 00:00:00,Toys,Action Figure,Millenium,Downtown,2020,Qtr 3,August,2,2020,99,Chicago,594,1583.01
2020-08-02 00:00:00,Toys,Animal Figures,Beverly Hills,Residential,2020,Qtr 3,August,2,2020,29,Los Angeles,87,376.71
2020-08-03 00:00:00,Art & Crafts,Barrel O' Slime,Beverly Hills,Residential,2020,Qtr 3,August,3,2020,35,Los Angeles,70,139.65
2020-08-03 00:00:00,Art & Crafts,PlayDoh Can,Hollywood,Commercial,2020,Qtr 3,August,3,2020,62,Los Angeles,62.000000000000014,185.38000000000002
2020-08-03 00:00:00,Art & Crafts,PlayDoh Playset,LAX,Airport,2020,Qtr 3,August,3,2020,10,Los Angeles,40,249.89999999999998
2020-08-03 00:00:00,Art & Crafts,PlayDoh Playset,Lincoln Park,Residential,2020,Qtr 3,August,3,2020,17,Chicago,68,424.83
2020-08-03 00:00:00,Sports & Outdoors,Dart Gun,Fifth Avenue,Commercial,2020,Qtr 3,August,3,2020,15,New York,60,239.85
2020-08-03 00:00:00,Sports & Outdoors,Dart Gun,JFK,Airport,2020,Qtr 3,August,3,2020,20,New York,80,319.8
2020-08-03 00:00:00,Toys,Animal Figures,Millenium,Downtown,2020,Qtr 3,August,3,2020,19,Chicago,57,246.81
2020-08-04 00:00:00,Art & Crafts,Barrel O' Slime,Millenium,Downtown,2020,Qtr 3,August,4,2020,47,Chicago,94,187.53
2020-08-04 00:00:00,Art & Crafts,PlayDoh Toolkit,Hollywood,Commercial,2020,Qtr 3,August,4,2020,24,Los Angeles,24,119.76
2020-08-04 00:00:00,Art & Crafts,PlayDoh Toolkit,LAX,Airport,2020,Qtr 3,August,4,2020,43,Los Angeles,43,214.57000000000002
2020-08-04 00:00:00,Art & Crafts,PlayDoh Toolkit,Lincoln Park,Residential,2020,Qtr 3,August,4,2020,27,Chicago,27,134.73000000000002
2020-08-04 00:00:00,Games,Chutes & Ladders,Beverly Hills,Residential,2020,Qtr 3,August,4,2020,2,Los Angeles,6,25.98
2020-08-04 00:00:00,Games,Deck Of Cards,Fifth Avenue,Commercial,2020,Qtr 3,August,4,2020,5,New York,15,34.95
2020-08-04 00:00:00,Games,Deck Of Cards,JFK,Airport,2020,Qtr 3,August,4,2020,41,New York,123,286.59000000000003
2020-08-05 00:00:00,Electronics,Colorbuds,Millenium,Downtown,2020,Qtr 3,August,5,2020,71,Chicago,568,1064.29
2020-08-05 00:00:00,Games,Classic Dominoes,Beverly Hills,Residential,2020,Qtr 3,August,5,2020,26,Los Angeles,52,259.74
2020-08-05 00:00:00,Games,Rubik's Cube,Hollywood,Commercial,2020,Qtr 3,August,5,2020,7,Los Angeles,14,139.92999999999998
2020-08-05 00:00:00,Toys,Dinosaur Figures,Fifth Avenue,Commercial,2020,Qtr 3,August,5,2020,19,New York,76,284.81
2020-08-05 00:00:00,Toys,Dinosaur Figures,JFK,Airport,2020,Qtr 3,August,5,2020,41,New York,164,614.59
2020-08-05 00:00:00,Toys,Plush Pony,LAX,Airport,2020,Qtr 3,August,5,2020,16,Los Angeles,175.99999999999997,319.84
2020-08-05 00:00:00,Toys,Plush Pony,Lincoln Park,Residential,2020,Qtr 3,August,5,2020,56,Chicago,615.9999999999999,1119.4399999999998
2020-08-06 00:00:00,Electronics,Gamer Headset,Fifth Avenue,Commercial,2020,Qtr 3,August,6,2020,10,New York,59.999999999999986,209.89999999999998
2020-08-06 00:00:00,Games,Glass Marbles,JFK,Airport,2020,Qtr 3,August,6,2020,38,New York,190,417.62
2020-08-06 00:00:00,Games,Rubik's Cube,LAX,Airport,2020,Qtr 3,August,6,2020,128,Los Angeles,256,2558.72
2020-08-06 00:00:00,Games,Rubik's Cube,Lincoln Park,Residential,2020,Qtr 3,August,6,2020,15,Chicago,30,299.84999999999997
2020-08-06 00:00:00,Sports & Outdoors,Dart Gun,Beverly Hills,Residential,2020,Qtr 3,August,6,2020,44,Los Angeles,176,703.5600000000001
2020-08-06 00:00:00,Sports & Outdoors,Dart Gun,Millenium,Downtown,2020,Qtr 3,August,6,2020,30,Chicago,120,479.7
2020-08-06 00:00:00,Sports & Outdoors,Splash Balls,Hollywood,Commercial,2020,Qtr 3,August,6,2020,51,Los Angeles,51,458.49
2020-08-07 00:00:00,Games,Deck Of Cards,Beverly Hills,Residential,2020,Qtr 3,August,7,2020,64,Los Angeles,192,447.36
2020-08-07 00:00:00,Games,Deck Of Cards,Millenium,Downtown,2020,Qtr 3,August,7,2020,87,Chicago,261,608.13
2020-08-07 00:00:00,Games,Glass Marbles,Fifth Avenue,Commercial,2020,Qtr 3,August,7,2020,54,New York,270,593.46
2020-08-07 00:00:00,Sports & Outdoors,Splash Balls,LAX,Airport,2020,Qtr 3,August,7,2020,53,Los Angeles,53,476.47
2020-08-07 00:00:00,Sports & Outdoors,Splash Balls,Lincoln Park,Residential,2020,Qtr 3,August,7,2020,47,Chicago,47,422.53000000000003
2020-08-07 00:00:00,Toys,Action Figure,Times Square,Downtown,2020,Qtr 3,August,7,2020,31,New York,186,495.69
2020-08-07 00:00:00,Toys,Hot Wheels Pack,JFK,Airport,2020,Qtr 3,August,7,2020,32,New York,64,191.68
2020-08-08 00:00:00,Electronics,Toy Robot,Lincoln Park,Residential,2020,Qtr 3,August,8,2020,20,Chicago,100,519.8
2020-08-08 00:00:00,Games,Jenga,JFK,Airport,2020,Qtr 3,August,8,2020,17,New York,119,169.83
2020-08-08 00:00:00,Sports & Outdoors,Water Gun,LAX,Airport,2020,Qtr 3,August,8,2020,10,Los Angeles,30,149.9
2020-08-08 00:00:00,Toys,Animal Figures,Times Square,Downtown,2020,Qtr 3,August,8,2020,13,New York,39,168.87
2020-08-08 00:00:00,Toys,Dinosaur Figures,Beverly Hills,Residential,2020,Qtr 3,August,8,2020,42,Los Angeles,168,629.58
2020-08-08 00:00:00,Toys,Hot Wheels Pack,Fifth Avenue,Commercial,2020,Qtr 3,August,8,2020,20,New York,40,119.80000000000001
2020-08-08 00:00:00,Toys,Hot Wheels Pack,Millenium,Downtown,2020,Qtr 3,August,8,2020,12,Chicago,24,71.88
2020-08-09 00:00:00,Art & Crafts,Barrel O' Slime,Times Square,Downtown,2020,Qtr 3,August,9,2020,7,New York,14,27.93
2020-08-09 00:00:00,Electronics,Gamer Headset,Beverly Hills,Residential,2020,Qtr 3,August,9,2020,27,Los Angeles,161.99999999999994,566.7299999999999
2020-08-09 00:00:00,Electronics,Toy Robot,LAX,Airport,2020,Qtr 3,August,9,2020,15,Los Angeles,75,389.84999999999997
2020-08-09 00:00:00,Games,Jenga,Fifth Avenue,Commercial,2020,Qtr 3,August,9,2020,21,New York,147,209.79
2020-08-09 00:00:00,Games,Jenga,Millenium,Downtown,2020,Qtr 3,August,9,2020,84,Chicago,588,839.16
2020-08-09 00:00:00,Games,Monopoly,JFK,Airport,2020,Qtr 3,August,9,2020,8,New York,47.999999999999986,159.92
2020-08-09 00:00:00,Games,Uno Card Game,Lincoln Park,Residential,2020,Qtr 3,August,9,2020,22,Chicago,88,175.78
2020-08-10 00:00:00,Art & Crafts,Kids Makeup Kit,Fifth Avenue,Commercial,2020,Qtr 3,August,10,2020,13,New York,77.99999999999997,259.87
2020-08-10 00:00:00,Art & Crafts,PlayDoh Can,JFK,Airport,2020,Qtr 3,August,10,2020,41,New York,41.00000000000001,122.59
2020-08-10 00:00:00,Games,Chutes & Ladders,Times Square,Downtown,2020,Qtr 3,August,10,2020,39,New York,117,506.61
2020-08-10 00:00:00,Toys,Action Figure,Michigan Ave,Commercial,2020,Qtr 3,August,10,2020,37,Chicago,222,591.63
2020-08-10 00:00:00,Toys,Action Figure,O'Hare,Airport,2020,Qtr 3,August,10,2020,161,Chicago,966,2574.39
2020-08-10 00:00:00,Toys,Hot Wheels Pack,Beverly Hills,Residential,2020,Qtr 3,August,10,2020,60,Los Angeles,120,359.40000000000003
2020-08-10 00:00:00,Toys,Lego Bricks,Millenium,Downtown,2020,Qtr 3,August,10,2020,12,Chicago,60,479.88
2020-08-11 00:00:00,Art & Crafts,PlayDoh Playset,JFK,Airport,2020,Qtr 3,August,11,2020,14,New York,56,349.85999999999996
2020-08-11 00:00:00,Games,Classic Dominoes,Times Square,Downtown,2020,Qtr 3,August,11,2020,7,New York,14,69.93
2020-08-11 00:00:00,Games,Jenga,Beverly Hills,Residential,2020,Qtr 3,August,11,2020,26,Los Angeles,182,259.74
2020-08-11 00:00:00,Sports & Outdoors,Nerf Gun,Millenium,Downtown,2020,Qtr 3,August,11,2020,43,Chicago,214.99999999999991,859.5699999999999
2020-08-11 00:00:00,Toys,Animal Figures,Michigan Ave,Commercial,2020,Qtr 3,August,11,2020,33,Chicago,99,428.67
2020-08-11 00:00:00,Toys,Animal Figures,O'Hare,Airport,2020,Qtr 3,August,11,2020,105,Chicago,315,1363.95
2020-08-11 00:00:00,Toys,Lego Bricks,Fifth Avenue,Commercial,2020,Qtr 3,August,11,2020,44,New York,220,1759.5600000000002
2020-08-12 00:00:00,Art & Crafts,Barrel O' Slime,Michigan Ave,Commercial,2020,Qtr 3,August,12,2020,30,Chicago,60,119.7
2020-08-12 00:00:00,Art & Crafts,Barrel O' Slime,O'Hare,Airport,2020,Qtr 3,August,12,2020,16,Chicago,32,63.84
2020-08-12 00:00:00,Art & Crafts,Kids Makeup Kit,Beverly Hills,Residential,2020,Qtr 3,August,12,2020,19,Los Angeles,113.99999999999997,379.80999999999995
2020-08-12 00:00:00,Art & Crafts,Magic Sand,Fifth Avenue,Commercial,2020,Qtr 3,August,12,2020,26,New York,52,415.74
2020-08-12 00:00:00,Art & Crafts,PlayDoh Can,Millenium,Downtown,2020,Qtr 3,August,12,2020,186,Chicago,186.00000000000003,556.14
2020-08-12 00:00:00,Electronics,Colorbuds,Times Square,Downtown,2020,Qtr 3,August,12,2020,240,New York,1920,3597.6
2020-08-12 00:00:00,Toys,Plush Pony,JFK,Airport,2020,Qtr 3,August,12,2020,6,New York,65.99999999999999,119.94
2020-08-13 00:00:00,Art & Crafts,PlayDoh Playset,Millenium,Downtown,2020,Qtr 3,August,13,2020,1,Chicago,4,24.99
2020-08-13 00:00:00,Electronics,Colorbuds,Michigan Ave,Commercial,2020,Qtr 3,August,13,2020,330,Chicago,2640,4946.7
2020-08-13 00:00:00,Electronics,Colorbuds,O'Hare,Airport,2020,Qtr 3,August,13,2020,215,Chicago,1720,3222.85
2020-08-13 00:00:00,Sports & Outdoors,Dart Gun,Times Square,Downtown,2020,Qtr 3,August,13,2020,14,New York,56,223.86
2020-08-13 00:00:00,Sports & Outdoors,Splash Balls,JFK,Airport,2020,Qtr 3,August,13,2020,237,New York,237,2130.63
2020-08-13 00:00:00,Toys,Lego Bricks,Beverly Hills,Residential,2020,Qtr 3,August,13,2020,33,Los Angeles,165,1319.67
2020-08-13 00:00:00,Toys,Mr. Potatohead,Fifth Avenue,Commercial,2020,Qtr 3,August,13,2020,28,New York,140,279.72
2020-08-14 00:00:00,Art & Crafts,PlayDoh Can,Fifth Avenue,Commercial,2020,Qtr 3,August,14,2020,43,New York,43.00000000000001,128.57000000000002
2020-08-14 00:00:00,Art & Crafts,PlayDoh Toolkit,Millenium,Downtown,2020,Qtr 3,August,14,2020,62,Chicago,62,309.38
2020-08-14 00:00:00,Games,Deck Of Cards,Times Square,Downtown,2020,Qtr 3,August,14,2020,66,New York,198,461.34000000000003
2020-08-14 00:00:00,Sports & Outdoors,Basketball Hoop,Beverly Hills,Residential,2020,Qtr 3,August,14,2020,10,Los Angeles,159.99999999999997,249.89999999999998
2020-08-14 00:00:00,Sports & Outdoors,Dart Gun,Michigan Ave,Commercial,2020,Qtr 3,August,14,2020,58,Chicago,232,927.42
2020-08-14 00:00:00,Sports & Outdoors,Dart Gun,O'Hare,Airport,2020,Qtr 3,August,14,2020,42,Chicago,168,671.58
2020-08-14 00:00:00,Toys,Teddy Bear,JFK,Airport,2020,Qtr 3,August,14,2020,19,New York,38,246.81
2020-08-15 00:00:00,Art & Crafts,PlayDoh Playset,Fifth Avenue,Commercial,2020,Qtr 3,August,15,2020,5,New York,20,124.94999999999999
2020-08-15 00:00:00,Games,Deck Of Cards,Michigan Ave,Commercial,2020,Qtr 3,August,15,2020,23,Chicago,69,160.77
2020-08-15 00:00:00,Games,Deck Of Cards,O'Hare,Airport,2020,Qtr 3,August,15,2020,219,Chicago,657,1530.81
2020-08-15 00:00:00,Games,Uno Card Game,JFK,Airport,2020,Qtr 3,August,15,2020,11,New York,44,87.89
2020-08-15 00:00:00,Sports & Outdoors,Mini Ping Pong,Beverly Hills,Residential,2020,Qtr 3,August,15,2020,69,Los Angeles,207,689.3100000000001
2020-08-15 00:00:00,Toys,Dinosaur Figures,Times Square,Downtown,2020,Qtr 3,August,15,2020,37,New York,148,554.63
2020-08-15 00:00:00,Toys,Plush Pony,Millenium,Downtown,2020,Qtr 3,August,15,2020,22,Chicago,241.99999999999997,439.78
2020-08-16 00:00:00,Art & Crafts,PlayDoh Toolkit,Fifth Avenue,Commercial,2020,Qtr 3,August,16,2020,21,New York,21,104.79
2020-08-16 00:00:00,Electronics,Gamer Headset,O'Hare,Airport,2020,Qtr 3,August,16,2020,27,Chicago,161.99999999999994,566.7299999999999
2020-08-16 00:00:00,Electronics,Gamer Headset,Times Square,Downtown,2020,Qtr 3,August,16,2020,14,New York,83.99999999999997,293.85999999999996
2020-08-16 00:00:00,Games,Monopoly,Beverly Hills,Residential,2020,Qtr 3,August,16,2020,4,Los Angeles,23.999999999999993,79.96
2020-08-16 00:00:00,Games,Rubik's Cube,Millenium,Downtown,2020,Qtr 3,August,16,2020,30,Chicago,60,599.6999999999999
2020-08-16 00:00:00,Toys,Action Figure,Lincoln Park,Residential,2020,Qtr 3,August,16,2020,75,Chicago,450,1199.25
2020-08-16 00:00:00,Toys,Dinosaur Figures,Michigan Ave,Commercial,2020,Qtr 3,August,16,2020,68,Chicago,272,1019.32
2020-08-17 00:00:00,Art & Crafts,PlayDoh Can,Beverly Hills,Residential,2020,Qtr 3,August,17,2020,60,Los Angeles,60.000000000000014,179.4
2020-08-17 00:00:00,Electronics,Gamer Headset,Michigan Ave,Commercial,2020,Qtr 3,August,17,2020,9,Chicago,53.999999999999986,188.91
2020-08-17 00:00:00,Games,Glass Marbles,O'Hare,Airport,2020,Qtr 3,August,17,2020,94,Chicago,470,1033.06
2020-08-17 00:00:00,Games,Glass Marbles,Times Square,Downtown,2020,Qtr 3,August,17,2020,46,New York,230,505.54
2020-08-17 00:00:00,Sports & Outdoors,Splash Balls,Millenium,Downtown,2020,Qtr 3,August,17,2020,173,Chicago,173,1555.27
2020-08-17 00:00:00,Toys,Animal Figures,Lincoln Park,Residential,2020,Qtr 3,August,17,2020,82,Chicago,246,1065.18
2020-08-17 00:00:00,Toys,Plush Pony,Fifth Avenue,Commercial,2020,Qtr 3,August,17,2020,4,New York,43.99999999999999,79.96
2020-08-18 00:00:00,Art & Crafts,Barrel O' Slime,Lincoln Park,Residential,2020,Qtr 3,August,18,2020,22,Chicago,44,87.78
2020-08-18 00:00:00,Art & Crafts,PlayDoh Toolkit,Beverly Hills,Residential,2020,Qtr 3,August,18,2020,88,Los Angeles,88,439.12
2020-08-18 00:00:00,Games,Glass Marbles,Michigan Ave,Commercial,2020,Qtr 3,August,18,2020,12,Chicago,60,131.88
2020-08-18 00:00:00,Games,Rubik's Cube,Fifth Avenue,Commercial,2020,Qtr 3,August,18,2020,9,New York,18,179.91
2020-08-18 00:00:00,Sports & Outdoors,Water Gun,Millenium,Downtown,2020,Qtr 3,August,18,2020,43,Chicago,129,644.57
2020-08-18 00:00:00,Toys,Hot Wheels Pack,O'Hare,Airport,2020,Qtr 3,August,18,2020,43,Chicago,86,257.57
2020-08-18 00:00:00,Toys,Hot Wheels Pack,Times Square,Downtown,2020,Qtr 3,August,18,2020,54,New York,108,323.46000000000004
2020-08-19 00:00:00,Art & Crafts,Kids Makeup Kit,Times Square,Downtown,2020,Qtr 3,August,19,2020,13,New York,77.99999999999997,259.87
2020-08-19 00:00:00,Games,Classic Dominoes,Lincoln Park,Residential,2020,Qtr 3,August,19,2020,13,Chicago,26,129.87
2020-08-19 00:00:00,Games,Jenga,O'Hare,Airport,2020,Qtr 3,August,19,2020,159,Chicago,1113,1588.41
2020-08-19 00:00:00,Sports & Outdoors,Splash Balls,Fifth Avenue,Commercial,2020,Qtr 3,August,19,2020,301,New York,301,2705.9900000000002
2020-08-19 00:00:00,Toys,Action Figure,LAX,Airport,2020,Qtr 3,August,19,2020,106,Los Angeles,636,1694.94
2020-08-19 00:00:00,Toys,Hot Wheels Pack,Michigan Ave,Commercial,2020,Qtr 3,August,19,2020,21,Chicago,42,125.79
2020-08-19 00:00:00,Toys,Plush Pony,Beverly Hills,Residential,2020,Qtr 3,August,19,2020,4,Los Angeles,43.99999999999999,79.96
2020-08-20 00:00:00,Electronics,Colorbuds,Lincoln Park,Residential,2020,Qtr 3,August,20,2020,39,Chicago,312,584.61
2020-08-20 00:00:00,Games,Jenga,Michigan Ave,Commercial,2020,Qtr 3,August,20,2020,22,Chicago,154,219.78
2020-08-20 00:00:00,Games,Rubik's Cube,Beverly Hills,Residential,2020,Qtr 3,August,20,2020,53,Los Angeles,106,1059.47
2020-08-20 00:00:00,Sports & Outdoors,Water Gun,Fifth Avenue,Commercial,2020,Qtr 3,August,20,2020,18,New York,54,269.82
2020-08-20 00:00:00,Toys,Animal Figures,LAX,Airport,2020,Qtr 3,August,20,2020,67,Los Angeles,201,870.33
2020-08-20 00:00:00,Toys,Lego Bricks,O'Hare,Airport,2020,Qtr 3,August,20,2020,49,Chicago,245,1959.51
2020-08-20 00:00:00,Toys,Lego Bricks,Times Square,Downtown,2020,Qtr 3,August,20,2020,24,New York,120,959.76
2020-08-21 00:00:00,Art & Crafts,Barrel O' Slime,LAX,Airport,2020,Qtr 3,August,21,2020,18,Los Angeles,36,71.82000000000001
2020-08-21 00:00:00,Art & Crafts,Kids Makeup Kit,Michigan Ave,Commercial,2020,Qtr 3,August,21,2020,2,Chicago,11.999999999999996,39.98
2020-08-21 00:00:00,Sports & Outdoors,Basketball Hoop,Times Square,Downtown,2020,Qtr 3,August,21,2020,16,New York,255.99999999999997,399.84
2020-08-21 00:00:00,Sports & Outdoors,Dart Gun,Lincoln Park,Residential,2020,Qtr 3,August,21,2020,2,Chicago,8,31.98
2020-08-21 00:00:00,Sports & Outdoors,Nerf Gun,O'Hare,Airport,2020,Qtr 3,August,21,2020,23,Chicago,114.99999999999996,459.77
2020-08-21 00:00:00,Sports & Outdoors,Splash Balls,Beverly Hills,Residential,2020,Qtr 3,August,21,2020,44,Los Angeles,44,395.56
2020-08-21 00:00:00,Toys,Action Figure,Beverly Hills,Residential,2020,Qtr 3,August,21,2020,49,Los Angeles,294,783.51
2020-08-22 00:00:00,Art & Crafts,PlayDoh Can,O'Hare,Airport,2020,Qtr 3,August,22,2020,156,Chicago,156.00000000000003,466.44000000000005
2020-08-22 00:00:00,Electronics,Colorbuds,LAX,Airport,2020,Qtr 3,August,22,2020,236,Los Angeles,1888,3537.64
2020-08-22 00:00:00,Games,Deck Of Cards,Lincoln Park,Residential,2020,Qtr 3,August,22,2020,6,Chicago,18,41.94
2020-08-22 00:00:00,Sports & Outdoors,Mini Ping Pong,Times Square,Downtown,2020,Qtr 3,August,22,2020,11,New York,33,109.89
2020-08-22 00:00:00,Sports & Outdoors,Water Gun,Beverly Hills,Residential,2020,Qtr 3,August,22,2020,21,Los Angeles,63,314.79
2020-08-22 00:00:00,Toys,Lego Bricks,Michigan Ave,Commercial,2020,Qtr 3,August,22,2020,9,Chicago,45,359.91
2020-08-23 00:00:00,Art & Crafts,PlayDoh Playset,O'Hare,Airport,2020,Qtr 3,August,23,2020,10,Chicago,40,249.89999999999998
2020-08-23 00:00:00,Electronics,Toy Robot,Beverly Hills,Residential,2020,Qtr 3,August,23,2020,10,Los Angeles,50,259.9
2020-08-23 00:00:00,Games,Monopoly,Times Square,Downtown,2020,Qtr 3,August,23,2020,9,New York,53.999999999999986,179.91
2020-08-23 00:00:00,Sports & Outdoors,Dart Gun,LAX,Airport,2020,Qtr 3,August,23,2020,108,Los Angeles,432,1726.92
2020-08-23 00:00:00,Sports & Outdoors,Nerf Gun,Michigan Ave,Commercial,2020,Qtr 3,August,23,2020,13,Chicago,64.99999999999997,259.87
2020-08-23 00:00:00,Toys,Dinosaur Figures,Lincoln Park,Residential,2020,Qtr 3,August,23,2020,31,Chicago,124,464.69
2020-08-24 00:00:00,Art & Crafts,PlayDoh Can,Michigan Ave,Commercial,2020,Qtr 3,August,24,2020,98,Chicago,98.00000000000003,293.02000000000004
2020-08-24 00:00:00,Art & Crafts,PlayDoh Toolkit,O'Hare,Airport,2020,Qtr 3,August,24,2020,71,Chicago,71,354.29
2020-08-24 00:00:00,Electronics,Gamer Headset,Lincoln Park,Residential,2020,Qtr 3,August,24,2020,12,Chicago,71.99999999999997,251.88
2020-08-24 00:00:00,Games,Deck Of Cards,LAX,Airport,2020,Qtr 3,August,24,2020,56,Los Angeles,168,391.44
2020-08-24 00:00:00,Sports & Outdoors,Nerf Gun,Times Square,Downtown,2020,Qtr 3,August,24,2020,14,New York,69.99999999999997,279.85999999999996
2020-08-24 00:00:00,Toys,Action Figure,Hollywood,Commercial,2020,Qtr 3,August,24,2020,19,Los Angeles,114,303.81
2020-08-25 00:00:00,Art & Crafts,PlayDoh Can,Times Square,Downtown,2020,Qtr 3,August,25,2020,89,New York,89.00000000000001,266.11
2020-08-25 00:00:00,Art & Crafts,PlayDoh Playset,Michigan Ave,Commercial,2020,Qtr 3,August,25,2020,26,Chicago,104,649.74
2020-08-25 00:00:00,Games,Glass Marbles,Lincoln Park,Residential,2020,Qtr 3,August,25,2020,11,Chicago,55,120.89
2020-08-25 00:00:00,Toys,Animal Figures,Hollywood,Commercial,2020,Qtr 3,August,25,2020,28,Los Angeles,84,363.72
2020-08-25 00:00:00,Toys,Dinosaur Figures,LAX,Airport,2020,Qtr 3,August,25,2020,32,Los Angeles,128,479.68
2020-08-25 00:00:00,Toys,Plush Pony,O'Hare,Airport,2020,Qtr 3,August,25,2020,11,Chicago,120.99999999999999,219.89
2020-08-26 00:00:00,Art & Crafts,PlayDoh Playset,Times Square,Downtown,2020,Qtr 3,August,26,2020,11,New York,44,274.89
2020-08-26 00:00:00,Art & Crafts,PlayDoh Toolkit,Michigan Ave,Commercial,2020,Qtr 3,August,26,2020,42,Chicago,42,209.58
2020-08-26 00:00:00,Electronics,Colorbuds,Hollywood,Commercial,2020,Qtr 3,August,26,2020,300,Los Angeles,2400,4497
2020-08-26 00:00:00,Electronics,Gamer Headset,LAX,Airport,2020,Qtr 3,August,26,2020,10,Los Angeles,59.999999999999986,209.89999999999998
2020-08-26 00:00:00,Games,Rubik's Cube,O'Hare,Airport,2020,Qtr 3,August,26,2020,57,Chicago,114,1139.4299999999998
2020-08-26 00:00:00,Toys,Hot Wheels Pack,Lincoln Park,Residential,2020,Qtr 3,August,26,2020,23,Chicago,46,137.77
2020-08-27 00:00:00,Art & Crafts,PlayDoh Toolkit,Times Square,Downtown,2020,Qtr 3,August,27,2020,3,New York,3,14.97
2020-08-27 00:00:00,Games,Glass Marbles,LAX,Airport,2020,Qtr 3,August,27,2020,118,Los Angeles,590,1296.82
2020-08-27 00:00:00,Games,Jenga,Lincoln Park,Residential,2020,Qtr 3,August,27,2020,24,Chicago,168,239.76
2020-08-27 00:00:00,Sports & Outdoors,Dart Gun,Hollywood,Commercial,2020,Qtr 3,August,27,2020,66,Los Angeles,264,1055.34
2020-08-27 00:00:00,Sports & Outdoors,Splash Balls,O'Hare,Airport,2020,Qtr 3,August,27,2020,318,Chicago,318,2858.82
2020-08-27 00:00:00,Toys,Plush Pony,Michigan Ave,Commercial,2020,Qtr 3,August,27,2020,25,Chicago,274.99999999999994,499.74999999999994
2020-08-28 00:00:00,Art & Crafts,Kids Makeup Kit,Lincoln Park,Residential,2020,Qtr 3,August,28,2020,17,Chicago,101.99999999999997,339.83
2020-08-28 00:00:00,Games,Deck Of Cards,Hollywood,Commercial,2020,Qtr 3,August,28,2020,110,Los Angeles,330,768.9
2020-08-28 00:00:00,Games,Rubik's Cube,Michigan Ave,Commercial,2020,Qtr 3,August,28,2020,27,Chicago,54,539.7299999999999
2020-08-28 00:00:00,Sports & Outdoors,Water Gun,O'Hare,Airport,2020,Qtr 3,August,28,2020,18,Chicago,54,269.82
2020-08-28 00:00:00,Toys,Hot Wheels Pack,LAX,Airport,2020,Qtr 3,August,28,2020,37,Los Angeles,74,221.63
2020-08-28 00:00:00,Toys,Plush Pony,Times Square,Downtown,2020,Qtr 3,August,28,2020,12,New York,131.99999999999997,239.88
2020-08-29 00:00:00,Games,Jenga,LAX,Airport,2020,Qtr 3,August,29,2020,42,Los Angeles,294,419.58
2020-08-29 00:00:00,Games,Rubik's Cube,Times Square,Downtown,2020,Qtr 3,August,29,2020,36,New York,72,719.64
2020-08-29 00:00:00,Sports & Outdoors,Splash Balls,Michigan Ave,Commercial,2020,Qtr 3,August,29,2020,93,Chicago,93,836.07
2020-08-29 00:00:00,Toys,Action Figure,JFK,Airport,2020,Qtr 3,August,29,2020,39,New York,234,623.61
2020-08-29 00:00:00,Toys,Dinosaur Figures,Hollywood,Commercial,2020,Qtr 3,August,29,2020,40,Los Angeles,160,599.6
2020-08-29 00:00:00,Toys,Lego Bricks,Lincoln Park,Residential,2020,Qtr 3,August,29,2020,29,Chicago,145,1159.71
2020-08-30 00:00:00,Art & Crafts,Kids Makeup Kit,LAX,Airport,2020,Qtr 3,August,30,2020,17,Los Angeles,101.99999999999997,339.83
2020-08-30 00:00:00,Games,Glass Marbles,Hollywood,Commercial,2020,Qtr 3,August,30,2020,21,Los Angeles,105,230.79
2020-08-30 00:00:00,Sports & Outdoors,Basketball Hoop,Lincoln Park,Residential,2020,Qtr 3,August,30,2020,16,Chicago,255.99999999999997,399.84
2020-08-30 00:00:00,Sports & Outdoors,Splash Balls,Times Square,Downtown,2020,Qtr 3,August,30,2020,49,New York,49,440.51
2020-08-30 00:00:00,Sports & Outdoors,Water Gun,Michigan Ave,Commercial,2020,Qtr 3,August,30,2020,23,Chicago,69,344.77
2020-08-30 00:00:00,Toys,Animal Figures,JFK,Airport,2020,Qtr 3,August,30,2020,6,New York,18,77.94
2020-08-31 00:00:00,Art & Crafts,Barrel O' Slime,JFK,Airport,2020,Qtr 3,August,31,2020,7,New York,14,27.93
2020-08-31 00:00:00,Sports & Outdoors,Mini Ping Pong,Lincoln Park,Residential,2020,Qtr 3,August,31,2020,110,Chicago,330,1098.9
2020-08-31 00:00:00,Sports & Outdoors,Water Gun,Times Square,Downtown,2020,Qtr 3,August,31,2020,35,New York,105,524.65
2020-08-31 00:00:00,Toys,Action Figure,Fifth Avenue,Commercial,2020,Qtr 3,August,31,2020,94,New York,564,1503.06
2020-08-31 00:00:00,Toys,Hot Wheels Pack,Hollywood,Commercial,2020,Qtr 3,August,31,2020,28,Los Angeles,56,167.72
2020-08-31 00:00:00,Toys,Lego Bricks,LAX,Airport,2020,Qtr 3,August,31,2020,12,Los Angeles,60,479.88
2020-09-01 00:00:00,Art & Crafts,Barrel O' Slime,Fifth Avenue,Commercial,2020,Qtr 3,September,1,2020,65,New York,130,259.35
2020-09-01 00:00:00,Art & Crafts,Barrel O' Slime,Lincoln Park,Residential,2020,Qtr 3,September,1,2020,186,Chicago,372,742.14
2020-09-01 00:00:00,Art & Crafts,Barrel O' Slime,Michigan Ave,Commercial,2020,Qtr 3,September,1,2020,129,Chicago,258,514.71
2020-09-01 00:00:00,Art & Crafts,Kids Makeup Kit,Fifth Avenue,Commercial,2020,Qtr 3,September,1,2020,8,New York,47.999999999999986,159.92
2020-09-01 00:00:00,Art & Crafts,Kids Makeup Kit,Lincoln Park,Residential,2020,Qtr 3,September,1,2020,16,Chicago,95.99999999999997,319.84
2020-09-01 00:00:00,Art & Crafts,Kids Makeup Kit,Michigan Ave,Commercial,2020,Qtr 3,September,1,2020,17,Chicago,101.99999999999997,339.83
2020-09-01 00:00:00,Art & Crafts,Magic Sand,Fifth Avenue,Commercial,2020,Qtr 3,September,1,2020,30,New York,60,479.7
2020-09-01 00:00:00,Art & Crafts,PlayDoh Can,Fifth Avenue,Commercial,2020,Qtr 3,September,1,2020,78,New York,78.00000000000001,233.22000000000003
2020-09-01 00:00:00,Art & Crafts,PlayDoh Can,Lincoln Park,Residential,2020,Qtr 3,September,1,2020,103,Chicago,103.00000000000003,307.97
2020-09-01 00:00:00,Art & Crafts,PlayDoh Can,Michigan Ave,Commercial,2020,Qtr 3,September,1,2020,23,Chicago,23.000000000000004,68.77000000000001
2020-09-01 00:00:00,Art & Crafts,PlayDoh Playset,Fifth Avenue,Commercial,2020,Qtr 3,September,1,2020,32,New York,128,799.68
2020-09-01 00:00:00,Art & Crafts,PlayDoh Playset,Lincoln Park,Residential,2020,Qtr 3,September,1,2020,4,Chicago,16,99.96
2020-09-01 00:00:00,Art & Crafts,PlayDoh Playset,Michigan Ave,Commercial,2020,Qtr 3,September,1,2020,9,Chicago,36,224.91
2020-09-01 00:00:00,Art & Crafts,PlayDoh Toolkit,Fifth Avenue,Commercial,2020,Qtr 3,September,1,2020,29,New York,29,144.71
2020-09-01 00:00:00,Art & Crafts,PlayDoh Toolkit,Lincoln Park,Residential,2020,Qtr 3,September,1,2020,26,Chicago,26,129.74
2020-09-01 00:00:00,Art & Crafts,PlayDoh Toolkit,Michigan Ave,Commercial,2020,Qtr 3,September,1,2020,1,Chicago,1,4.99
2020-09-01 00:00:00,Electronics,Colorbuds,Fifth Avenue,Commercial,2020,Qtr 3,September,1,2020,86,New York,688,1289.14
2020-09-01 00:00:00,Electronics,Colorbuds,LAX,Airport,2020,Qtr 3,September,1,2020,129,Los Angeles,1032,1933.71
2020-09-01 00:00:00,Electronics,Colorbuds,Lincoln Park,Residential,2020,Qtr 3,September,1,2020,44,Chicago,352,659.5600000000001
2020-09-01 00:00:00,Electronics,Colorbuds,Michigan Ave,Commercial,2020,Qtr 3,September,1,2020,50,Chicago,400,749.5
2020-09-01 00:00:00,Electronics,Gamer Headset,Fifth Avenue,Commercial,2020,Qtr 3,September,1,2020,13,New York,77.99999999999997,272.87
2020-09-01 00:00:00,Electronics,Gamer Headset,Lincoln Park,Residential,2020,Qtr 3,September,1,2020,30,Chicago,179.99999999999994,629.6999999999999
2020-09-01 00:00:00,Electronics,Toy Robot,Fifth Avenue,Commercial,2020,Qtr 3,September,1,2020,30,New York,150,779.6999999999999
2020-09-01 00:00:00,Electronics,Toy Robot,JFK,Airport,2020,Qtr 3,September,1,2020,2,New York,10,51.98
2020-09-01 00:00:00,Games,Classic Dominoes,Lincoln Park,Residential,2020,Qtr 3,September,1,2020,11,Chicago,22,109.89
2020-09-01 00:00:00,Games,Deck Of Cards,Fifth Avenue,Commercial,2020,Qtr 3,September,1,2020,31,New York,93,216.69
2020-09-01 00:00:00,Games,Deck Of Cards,Lincoln Park,Residential,2020,Qtr 3,September,1,2020,166,Chicago,498,1160.3400000000001
2020-09-01 00:00:00,Games,Deck Of Cards,Michigan Ave,Commercial,2020,Qtr 3,September,1,2020,36,Chicago,108,251.64000000000001
2020-09-01 00:00:00,Games,Glass Marbles,Fifth Avenue,Commercial,2020,Qtr 3,September,1,2020,24,New York,120,263.76
2020-09-01 00:00:00,Games,Glass Marbles,Lincoln Park,Residential,2020,Qtr 3,September,1,2020,10,Chicago,50,109.9
2020-09-01 00:00:00,Games,Glass Marbles,Michigan Ave,Commercial,2020,Qtr 3,September,1,2020,14,Chicago,70,153.86
2020-09-01 00:00:00,Games,Jenga,Fifth Avenue,Commercial,2020,Qtr 3,September,1,2020,15,New York,105,149.85
2020-09-01 00:00:00,Games,Jenga,Hollywood,Commercial,2020,Qtr 3,September,1,2020,25,Los Angeles,175,249.75
2020-09-01 00:00:00,Games,Jenga,Lincoln Park,Residential,2020,Qtr 3,September,1,2020,15,Chicago,105,149.85
2020-09-01 00:00:00,Games,Jenga,Michigan Ave,Commercial,2020,Qtr 3,September,1,2020,25,Chicago,175,249.75
2020-09-01 00:00:00,Games,Monopoly,Lincoln Park,Residential,2020,Qtr 3,September,1,2020,27,Chicago,161.99999999999994,539.7299999999999
2020-09-01 00:00:00,Games,Rubik's Cube,Fifth Avenue,Commercial,2020,Qtr 3,September,1,2020,35,New York,70,699.65
2020-09-01 00:00:00,Games,Rubik's Cube,Lincoln Park,Residential,2020,Qtr 3,September,1,2020,34,Chicago,68,679.66
2020-09-01 00:00:00,Games,Rubik's Cube,Michigan Ave,Commercial,2020,Qtr 3,September,1,2020,52,Chicago,104,1039.48
2020-09-01 00:00:00,Sports & Outdoors,Basketball Hoop,Lincoln Park,Residential,2020,Qtr 3,September,1,2020,6,Chicago,95.99999999999999,149.94
2020-09-01 00:00:00,Sports & Outdoors,Dart Gun,Fifth Avenue,Commercial,2020,Qtr 3,September,1,2020,90,New York,360,1439.1
2020-09-01 00:00:00,Sports & Outdoors,Dart Gun,Lincoln Park,Residential,2020,Qtr 3,September,1,2020,96,Chicago,384,1535.04
2020-09-01 00:00:00,Sports & Outdoors,Dart Gun,Michigan Ave,Commercial,2020,Qtr 3,September,1,2020,57,Chicago,228,911.4300000000001
2020-09-01 00:00:00,Sports & Outdoors,Mini Ping Pong,Lincoln Park,Residential,2020,Qtr 3,September,1,2020,205,Chicago,615,2047.95
2020-09-01 00:00:00,Sports & Outdoors,Nerf Gun,Fifth Avenue,Commercial,2020,Qtr 3,September,1,2020,34,New York,169.99999999999994,679.66
2020-09-01 00:00:00,Sports & Outdoors,Nerf Gun,Lincoln Park,Residential,2020,Qtr 3,September,1,2020,41,Chicago,204.99999999999991,819.5899999999999
2020-09-01 00:00:00,Sports & Outdoors,Nerf Gun,Michigan Ave,Commercial,2020,Qtr 3,September,1,2020,19,Chicago,94.99999999999997,379.80999999999995
2020-09-01 00:00:00,Sports & Outdoors,Nerf Gun,O'Hare,Airport,2020,Qtr 3,September,1,2020,37,Chicago,184.99999999999994,739.63
2020-09-01 00:00:00,Sports & Outdoors,Splash Balls,Fifth Avenue,Commercial,2020,Qtr 3,September,1,2020,139,New York,139,1249.6100000000001
2020-09-01 00:00:00,Sports & Outdoors,Splash Balls,Lincoln Park,Residential,2020,Qtr 3,September,1,2020,4,Chicago,4,35.96
2020-09-01 00:00:00,Sports & Outdoors,Splash Balls,Michigan Ave,Commercial,2020,Qtr 3,September,1,2020,13,Chicago,13,116.87
2020-09-01 00:00:00,Sports & Outdoors,Splash Balls,Times Square,Downtown,2020,Qtr 3,September,1,2020,25,New York,25,224.75
2020-09-01 00:00:00,Sports & Outdoors,Water Gun,JFK,Airport,2020,Qtr 3,September,1,2020,4,New York,12,59.96
2020-09-01 00:00:00,Sports & Outdoors,Water Gun,Michigan Ave,Commercial,2020,Qtr 3,September,1,2020,16,Chicago,48,239.84
2020-09-01 00:00:00,Toys,Action Figure,Fifth Avenue,Commercial,2020,Qtr 3,September,1,2020,46,New York,276,735.54
2020-09-01 00:00:00,Toys,Action Figure,Lincoln Park,Residential,2020,Qtr 3,September,1,2020,58,Chicago,348,927.42
2020-09-01 00:00:00,Toys,Action Figure,Michigan Ave,Commercial,2020,Qtr 3,September,1,2020,61,Chicago,366,975.39
2020-09-01 00:00:00,Toys,Animal Figures,Beverly Hills,Residential,2020,Qtr 3,September,1,2020,19,Los Angeles,57,246.81
2020-09-01 00:00:00,Toys,Animal Figures,Fifth Avenue,Commercial,2020,Qtr 3,September,1,2020,58,New York,174,753.42
2020-09-01 00:00:00,Toys,Animal Figures,Lincoln Park,Residential,2020,Qtr 3,September,1,2020,79,Chicago,237,1026.21
2020-09-01 00:00:00,Toys,Animal Figures,Michigan Ave,Commercial,2020,Qtr 3,September,1,2020,24,Chicago,72,311.76
2020-09-01 00:00:00,Toys,Dinosaur Figures,Fifth Avenue,Commercial,2020,Qtr 3,September,1,2020,24,New York,96,359.76
2020-09-01 00:00:00,Toys,Dinosaur Figures,Lincoln Park,Residential,2020,Qtr 3,September,1,2020,4,Chicago,16,59.96
2020-09-01 00:00:00,Toys,Dinosaur Figures,Michigan Ave,Commercial,2020,Qtr 3,September,1,2020,14,Chicago,56,209.86
2020-09-01 00:00:00,Toys,Hot Wheels Pack,Fifth Avenue,Commercial,2020,Qtr 3,September,1,2020,49,New York,98,293.51
2020-09-01 00:00:00,Toys,Hot Wheels Pack,Lincoln Park,Residential,2020,Qtr 3,September,1,2020,32,Chicago,64,191.68
2020-09-01 00:00:00,Toys,Lego Bricks,Fifth Avenue,Commercial,2020,Qtr 3,September,1,2020,35,New York,175,1399.65
2020-09-01 00:00:00,Toys,Lego Bricks,Lincoln Park,Residential,2020,Qtr 3,September,1,2020,113,Chicago,565,4518.87
2020-09-01 00:00:00,Toys,Lego Bricks,Michigan Ave,Commercial,2020,Qtr 3,September,1,2020,59,Chicago,295,2359.4100000000003
2020-09-01 00:00:00,Toys,Mr. Potatohead,Fifth Avenue,Commercial,2020,Qtr 3,September,1,2020,16,New York,80,159.84
2020-09-01 00:00:00,Toys,Plush Pony,Lincoln Park,Residential,2020,Qtr 3,September,1,2020,13,Chicago,142.99999999999997,259.87
2020-09-01 00:00:00,Toys,Plush Pony,Michigan Ave,Commercial,2020,Qtr 3,September,1,2020,34,Chicago,373.99999999999994,679.66
2020-09-01 00:00:00,Toys,Teddy Bear,Fifth Avenue,Commercial,2020,Qtr 3,September,1,2020,4,New York,8,51.96
2020-09-01 00:00:00,Toys,Teddy Bear,JFK,Airport,2020,Qtr 3,September,1,2020,18,New York,36,233.82
2020-09-01 00:00:00,Toys,Teddy Bear,Lincoln Park,Residential,2020,Qtr 3,September,1,2020,9,Chicago,18,116.91
2020-09-02 00:00:00,Art & Crafts,Barrel O' Slime,Beverly Hills,Residential,2020,Qtr 3,September,2,2020,75,Los Angeles,150,299.25
2020-09-02 00:00:00,Art & Crafts,Kids Makeup Kit,Hollywood,Commercial,2020,Qtr 3,September,2,2020,35,Los Angeles,209.99999999999994,699.65
2020-09-02 00:00:00,Art & Crafts,PlayDoh Can,O'Hare,Airport,2020,Qtr 3,September,2,2020,42,Chicago,42.00000000000001,125.58000000000001
2020-09-02 00:00:00,Sports & Outdoors,Dart Gun,LAX,Airport,2020,Qtr 3,September,2,2020,28,Los Angeles,112,447.72
2020-09-02 00:00:00,Sports & Outdoors,Water Gun,Times Square,Downtown,2020,Qtr 3,September,2,2020,31,New York,93,464.69
2020-09-03 00:00:00,Art & Crafts,PlayDoh Playset,O'Hare,Airport,2020,Qtr 3,September,3,2020,15,Chicago,60,374.84999999999997
2020-09-03 00:00:00,Games,Deck Of Cards,LAX,Airport,2020,Qtr 3,September,3,2020,12,Los Angeles,36,83.88
2020-09-03 00:00:00,Sports & Outdoors,Dart Gun,Beverly Hills,Residential,2020,Qtr 3,September,3,2020,29,Los Angeles,116,463.71
2020-09-03 00:00:00,Toys,Lego Bricks,Hollywood,Commercial,2020,Qtr 3,September,3,2020,142,Los Angeles,710,5678.58
2020-09-03 00:00:00,Toys,Teddy Bear,Times Square,Downtown,2020,Qtr 3,September,3,2020,5,New York,10,64.95
2020-09-04 00:00:00,Art & Crafts,PlayDoh Toolkit,O'Hare,Airport,2020,Qtr 3,September,4,2020,47,Chicago,47,234.53
2020-09-04 00:00:00,Electronics,Toy Robot,Times Square,Downtown,2020,Qtr 3,September,4,2020,20,New York,100,519.8
2020-09-04 00:00:00,Games,Deck Of Cards,Beverly Hills,Residential,2020,Qtr 3,September,4,2020,59,Los Angeles,177,412.41
2020-09-04 00:00:00,Sports & Outdoors,Nerf Gun,Hollywood,Commercial,2020,Qtr 3,September,4,2020,36,Los Angeles,179.99999999999994,719.64
2020-09-04 00:00:00,Toys,Dinosaur Figures,LAX,Airport,2020,Qtr 3,September,4,2020,22,Los Angeles,88,329.78000000000003
2020-09-05 00:00:00,Art & Crafts,PlayDoh Can,Hollywood,Commercial,2020,Qtr 3,September,5,2020,147,Los Angeles,147.00000000000003,439.53000000000003
2020-09-05 00:00:00,Electronics,Gamer Headset,LAX,Airport,2020,Qtr 3,September,5,2020,40,Los Angeles,239.99999999999994,839.5999999999999
2020-09-05 00:00:00,Games,Uno Card Game,Times Square,Downtown,2020,Qtr 3,September,5,2020,9,New York,36,71.91
2020-09-05 00:00:00,Toys,Dinosaur Figures,Beverly Hills,Residential,2020,Qtr 3,September,5,2020,16,Los Angeles,64,239.84
2020-09-05 00:00:00,Toys,Plush Pony,O'Hare,Airport,2020,Qtr 3,September,5,2020,5,Chicago,54.99999999999999,99.94999999999999
2020-09-06 00:00:00,Art & Crafts,PlayDoh Toolkit,Hollywood,Commercial,2020,Qtr 3,September,6,2020,22,Los Angeles,22,109.78
2020-09-06 00:00:00,Electronics,Gamer Headset,Beverly Hills,Residential,2020,Qtr 3,September,6,2020,62,Los Angeles,371.9999999999999,1301.3799999999999
2020-09-06 00:00:00,Games,Glass Marbles,LAX,Airport,2020,Qtr 3,September,6,2020,7,Los Angeles,35,76.93
2020-09-06 00:00:00,Games,Rubik's Cube,O'Hare,Airport,2020,Qtr 3,September,6,2020,40,Chicago,80,799.5999999999999
2020-09-06 00:00:00,Toys,Action Figure,Millenium,Downtown,2020,Qtr 3,September,6,2020,130,Chicago,780,2078.7
2020-09-07 00:00:00,Games,Glass Marbles,Beverly Hills,Residential,2020,Qtr 3,September,7,2020,13,Los Angeles,65,142.87
2020-09-07 00:00:00,Games,Rubik's Cube,Hollywood,Commercial,2020,Qtr 3,September,7,2020,34,Los Angeles,68,679.66
2020-09-07 00:00:00,Sports & Outdoors,Splash Balls,O'Hare,Airport,2020,Qtr 3,September,7,2020,88,Chicago,88,791.12
2020-09-07 00:00:00,Toys,Animal Figures,Millenium,Downtown,2020,Qtr 3,September,7,2020,22,Chicago,66,285.78000000000003
2020-09-07 00:00:00,Toys,Hot Wheels Pack,LAX,Airport,2020,Qtr 3,September,7,2020,16,Los Angeles,32,95.84
2020-09-08 00:00:00,Art & Crafts,Barrel O' Slime,Millenium,Downtown,2020,Qtr 3,September,8,2020,94,Chicago,188,375.06
2020-09-08 00:00:00,Games,Jenga,LAX,Airport,2020,Qtr 3,September,8,2020,19,Los Angeles,133,189.81
2020-09-08 00:00:00,Sports & Outdoors,Splash Balls,Hollywood,Commercial,2020,Qtr 3,September,8,2020,48,Los Angeles,48,431.52
2020-09-08 00:00:00,Sports & Outdoors,Water Gun,O'Hare,Airport,2020,Qtr 3,September,8,2020,9,Chicago,27,134.91
2020-09-08 00:00:00,Toys,Hot Wheels Pack,Beverly Hills,Residential,2020,Qtr 3,September,8,2020,18,Los Angeles,36,107.82000000000001
2020-09-09 00:00:00,Art & Crafts,Kids Makeup Kit,LAX,Airport,2020,Qtr 3,September,9,2020,36,Los Angeles,215.99999999999994,719.64
2020-09-09 00:00:00,Electronics,Colorbuds,Millenium,Downtown,2020,Qtr 3,September,9,2020,16,Chicago,128,239.84
2020-09-09 00:00:00,Electronics,Toy Robot,O'Hare,Airport,2020,Qtr 3,September,9,2020,11,Chicago,55,285.89
2020-09-09 00:00:00,Games,Jenga,Beverly Hills,Residential,2020,Qtr 3,September,9,2020,46,Los Angeles,322,459.54
2020-09-09 00:00:00,Sports & Outdoors,Water Gun,Hollywood,Commercial,2020,Qtr 3,September,9,2020,10,Los Angeles,30,149.9
2020-09-10 00:00:00,Art & Crafts,Kids Makeup Kit,Beverly Hills,Residential,2020,Qtr 3,September,10,2020,22,Los Angeles,131.99999999999997,439.78
2020-09-10 00:00:00,Electronics,Toy Robot,Hollywood,Commercial,2020,Qtr 3,September,10,2020,9,Los Angeles,45,233.91
2020-09-10 00:00:00,Sports & Outdoors,Dart Gun,Millenium,Downtown,2020,Qtr 3,September,10,2020,19,Chicago,76,303.81
2020-09-10 00:00:00,Toys,Action Figure,JFK,Airport,2020,Qtr 3,September,10,2020,18,New York,108,287.82
2020-09-10 00:00:00,Toys,Lego Bricks,LAX,Airport,2020,Qtr 3,September,10,2020,45,Los Angeles,225,1799.5500000000002
2020-09-11 00:00:00,Games,Deck Of Cards,Millenium,Downtown,2020,Qtr 3,September,11,2020,145,Chicago,435,1013.5500000000001
2020-09-11 00:00:00,Sports & Outdoors,Nerf Gun,LAX,Airport,2020,Qtr 3,September,11,2020,13,Los Angeles,64.99999999999997,259.87
2020-09-11 00:00:00,Toys,Action Figure,Times Square,Downtown,2020,Qtr 3,September,11,2020,16,New York,96,255.84
2020-09-11 00:00:00,Toys,Animal Figures,JFK,Airport,2020,Qtr 3,September,11,2020,17,New York,51,220.83
2020-09-11 00:00:00,Toys,Lego Bricks,Beverly Hills,Residential,2020,Qtr 3,September,11,2020,52,Los Angeles,260,2079.48
2020-09-12 00:00:00,Art & Crafts,Barrel O' Slime,JFK,Airport,2020,Qtr 3,September,12,2020,33,New York,66,131.67000000000002
2020-09-12 00:00:00,Art & Crafts,PlayDoh Can,LAX,Airport,2020,Qtr 3,September,12,2020,90,Los Angeles,90.00000000000001,269.1
2020-09-12 00:00:00,Sports & Outdoors,Basketball Hoop,Beverly Hills,Residential,2020,Qtr 3,September,12,2020,9,Los Angeles,143.99999999999997,224.91
2020-09-12 00:00:00,Toys,Animal Figures,Times Square,Downtown,2020,Qtr 3,September,12,2020,5,New York,15,64.95
2020-09-12 00:00:00,Toys,Dinosaur Figures,Millenium,Downtown,2020,Qtr 3,September,12,2020,34,Chicago,136,509.66
2020-09-13 00:00:00,Art & Crafts,Barrel O' Slime,Times Square,Downtown,2020,Qtr 3,September,13,2020,31,New York,62,123.69000000000001
2020-09-13 00:00:00,Art & Crafts,PlayDoh Playset,LAX,Airport,2020,Qtr 3,September,13,2020,12,Los Angeles,48,299.88
2020-09-13 00:00:00,Electronics,Gamer Headset,Millenium,Downtown,2020,Qtr 3,September,13,2020,44,Chicago,263.99999999999994,923.56
2020-09-13 00:00:00,Games,Chutes & Ladders,JFK,Airport,2020,Qtr 3,September,13,2020,5,New York,15,64.95
2020-09-13 00:00:00,Sports & Outdoors,Mini Ping Pong,Beverly Hills,Residential,2020,Qtr 3,September,13,2020,14,Los Angeles,42,139.86
2020-09-14 00:00:00,Art & Crafts,PlayDoh Toolkit,LAX,Airport,2020,Qtr 3,September,14,2020,34,Los Angeles,34,169.66
2020-09-14 00:00:00,Electronics,Colorbuds,JFK,Airport,2020,Qtr 3,September,14,2020,49,New York,392,734.51
2020-09-14 00:00:00,Games,Chutes & Ladders,Times Square,Downtown,2020,Qtr 3,September,14,2020,12,New York,36,155.88
2020-09-14 00:00:00,Games,Glass Marbles,Millenium,Downtown,2020,Qtr 3,September,14,2020,26,Chicago,130,285.74
2020-09-14 00:00:00,Sports & Outdoors,Nerf Gun,Beverly Hills,Residential,2020,Qtr 3,September,14,2020,11,Los Angeles,54.99999999999998,219.89
2020-09-15 00:00:00,Art & Crafts,PlayDoh Can,Beverly Hills,Residential,2020,Qtr 3,September,15,2020,76,Los Angeles,76.00000000000001,227.24
2020-09-15 00:00:00,Games,Classic Dominoes,Times Square,Downtown,2020,Qtr 3,September,15,2020,21,New York,42,209.79
2020-09-15 00:00:00,Sports & Outdoors,Dart Gun,JFK,Airport,2020,Qtr 3,September,15,2020,19,New York,76,303.81
2020-09-15 00:00:00,Toys,Hot Wheels Pack,Millenium,Downtown,2020,Qtr 3,September,15,2020,57,Chicago,114,341.43
2020-09-15 00:00:00,Toys,Plush Pony,LAX,Airport,2020,Qtr 3,September,15,2020,11,Los Angeles,120.99999999999999,219.89
2020-09-16 00:00:00,Art & Crafts,PlayDoh Toolkit,Beverly Hills,Residential,2020,Qtr 3,September,16,2020,7,Los Angeles,7,34.93
2020-09-16 00:00:00,Electronics,Colorbuds,Times Square,Downtown,2020,Qtr 3,September,16,2020,130,New York,1040,1948.7
2020-09-16 00:00:00,Games,Deck Of Cards,JFK,Airport,2020,Qtr 3,September,16,2020,116,New York,348,810.84
2020-09-16 00:00:00,Games,Jenga,Millenium,Downtown,2020,Qtr 3,September,16,2020,66,Chicago,462,659.34
2020-09-16 00:00:00,Games,Rubik's Cube,LAX,Airport,2020,Qtr 3,September,16,2020,77,Los Angeles,154,1539.2299999999998
2020-09-17 00:00:00,Art & Crafts,Kids Makeup Kit,Millenium,Downtown,2020,Qtr 3,September,17,2020,13,Chicago,77.99999999999997,259.87
2020-09-17 00:00:00,Sports & Outdoors,Dart Gun,Times Square,Downtown,2020,Qtr 3,September,17,2020,11,New York,44,175.89000000000001
2020-09-17 00:00:00,Sports & Outdoors,Splash Balls,LAX,Airport,2020,Qtr 3,September,17,2020,7,Los Angeles,7,62.93
2020-09-17 00:00:00,Toys,Dinosaur Figures,JFK,Airport,2020,Qtr 3,September,17,2020,20,New York,80,299.8
2020-09-17 00:00:00,Toys,Plush Pony,Beverly Hills,Residential,2020,Qtr 3,September,17,2020,22,Los Angeles,241.99999999999997,439.78
2020-09-18 00:00:00,Electronics,Gamer Headset,JFK,Airport,2020,Qtr 3,September,18,2020,15,New York,89.99999999999997,314.84999999999997
2020-09-18 00:00:00,Games,Deck Of Cards,Times Square,Downtown,2020,Qtr 3,September,18,2020,66,New York,198,461.34000000000003
2020-09-18 00:00:00,Games,Rubik's Cube,Beverly Hills,Residential,2020,Qtr 3,September,18,2020,49,Los Angeles,98,979.5099999999999
2020-09-18 00:00:00,Sports & Outdoors,Water Gun,LAX,Airport,2020,Qtr 3,September,18,2020,11,Los Angeles,33,164.89000000000001
2020-09-18 00:00:00,Toys,Lego Bricks,Millenium,Downtown,2020,Qtr 3,September,18,2020,138,Chicago,690,5518.62
2020-09-19 00:00:00,Games,Glass Marbles,JFK,Airport,2020,Qtr 3,September,19,2020,22,New York,110,241.78
2020-09-19 00:00:00,Sports & Outdoors,Nerf Gun,Millenium,Downtown,2020,Qtr 3,September,19,2020,20,Chicago,99.99999999999997,399.79999999999995
2020-09-19 00:00:00,Sports & Outdoors,Splash Balls,Beverly Hills,Residential,2020,Qtr 3,September,19,2020,2,Los Angeles,2,17.98
2020-09-19 00:00:00,Toys,Action Figure,O'Hare,Airport,2020,Qtr 3,September,19,2020,115,Chicago,690,1838.8500000000001
2020-09-19 00:00:00,Toys,Dinosaur Figures,Times Square,Downtown,2020,Qtr 3,September,19,2020,11,New York,44,164.89000000000001
2020-09-20 00:00:00,Art & Crafts,PlayDoh Can,Millenium,Downtown,2020,Qtr 3,September,20,2020,200,Chicago,200.00000000000006,598
2020-09-20 00:00:00,Electronics,Gamer Headset,Times Square,Downtown,2020,Qtr 3,September,20,2020,72,New York,431.9999999999999,1511.28
2020-09-20 00:00:00,Sports & Outdoors,Water Gun,Beverly Hills,Residential,2020,Qtr 3,September,20,2020,15,Los Angeles,45,224.85
2020-09-20 00:00:00,Toys,Animal Figures,O'Hare,Airport,2020,Qtr 3,September,20,2020,9,Chicago,27,116.91
2020-09-20 00:00:00,Toys,Hot Wheels Pack,JFK,Airport,2020,Qtr 3,September,20,2020,4,New York,8,23.96
2020-09-21 00:00:00,Art & Crafts,Barrel O' Slime,O'Hare,Airport,2020,Qtr 3,September,21,2020,132,Chicago,264,526.6800000000001
2020-09-21 00:00:00,Art & Crafts,PlayDoh Toolkit,Millenium,Downtown,2020,Qtr 3,September,21,2020,81,Chicago,81,404.19
2020-09-21 00:00:00,Games,Glass Marbles,Times Square,Downtown,2020,Qtr 3,September,21,2020,60,New York,300,659.4
2020-09-21 00:00:00,Games,Jenga,JFK,Airport,2020,Qtr 3,September,21,2020,12,New York,84,119.88
2020-09-21 00:00:00,Games,Uno Card Game,Beverly Hills,Residential,2020,Qtr 3,September,21,2020,17,Los Angeles,68,135.83
2020-09-22 00:00:00,Art & Crafts,Kids Makeup Kit,JFK,Airport,2020,Qtr 3,September,22,2020,42,New York,251.99999999999991,839.5799999999999
2020-09-22 00:00:00,Electronics,Colorbuds,O'Hare,Airport,2020,Qtr 3,September,22,2020,205,Chicago,1640,3072.95
2020-09-22 00:00:00,Toys,Action Figure,Hollywood,Commercial,2020,Qtr 3,September,22,2020,32,Los Angeles,192,511.68
2020-09-22 00:00:00,Toys,Hot Wheels Pack,Times Square,Downtown,2020,Qtr 3,September,22,2020,77,New York,154,461.23
2020-09-22 00:00:00,Toys,Plush Pony,Millenium,Downtown,2020,Qtr 3,September,22,2020,5,Chicago,54.99999999999999,99.94999999999999
2020-09-23 00:00:00,Art & Crafts,Barrel O' Slime,Hollywood,Commercial,2020,Qtr 3,September,23,2020,81,Los Angeles,162,323.19
2020-09-23 00:00:00,Games,Jenga,Times Square,Downtown,2020,Qtr 3,September,23,2020,8,New York,56,79.92
2020-09-23 00:00:00,Games,Rubik's Cube,Millenium,Downtown,2020,Qtr 3,September,23,2020,51,Chicago,102,1019.4899999999999
2020-09-23 00:00:00,Sports & Outdoors,Dart Gun,O'Hare,Airport,2020,Qtr 3,September,23,2020,35,Chicago,140,559.65
2020-09-23 00:00:00,Toys,Lego Bricks,JFK,Airport,2020,Qtr 3,September,23,2020,27,New York,135,1079.73
2020-09-24 00:00:00,Art & Crafts,Kids Makeup Kit,Times Square,Downtown,2020,Qtr 3,September,24,2020,16,New York,95.99999999999997,319.84
2020-09-24 00:00:00,Electronics,Colorbuds,Hollywood,Commercial,2020,Qtr 3,September,24,2020,127,Los Angeles,1016,1903.73
2020-09-24 00:00:00,Games,Deck Of Cards,O'Hare,Airport,2020,Qtr 3,September,24,2020,98,Chicago,294,685.02
2020-09-24 00:00:00,Sports & Outdoors,Mini Ping Pong,JFK,Airport,2020,Qtr 3,September,24,2020,5,New York,15,49.95
2020-09-24 00:00:00,Sports & Outdoors,Splash Balls,Millenium,Downtown,2020,Qtr 3,September,24,2020,137,Chicago,137,1231.63
2020-09-25 00:00:00,Electronics,Gamer Headset,O'Hare,Airport,2020,Qtr 3,September,25,2020,43,Chicago,257.99999999999994,902.5699999999999
2020-09-25 00:00:00,Sports & Outdoors,Dart Gun,Hollywood,Commercial,2020,Qtr 3,September,25,2020,42,Los Angeles,168,671.58
2020-09-25 00:00:00,Sports & Outdoors,Nerf Gun,JFK,Airport,2020,Qtr 3,September,25,2020,7,New York,34.999999999999986,139.92999999999998
2020-09-25 00:00:00,Sports & Outdoors,Water Gun,Millenium,Downtown,2020,Qtr 3,September,25,2020,14,Chicago,42,209.86
2020-09-25 00:00:00,Toys,Lego Bricks,Times Square,Downtown,2020,Qtr 3,September,25,2020,91,New York,455,3639.09
2020-09-26 00:00:00,Art & Crafts,PlayDoh Can,JFK,Airport,2020,Qtr 3,September,26,2020,60,New York,60.000000000000014,179.4
2020-09-26 00:00:00,Games,Deck Of Cards,Hollywood,Commercial,2020,Qtr 3,September,26,2020,46,Los Angeles,138,321.54
2020-09-26 00:00:00,Games,Glass Marbles,O'Hare,Airport,2020,Qtr 3,September,26,2020,214,Chicago,1070,2351.86
2020-09-26 00:00:00,Sports & Outdoors,Mini Ping Pong,Times Square,Downtown,2020,Qtr 3,September,26,2020,22,New York,66,219.78
2020-09-26 00:00:00,Toys,Teddy Bear,Millenium,Downtown,2020,Qtr 3,September,26,2020,32,Chicago,64,415.68
2020-09-27 00:00:00,Art & Crafts,PlayDoh Playset,JFK,Airport,2020,Qtr 3,September,27,2020,6,New York,24,149.94
2020-09-27 00:00:00,Electronics,Toy Robot,Millenium,Downtown,2020,Qtr 3,September,27,2020,40,Chicago,200,1039.6
2020-09-27 00:00:00,Sports & Outdoors,Nerf Gun,Times Square,Downtown,2020,Qtr 3,September,27,2020,11,New York,54.99999999999998,219.89
2020-09-27 00:00:00,Toys,Dinosaur Figures,Hollywood,Commercial,2020,Qtr 3,September,27,2020,11,Los Angeles,44,164.89000000000001
2020-09-27 00:00:00,Toys,Hot Wheels Pack,O'Hare,Airport,2020,Qtr 3,September,27,2020,45,Chicago,90,269.55
2020-09-28 00:00:00,Art & Crafts,PlayDoh Can,Times Square,Downtown,2020,Qtr 3,September,28,2020,142,New York,142.00000000000003,424.58000000000004
2020-09-28 00:00:00,Art & Crafts,PlayDoh Toolkit,JFK,Airport,2020,Qtr 3,September,28,2020,24,New York,24,119.76
2020-09-28 00:00:00,Electronics,Gamer Headset,Hollywood,Commercial,2020,Qtr 3,September,28,2020,13,Los Angeles,77.99999999999997,272.87
2020-09-28 00:00:00,Games,Jenga,O'Hare,Airport,2020,Qtr 3,September,28,2020,100,Chicago,700,999
2020-09-28 00:00:00,Toys,Action Figure,LAX,Airport,2020,Qtr 3,September,28,2020,43,Los Angeles,258,687.57
2020-09-29 00:00:00,Art & Crafts,Kids Makeup Kit,O'Hare,Airport,2020,Qtr 3,September,29,2020,61,Chicago,365.9999999999999,1219.3899999999999
2020-09-29 00:00:00,Art & Crafts,PlayDoh Playset,Times Square,Downtown,2020,Qtr 3,September,29,2020,13,New York,52,324.87
2020-09-29 00:00:00,Games,Glass Marbles,Hollywood,Commercial,2020,Qtr 3,September,29,2020,19,Los Angeles,95,208.81
2020-09-29 00:00:00,Toys,Animal Figures,LAX,Airport,2020,Qtr 3,September,29,2020,29,Los Angeles,87,376.71
2020-09-29 00:00:00,Toys,Plush Pony,JFK,Airport,2020,Qtr 3,September,29,2020,30,New York,329.99999999999994,599.6999999999999
2020-09-30 00:00:00,Art & Crafts,Barrel O' Slime,LAX,Airport,2020,Qtr 3,September,30,2020,152,Los Angeles,304,606.48
2020-09-30 00:00:00,Games,Rubik's Cube,Times Square,Downtown,2020,Qtr 3,September,30,2020,9,New York,18,179.91
2020-09-30 00:00:00,Sports & Outdoors,Splash Balls,JFK,Airport,2020,Qtr 3,September,30,2020,219,New York,219,1968.81
2020-09-30 00:00:00,Toys,Hot Wheels Pack,Hollywood,Commercial,2020,Qtr 3,September,30,2020,53,Los Angeles,106,317.47
2020-09-30 00:00:00,Toys,Lego Bricks,O'Hare,Airport,2020,Qtr 3,September,30,2020,153,Chicago,765,6118.47
2020-10-01 00:00:00,Art & Crafts,Barrel O' Slime,Fifth Avenue,Commercial,2020,Qtr 4,October,1,2020,133,New York,266,530.6700000000001
2020-10-01 00:00:00,Art & Crafts,Barrel O' Slime,Lincoln Park,Residential,2020,Qtr 4,October,1,2020,80,Chicago,160,319.20000000000005
2020-10-01 00:00:00,Art & Crafts,Barrel O' Slime,Michigan Ave,Commercial,2020,Qtr 4,October,1,2020,146,Chicago,292,582.5400000000001
2020-10-01 00:00:00,Art & Crafts,Kids Makeup Kit,Fifth Avenue,Commercial,2020,Qtr 4,October,1,2020,32,New York,191.99999999999994,639.68
2020-10-01 00:00:00,Art & Crafts,Kids Makeup Kit,Lincoln Park,Residential,2020,Qtr 4,October,1,2020,29,Chicago,173.99999999999994,579.7099999999999
2020-10-01 00:00:00,Art & Crafts,Magic Sand,Fifth Avenue,Commercial,2020,Qtr 4,October,1,2020,30,New York,60,479.7
2020-10-01 00:00:00,Art & Crafts,PlayDoh Can,Fifth Avenue,Commercial,2020,Qtr 4,October,1,2020,28,New York,28.000000000000007,83.72
2020-10-01 00:00:00,Art & Crafts,PlayDoh Can,Lincoln Park,Residential,2020,Qtr 4,October,1,2020,57,Chicago,57.000000000000014,170.43
2020-10-01 00:00:00,Art & Crafts,PlayDoh Can,Michigan Ave,Commercial,2020,Qtr 4,October,1,2020,65,Chicago,65.00000000000001,194.35000000000002
2020-10-01 00:00:00,Art & Crafts,PlayDoh Playset,Fifth Avenue,Commercial,2020,Qtr 4,October,1,2020,5,New York,20,124.94999999999999
2020-10-01 00:00:00,Art & Crafts,PlayDoh Toolkit,Lincoln Park,Residential,2020,Qtr 4,October,1,2020,15,Chicago,15,74.85000000000001
2020-10-01 00:00:00,Art & Crafts,PlayDoh Toolkit,Michigan Ave,Commercial,2020,Qtr 4,October,1,2020,15,Chicago,15,74.85000000000001
2020-10-01 00:00:00,Electronics,Colorbuds,Fifth Avenue,Commercial,2020,Qtr 4,October,1,2020,25,New York,200,374.75
2020-10-01 00:00:00,Electronics,Colorbuds,Lincoln Park,Residential,2020,Qtr 4,October,1,2020,57,Chicago,456,854.4300000000001
2020-10-01 00:00:00,Electronics,Colorbuds,Michigan Ave,Commercial,2020,Qtr 4,October,1,2020,103,Chicago,824,1543.97
2020-10-01 00:00:00,Electronics,Gamer Headset,Fifth Avenue,Commercial,2020,Qtr 4,October,1,2020,19,New York,113.99999999999997,398.80999999999995
2020-10-01 00:00:00,Electronics,Gamer Headset,Lincoln Park,Residential,2020,Qtr 4,October,1,2020,11,Chicago,65.99999999999999,230.89
2020-10-01 00:00:00,Electronics,Gamer Headset,Michigan Ave,Commercial,2020,Qtr 4,October,1,2020,6,Chicago,35.999999999999986,125.94
2020-10-01 00:00:00,Electronics,Toy Robot,Fifth Avenue,Commercial,2020,Qtr 4,October,1,2020,12,New York,60,311.88
2020-10-01 00:00:00,Electronics,Toy Robot,JFK,Airport,2020,Qtr 4,October,1,2020,17,New York,85,441.83
2020-10-01 00:00:00,Electronics,Toy Robot,Lincoln Park,Residential,2020,Qtr 4,October,1,2020,17,Chicago,85,441.83
2020-10-01 00:00:00,Electronics,Toy Robot,Michigan Ave,Commercial,2020,Qtr 4,October,1,2020,6,Chicago,30,155.94
2020-10-01 00:00:00,Electronics,Toy Robot,Millenium,Downtown,2020,Qtr 4,October,1,2020,17,Chicago,85,441.83
2020-10-01 00:00:00,Games,Chutes & Ladders,Fifth Avenue,Commercial,2020,Qtr 4,October,1,2020,8,New York,24,103.92
2020-10-01 00:00:00,Games,Deck Of Cards,Fifth Avenue,Commercial,2020,Qtr 4,October,1,2020,16,New York,48,111.84
2020-10-01 00:00:00,Games,Deck Of Cards,Lincoln Park,Residential,2020,Qtr 4,October,1,2020,39,Chicago,117,272.61
2020-10-01 00:00:00,Games,Deck Of Cards,Michigan Ave,Commercial,2020,Qtr 4,October,1,2020,11,Chicago,33,76.89
2020-10-01 00:00:00,Games,Glass Marbles,Fifth Avenue,Commercial,2020,Qtr 4,October,1,2020,9,New York,45,98.91
2020-10-01 00:00:00,Games,Glass Marbles,Hollywood,Commercial,2020,Qtr 4,October,1,2020,16,Los Angeles,80,175.84
2020-10-01 00:00:00,Games,Glass Marbles,Lincoln Park,Residential,2020,Qtr 4,October,1,2020,27,Chicago,135,296.73
2020-10-01 00:00:00,Games,Jenga,Fifth Avenue,Commercial,2020,Qtr 4,October,1,2020,26,New York,182,259.74
2020-10-01 00:00:00,Games,Jenga,Michigan Ave,Commercial,2020,Qtr 4,October,1,2020,8,Chicago,56,79.92
2020-10-01 00:00:00,Games,Jenga,O'Hare,Airport,2020,Qtr 4,October,1,2020,7,Chicago,49,69.93
2020-10-01 00:00:00,Games,Rubik's Cube,Fifth Avenue,Commercial,2020,Qtr 4,October,1,2020,26,New York,52,519.74
2020-10-01 00:00:00,Games,Rubik's Cube,Lincoln Park,Residential,2020,Qtr 4,October,1,2020,36,Chicago,72,719.64
2020-10-01 00:00:00,Games,Rubik's Cube,Michigan Ave,Commercial,2020,Qtr 4,October,1,2020,18,Chicago,36,359.82
2020-10-01 00:00:00,Games,Rubik's Cube,Times Square,Downtown,2020,Qtr 4,October,1,2020,85,New York,170,1699.1499999999999
2020-10-01 00:00:00,Sports & Outdoors,Basketball Hoop,Fifth Avenue,Commercial,2020,Qtr 4,October,1,2020,5,New York,79.99999999999999,124.94999999999999
2020-10-01 00:00:00,Sports & Outdoors,Basketball Hoop,Lincoln Park,Residential,2020,Qtr 4,October,1,2020,17,Chicago,271.99999999999994,424.83
2020-10-01 00:00:00,Sports & Outdoors,Dart Gun,Fifth Avenue,Commercial,2020,Qtr 4,October,1,2020,35,New York,140,559.65
2020-10-01 00:00:00,Sports & Outdoors,Dart Gun,Lincoln Park,Residential,2020,Qtr 4,October,1,2020,15,Chicago,60,239.85
2020-10-01 00:00:00,Sports & Outdoors,Dart Gun,Michigan Ave,Commercial,2020,Qtr 4,October,1,2020,93,Chicago,372,1487.07
2020-10-01 00:00:00,Sports & Outdoors,Mini Ping Pong,Lincoln Park,Residential,2020,Qtr 4,October,1,2020,79,Chicago,237,789.21
2020-10-01 00:00:00,Sports & Outdoors,Nerf Gun,Fifth Avenue,Commercial,2020,Qtr 4,October,1,2020,31,New York,154.99999999999994,619.6899999999999
2020-10-01 00:00:00,Sports & Outdoors,Nerf Gun,Lincoln Park,Residential,2020,Qtr 4,October,1,2020,11,Chicago,54.99999999999998,219.89
2020-10-01 00:00:00,Sports & Outdoors,Splash Balls,Fifth Avenue,Commercial,2020,Qtr 4,October,1,2020,50,New York,50,449.5
2020-10-01 00:00:00,Sports & Outdoors,Splash Balls,JFK,Airport,2020,Qtr 4,October,1,2020,73,New York,73,656.27
2020-10-01 00:00:00,Sports & Outdoors,Splash Balls,Lincoln Park,Residential,2020,Qtr 4,October,1,2020,9,Chicago,9,80.91
2020-10-01 00:00:00,Sports & Outdoors,Splash Balls,Michigan Ave,Commercial,2020,Qtr 4,October,1,2020,35,Chicago,35,314.65000000000003
2020-10-01 00:00:00,Sports & Outdoors,Water Gun,Fifth Avenue,Commercial,2020,Qtr 4,October,1,2020,18,New York,54,269.82
2020-10-01 00:00:00,Sports & Outdoors,Water Gun,Michigan Ave,Commercial,2020,Qtr 4,October,1,2020,8,Chicago,24,119.92
2020-10-01 00:00:00,Toys,Action Figure,Beverly Hills,Residential,2020,Qtr 4,October,1,2020,64,Los Angeles,384,1023.36
2020-10-01 00:00:00,Toys,Action Figure,Fifth Avenue,Commercial,2020,Qtr 4,October,1,2020,54,New York,324,863.46
2020-10-01 00:00:00,Toys,Action Figure,Lincoln Park,Residential,2020,Qtr 4,October,1,2020,20,Chicago,120,319.8
2020-10-01 00:00:00,Toys,Action Figure,Michigan Ave,Commercial,2020,Qtr 4,October,1,2020,56,Chicago,336,895.44
2020-10-01 00:00:00,Toys,Animal Figures,Fifth Avenue,Commercial,2020,Qtr 4,October,1,2020,65,New York,195,844.35
2020-10-01 00:00:00,Toys,Animal Figures,Lincoln Park,Residential,2020,Qtr 4,October,1,2020,55,Chicago,165,714.45
2020-10-01 00:00:00,Toys,Animal Figures,Michigan Ave,Commercial,2020,Qtr 4,October,1,2020,1,Chicago,3,12.99
2020-10-01 00:00:00,Toys,Dinosaur Figures,Fifth Avenue,Commercial,2020,Qtr 4,October,1,2020,9,New York,36,134.91
2020-10-01 00:00:00,Toys,Dinosaur Figures,Lincoln Park,Residential,2020,Qtr 4,October,1,2020,36,Chicago,144,539.64
2020-10-01 00:00:00,Toys,Dinosaur Figures,Michigan Ave,Commercial,2020,Qtr 4,October,1,2020,33,Chicago,132,494.67
2020-10-01 00:00:00,Toys,Hot Wheels Pack,Fifth Avenue,Commercial,2020,Qtr 4,October,1,2020,12,New York,24,71.88
2020-10-01 00:00:00,Toys,Hot Wheels Pack,Lincoln Park,Residential,2020,Qtr 4,October,1,2020,37,Chicago,74,221.63
2020-10-01 00:00:00,Toys,Hot Wheels Pack,Michigan Ave,Commercial,2020,Qtr 4,October,1,2020,58,Chicago,116,347.42
2020-10-01 00:00:00,Toys,Lego Bricks,Fifth Avenue,Commercial,2020,Qtr 4,October,1,2020,129,New York,645,5158.71
2020-10-01 00:00:00,Toys,Lego Bricks,Lincoln Park,Residential,2020,Qtr 4,October,1,2020,111,Chicago,555,4438.89
2020-10-01 00:00:00,Toys,Lego Bricks,Michigan Ave,Commercial,2020,Qtr 4,October,1,2020,100,Chicago,500,3999
2020-10-01 00:00:00,Toys,Mr. Potatohead,Fifth Avenue,Commercial,2020,Qtr 4,October,1,2020,9,New York,45,89.91
2020-10-01 00:00:00,Toys,Plush Pony,Lincoln Park,Residential,2020,Qtr 4,October,1,2020,13,Chicago,142.99999999999997,259.87
2020-10-01 00:00:00,Toys,Plush Pony,Michigan Ave,Commercial,2020,Qtr 4,October,1,2020,24,Chicago,263.99999999999994,479.76
2020-10-01 00:00:00,Toys,Teddy Bear,Lincoln Park,Residential,2020,Qtr 4,October,1,2020,13,Chicago,26,168.87
2020-10-02 00:00:00,Art & Crafts,Kids Makeup Kit,O'Hare,Airport,2020,Qtr 4,October,2,2020,145,Chicago,869.9999999999998,2898.5499999999997
2020-10-02 00:00:00,Games,Uno Card Game,Millenium,Downtown,2020,Qtr 4,October,2,2020,11,Chicago,44,87.89
2020-10-02 00:00:00,Sports & Outdoors,Splash Balls,Times Square,Downtown,2020,Qtr 4,October,2,2020,9,New York,9,80.91
2020-10-02 00:00:00,Toys,Animal Figures,Beverly Hills,Residential,2020,Qtr 4,October,2,2020,11,Los Angeles,33,142.89000000000001
2020-10-02 00:00:00,Toys,Hot Wheels Pack,Hollywood,Commercial,2020,Qtr 4,October,2,2020,99,Los Angeles,198,593.01
2020-10-03 00:00:00,Art & Crafts,Barrel O' Slime,Beverly Hills,Residential,2020,Qtr 4,October,3,2020,87,Los Angeles,174,347.13
2020-10-03 00:00:00,Games,Jenga,Hollywood,Commercial,2020,Qtr 4,October,3,2020,44,Los Angeles,308,439.56
2020-10-03 00:00:00,Sports & Outdoors,Water Gun,Times Square,Downtown,2020,Qtr 4,October,3,2020,5,New York,15,74.95
2020-10-03 00:00:00,Toys,Action Figure,LAX,Airport,2020,Qtr 4,October,3,2020,50,Los Angeles,300,799.5
2020-10-03 00:00:00,Toys,Lego Bricks,O'Hare,Airport,2020,Qtr 4,October,3,2020,81,Chicago,405,3239.19
2020-10-04 00:00:00,Games,Chutes & Ladders,Beverly Hills,Residential,2020,Qtr 4,October,4,2020,11,Los Angeles,33,142.89000000000001
2020-10-04 00:00:00,Sports & Outdoors,Nerf Gun,O'Hare,Airport,2020,Qtr 4,October,4,2020,40,Chicago,199.99999999999994,799.5999999999999
2020-10-04 00:00:00,Toys,Action Figure,Millenium,Downtown,2020,Qtr 4,October,4,2020,97,Chicago,582,1551.03
2020-10-04 00:00:00,Toys,Animal Figures,LAX,Airport,2020,Qtr 4,October,4,2020,87,Los Angeles,261,1130.13
2020-10-04 00:00:00,Toys,Lego Bricks,Hollywood,Commercial,2020,Qtr 4,October,4,2020,75,Los Angeles,375,2999.25
2020-10-05 00:00:00,Art & Crafts,Barrel O' Slime,LAX,Airport,2020,Qtr 4,October,5,2020,197,Los Angeles,394,786.0300000000001
2020-10-05 00:00:00,Art & Crafts,PlayDoh Can,O'Hare,Airport,2020,Qtr 4,October,5,2020,58,Chicago,58.000000000000014,173.42000000000002
2020-10-05 00:00:00,Games,Classic Dominoes,Beverly Hills,Residential,2020,Qtr 4,October,5,2020,12,Los Angeles,24,119.88
2020-10-05 00:00:00,Sports & Outdoors,Nerf Gun,Hollywood,Commercial,2020,Qtr 4,October,5,2020,7,Los Angeles,34.999999999999986,139.92999999999998
2020-10-05 00:00:00,Toys,Animal Figures,Millenium,Downtown,2020,Qtr 4,October,5,2020,59,Chicago,177,766.41
2020-10-06 00:00:00,Art & Crafts,Barrel O' Slime,Millenium,Downtown,2020,Qtr 4,October,6,2020,193,Chicago,386,770.07
2020-10-06 00:00:00,Art & Crafts,PlayDoh Can,Hollywood,Commercial,2020,Qtr 4,October,6,2020,117,Los Angeles,117.00000000000003,349.83000000000004
2020-10-06 00:00:00,Art & Crafts,PlayDoh Playset,O'Hare,Airport,2020,Qtr 4,October,6,2020,6,Chicago,24,149.94
2020-10-06 00:00:00,Electronics,Colorbuds,Beverly Hills,Residential,2020,Qtr 4,October,6,2020,38,Los Angeles,304,569.62
2020-10-06 00:00:00,Electronics,Colorbuds,LAX,Airport,2020,Qtr 4,October,6,2020,209,Los Angeles,1672,3132.91
2020-10-07 00:00:00,Art & Crafts,PlayDoh Playset,Hollywood,Commercial,2020,Qtr 4,October,7,2020,14,Los Angeles,56,349.85999999999996
2020-10-07 00:00:00,Art & Crafts,PlayDoh Toolkit,O'Hare,Airport,2020,Qtr 4,October,7,2020,17,Chicago,17,84.83
2020-10-07 00:00:00,Games,Chutes & Ladders,Millenium,Downtown,2020,Qtr 4,October,7,2020,9,Chicago,27,116.91
2020-10-07 00:00:00,Sports & Outdoors,Dart Gun,Beverly Hills,Residential,2020,Qtr 4,October,7,2020,53,Los Angeles,212,847.47
2020-10-07 00:00:00,Sports & Outdoors,Dart Gun,LAX,Airport,2020,Qtr 4,October,7,2020,77,Los Angeles,308,1231.23
2020-10-08 00:00:00,Art & Crafts,PlayDoh Toolkit,Hollywood,Commercial,2020,Qtr 4,October,8,2020,13,Los Angeles,13,64.87
2020-10-08 00:00:00,Games,Classic Dominoes,Millenium,Downtown,2020,Qtr 4,October,8,2020,16,Chicago,32,159.84
2020-10-08 00:00:00,Games,Deck Of Cards,Beverly Hills,Residential,2020,Qtr 4,October,8,2020,79,Los Angeles,237,552.21
2020-10-08 00:00:00,Games,Deck Of Cards,LAX,Airport,2020,Qtr 4,October,8,2020,38,Los Angeles,114,265.62
2020-10-08 00:00:00,Games,Rubik's Cube,O'Hare,Airport,2020,Qtr 4,October,8,2020,59,Chicago,118,1179.4099999999999
2020-10-09 00:00:00,Electronics,Colorbuds,Millenium,Downtown,2020,Qtr 4,October,9,2020,83,Chicago,664,1244.17
2020-10-09 00:00:00,Games,Rubik's Cube,Hollywood,Commercial,2020,Qtr 4,October,9,2020,57,Los Angeles,114,1139.4299999999998
2020-10-09 00:00:00,Sports & Outdoors,Splash Balls,O'Hare,Airport,2020,Qtr 4,October,9,2020,42,Chicago,42,377.58
2020-10-09 00:00:00,Toys,Dinosaur Figures,Beverly Hills,Residential,2020,Qtr 4,October,9,2020,7,Los Angeles,28,104.93
2020-10-09 00:00:00,Toys,Dinosaur Figures,LAX,Airport,2020,Qtr 4,October,9,2020,66,Los Angeles,264,989.34
2020-10-10 00:00:00,Electronics,Gamer Headset,Beverly Hills,Residential,2020,Qtr 4,October,10,2020,59,Los Angeles,353.9999999999999,1238.4099999999999
2020-10-10 00:00:00,Electronics,Gamer Headset,LAX,Airport,2020,Qtr 4,October,10,2020,92,Los Angeles,551.9999999999999,1931.08
2020-10-10 00:00:00,Sports & Outdoors,Dart Gun,Millenium,Downtown,2020,Qtr 4,October,10,2020,25,Chicago,100,399.75
2020-10-10 00:00:00,Sports & Outdoors,Splash Balls,Hollywood,Commercial,2020,Qtr 4,October,10,2020,6,Los Angeles,6,53.94
2020-10-10 00:00:00,Sports & Outdoors,Water Gun,O'Hare,Airport,2020,Qtr 4,October,10,2020,13,Chicago,39,194.87
2020-10-11 00:00:00,Electronics,Toy Robot,O'Hare,Airport,2020,Qtr 4,October,11,2020,14,Chicago,70,363.85999999999996
2020-10-11 00:00:00,Games,Deck Of Cards,Millenium,Downtown,2020,Qtr 4,October,11,2020,136,Chicago,408,950.64
2020-10-11 00:00:00,Games,Glass Marbles,Beverly Hills,Residential,2020,Qtr 4,October,11,2020,10,Los Angeles,50,109.9
2020-10-11 00:00:00,Games,Glass Marbles,LAX,Airport,2020,Qtr 4,October,11,2020,13,Los Angeles,65,142.87
2020-10-11 00:00:00,Toys,Teddy Bear,Hollywood,Commercial,2020,Qtr 4,October,11,2020,32,Los Angeles,64,415.68
2020-10-12 00:00:00,Electronics,Toy Robot,Hollywood,Commercial,2020,Qtr 4,October,12,2020,18,Los Angeles,90,467.82
2020-10-12 00:00:00,Toys,Action Figure,JFK,Airport,2020,Qtr 4,October,12,2020,28,New York,168,447.72
2020-10-12 00:00:00,Toys,Dinosaur Figures,Millenium,Downtown,2020,Qtr 4,October,12,2020,61,Chicago,244,914.39
2020-10-12 00:00:00,Toys,Hot Wheels Pack,Beverly Hills,Residential,2020,Qtr 4,October,12,2020,68,Los Angeles,136,407.32
2020-10-12 00:00:00,Toys,Hot Wheels Pack,LAX,Airport,2020,Qtr 4,October,12,2020,18,Los Angeles,36,107.82000000000001
2020-10-13 00:00:00,Electronics,Gamer Headset,Millenium,Downtown,2020,Qtr 4,October,13,2020,22,Chicago,131.99999999999997,461.78
2020-10-13 00:00:00,Games,Jenga,Beverly Hills,Residential,2020,Qtr 4,October,13,2020,19,Los Angeles,133,189.81
2020-10-13 00:00:00,Games,Jenga,LAX,Airport,2020,Qtr 4,October,13,2020,28,Los Angeles,196,279.72
2020-10-13 00:00:00,Toys,Action Figure,Times Square,Downtown,2020,Qtr 4,October,13,2020,15,New York,90,239.85
2020-10-13 00:00:00,Toys,Animal Figures,JFK,Airport,2020,Qtr 4,October,13,2020,21,New York,63,272.79
2020-10-14 00:00:00,Art & Crafts,Barrel O' Slime,JFK,Airport,2020,Qtr 4,October,14,2020,95,New York,190,379.05
2020-10-14 00:00:00,Art & Crafts,Kids Makeup Kit,Beverly Hills,Residential,2020,Qtr 4,October,14,2020,10,Los Angeles,59.999999999999986,199.89999999999998
2020-10-14 00:00:00,Art & Crafts,Kids Makeup Kit,LAX,Airport,2020,Qtr 4,October,14,2020,80,Los Angeles,479.9999999999999,1599.1999999999998
2020-10-14 00:00:00,Games,Glass Marbles,Millenium,Downtown,2020,Qtr 4,October,14,2020,32,Chicago,160,351.68
2020-10-14 00:00:00,Toys,Animal Figures,Times Square,Downtown,2020,Qtr 4,October,14,2020,31,New York,93,402.69
2020-10-15 00:00:00,Art & Crafts,Barrel O' Slime,Times Square,Downtown,2020,Qtr 4,October,15,2020,95,New York,190,379.05
2020-10-15 00:00:00,Games,Classic Dominoes,JFK,Airport,2020,Qtr 4,October,15,2020,6,New York,12,59.94
2020-10-15 00:00:00,Toys,Hot Wheels Pack,Millenium,Downtown,2020,Qtr 4,October,15,2020,9,Chicago,18,53.910000000000004
2020-10-15 00:00:00,Toys,Lego Bricks,Beverly Hills,Residential,2020,Qtr 4,October,15,2020,33,Los Angeles,165,1319.67
2020-10-15 00:00:00,Toys,Lego Bricks,LAX,Airport,2020,Qtr 4,October,15,2020,62,Los Angeles,310,2479.38
2020-10-16 00:00:00,Art & Crafts,PlayDoh Can,LAX,Airport,2020,Qtr 4,October,16,2020,231,Los Angeles,231.00000000000006,690.69
2020-10-16 00:00:00,Electronics,Colorbuds,JFK,Airport,2020,Qtr 4,October,16,2020,63,New York,504,944.37
2020-10-16 00:00:00,Games,Chutes & Ladders,Times Square,Downtown,2020,Qtr 4,October,16,2020,13,New York,39,168.87
2020-10-16 00:00:00,Games,Jenga,Millenium,Downtown,2020,Qtr 4,October,16,2020,20,Chicago,140,199.8
2020-10-16 00:00:00,Sports & Outdoors,Mini Ping Pong,Beverly Hills,Residential,2020,Qtr 4,October,16,2020,48,Los Angeles,144,479.52
2020-10-17 00:00:00,Art & Crafts,Kids Makeup Kit,Millenium,Downtown,2020,Qtr 4,October,17,2020,28,Chicago,167.99999999999994,559.7199999999999
2020-10-17 00:00:00,Art & Crafts,PlayDoh Playset,LAX,Airport,2020,Qtr 4,October,17,2020,25,Los Angeles,100,624.75
2020-10-17 00:00:00,Electronics,Colorbuds,Times Square,Downtown,2020,Qtr 4,October,17,2020,186,New York,1488,2788.14
2020-10-17 00:00:00,Games,Deck Of Cards,JFK,Airport,2020,Qtr 4,October,17,2020,169,New York,507,1181.31
2020-10-17 00:00:00,Sports & Outdoors,Nerf Gun,Beverly Hills,Residential,2020,Qtr 4,October,17,2020,8,Los Angeles,39.999999999999986,159.92
2020-10-18 00:00:00,Art & Crafts,PlayDoh Can,Beverly Hills,Residential,2020,Qtr 4,October,18,2020,74,Los Angeles,74.00000000000001,221.26000000000002
2020-10-18 00:00:00,Art & Crafts,PlayDoh Toolkit,LAX,Airport,2020,Qtr 4,October,18,2020,106,Los Angeles,106,528.94
2020-10-18 00:00:00,Sports & Outdoors,Dart Gun,Times Square,Downtown,2020,Qtr 4,October,18,2020,37,New York,148,591.63
2020-10-18 00:00:00,Toys,Dinosaur Figures,JFK,Airport,2020,Qtr 4,October,18,2020,34,New York,136,509.66
2020-10-18 00:00:00,Toys,Lego Bricks,Millenium,Downtown,2020,Qtr 4,October,18,2020,66,Chicago,330,2639.34
2020-10-19 00:00:00,Art & Crafts,Magic Sand,Millenium,Downtown,2020,Qtr 4,October,19,2020,25,Chicago,50,399.75
2020-10-19 00:00:00,Art & Crafts,PlayDoh Playset,Beverly Hills,Residential,2020,Qtr 4,October,19,2020,10,Los Angeles,40,249.89999999999998
2020-10-19 00:00:00,Electronics,Gamer Headset,JFK,Airport,2020,Qtr 4,October,19,2020,21,New York,125.99999999999996,440.78999999999996
2020-10-19 00:00:00,Games,Deck Of Cards,Times Square,Downtown,2020,Qtr 4,October,19,2020,61,New York,183,426.39
2020-10-19 00:00:00,Toys,Plush Pony,LAX,Airport,2020,Qtr 4,October,19,2020,27,Los Angeles,296.99999999999994,539.7299999999999
2020-10-20 00:00:00,Art & Crafts,PlayDoh Toolkit,Beverly Hills,Residential,2020,Qtr 4,October,20,2020,73,Los Angeles,73,364.27000000000004
2020-10-20 00:00:00,Games,Glass Marbles,JFK,Airport,2020,Qtr 4,October,20,2020,3,New York,15,32.97
2020-10-20 00:00:00,Games,Rubik's Cube,LAX,Airport,2020,Qtr 4,October,20,2020,176,Los Angeles,352,3518.24
2020-10-20 00:00:00,Sports & Outdoors,Basketball Hoop,Millenium,Downtown,2020,Qtr 4,October,20,2020,14,Chicago,223.99999999999997,349.85999999999996
2020-10-20 00:00:00,Toys,Dinosaur Figures,Times Square,Downtown,2020,Qtr 4,October,20,2020,94,New York,376,1409.06
2020-10-21 00:00:00,Electronics,Gamer Headset,Times Square,Downtown,2020,Qtr 4,October,21,2020,47,New York,281.99999999999994,986.53
2020-10-21 00:00:00,Games,Rubik's Cube,Beverly Hills,Residential,2020,Qtr 4,October,21,2020,37,Los Angeles,74,739.63
2020-10-21 00:00:00,Sports & Outdoors,Mini Ping Pong,Millenium,Downtown,2020,Qtr 4,October,21,2020,56,Chicago,168,559.44
2020-10-21 00:00:00,Sports & Outdoors,Splash Balls,LAX,Airport,2020,Qtr 4,October,21,2020,61,Los Angeles,61,548.39
2020-10-21 00:00:00,Toys,Hot Wheels Pack,JFK,Airport,2020,Qtr 4,October,21,2020,11,New York,22,65.89
2020-10-22 00:00:00,Games,Glass Marbles,Times Square,Downtown,2020,Qtr 4,October,22,2020,21,New York,105,230.79
2020-10-22 00:00:00,Games,Jenga,JFK,Airport,2020,Qtr 4,October,22,2020,27,New York,189,269.73
2020-10-22 00:00:00,Sports & Outdoors,Splash Balls,Beverly Hills,Residential,2020,Qtr 4,October,22,2020,28,Los Angeles,28,251.72
2020-10-22 00:00:00,Sports & Outdoors,Water Gun,LAX,Airport,2020,Qtr 4,October,22,2020,14,Los Angeles,42,209.86
2020-10-22 00:00:00,Toys,Mr. Potatohead,Millenium,Downtown,2020,Qtr 4,October,22,2020,25,Chicago,125,249.75
2020-10-23 00:00:00,Art & Crafts,Kids Makeup Kit,JFK,Airport,2020,Qtr 4,October,23,2020,12,New York,71.99999999999997,239.88
2020-10-23 00:00:00,Sports & Outdoors,Nerf Gun,Millenium,Downtown,2020,Qtr 4,October,23,2020,13,Chicago,64.99999999999997,259.87
2020-10-23 00:00:00,Sports & Outdoors,Water Gun,Beverly Hills,Residential,2020,Qtr 4,October,23,2020,30,Los Angeles,90,449.7
2020-10-23 00:00:00,Toys,Action Figure,O'Hare,Airport,2020,Qtr 4,October,23,2020,82,Chicago,492,1311.18
2020-10-23 00:00:00,Toys,Hot Wheels Pack,Times Square,Downtown,2020,Qtr 4,October,23,2020,64,New York,128,383.36
2020-10-24 00:00:00,Art & Crafts,PlayDoh Can,Millenium,Downtown,2020,Qtr 4,October,24,2020,160,Chicago,160.00000000000003,478.40000000000003
2020-10-24 00:00:00,Games,Jenga,Times Square,Downtown,2020,Qtr 4,October,24,2020,20,New York,140,199.8
2020-10-24 00:00:00,Toys,Animal Figures,O'Hare,Airport,2020,Qtr 4,October,24,2020,78,Chicago,234,1013.22
2020-10-24 00:00:00,Toys,Lego Bricks,JFK,Airport,2020,Qtr 4,October,24,2020,60,New York,300,2399.4
2020-10-24 00:00:00,Toys,Teddy Bear,Beverly Hills,Residential,2020,Qtr 4,October,24,2020,4,Los Angeles,8,51.96
2020-10-25 00:00:00,Art & Crafts,Barrel O' Slime,O'Hare,Airport,2020,Qtr 4,October,25,2020,448,Chicago,896,1787.52
2020-10-25 00:00:00,Art & Crafts,Kids Makeup Kit,Times Square,Downtown,2020,Qtr 4,October,25,2020,22,New York,131.99999999999997,439.78
2020-10-25 00:00:00,Art & Crafts,PlayDoh Playset,Millenium,Downtown,2020,Qtr 4,October,25,2020,8,Chicago,32,199.92
2020-10-25 00:00:00,Electronics,Toy Robot,Beverly Hills,Residential,2020,Qtr 4,October,25,2020,20,Los Angeles,100,519.8
2020-10-25 00:00:00,Sports & Outdoors,Mini Ping Pong,JFK,Airport,2020,Qtr 4,October,25,2020,16,New York,48,159.84
2020-10-26 00:00:00,Art & Crafts,PlayDoh Toolkit,Millenium,Downtown,2020,Qtr 4,October,26,2020,9,Chicago,9,44.910000000000004
2020-10-26 00:00:00,Electronics,Colorbuds,O'Hare,Airport,2020,Qtr 4,October,26,2020,371,Chicago,2968,5561.29
2020-10-26 00:00:00,Toys,Action Figure,Hollywood,Commercial,2020,Qtr 4,October,26,2020,78,Los Angeles,468,1247.22
2020-10-26 00:00:00,Toys,Lego Bricks,Times Square,Downtown,2020,Qtr 4,October,26,2020,39,New York,195,1559.6100000000001
2020-10-26 00:00:00,Toys,Mr. Potatohead,JFK,Airport,2020,Qtr 4,October,26,2020,5,New York,25,49.95
2020-10-27 00:00:00,Sports & Outdoors,Dart Gun,O'Hare,Airport,2020,Qtr 4,October,27,2020,45,Chicago,180,719.55
2020-10-27 00:00:00,Sports & Outdoors,Mini Ping Pong,Times Square,Downtown,2020,Qtr 4,October,27,2020,14,New York,42,139.86
2020-10-27 00:00:00,Sports & Outdoors,Nerf Gun,JFK,Airport,2020,Qtr 4,October,27,2020,26,New York,129.99999999999994,519.74
2020-10-27 00:00:00,Toys,Animal Figures,Hollywood,Commercial,2020,Qtr 4,October,27,2020,82,Los Angeles,246,1065.18
2020-10-27 00:00:00,Toys,Plush Pony,Millenium,Downtown,2020,Qtr 4,October,27,2020,1,Chicago,10.999999999999998,19.99
2020-10-28 00:00:00,Art & Crafts,Barrel O' Slime,Hollywood,Commercial,2020,Qtr 4,October,28,2020,69,Los Angeles,138,275.31
2020-10-28 00:00:00,Art & Crafts,PlayDoh Can,JFK,Airport,2020,Qtr 4,October,28,2020,131,New York,131.00000000000003,391.69000000000005
2020-10-28 00:00:00,Games,Deck Of Cards,O'Hare,Airport,2020,Qtr 4,October,28,2020,197,Chicago,591,1377.03
2020-10-28 00:00:00,Games,Rubik's Cube,Millenium,Downtown,2020,Qtr 4,October,28,2020,67,Chicago,134,1339.33
2020-10-28 00:00:00,Sports & Outdoors,Nerf Gun,Times Square,Downtown,2020,Qtr 4,October,28,2020,22,New York,109.99999999999996,439.78
2020-10-29 00:00:00,Art & Crafts,PlayDoh Can,Times Square,Downtown,2020,Qtr 4,October,29,2020,66,New York,66.00000000000001,197.34
2020-10-29 00:00:00,Art & Crafts,PlayDoh Playset,JFK,Airport,2020,Qtr 4,October,29,2020,14,New York,56,349.85999999999996
2020-10-29 00:00:00,Electronics,Colorbuds,Hollywood,Commercial,2020,Qtr 4,October,29,2020,42,Los Angeles,336,629.58
2020-10-29 00:00:00,Electronics,Gamer Headset,O'Hare,Airport,2020,Qtr 4,October,29,2020,86,Chicago,515.9999999999999,1805.1399999999999
2020-10-29 00:00:00,Sports & Outdoors,Splash Balls,Millenium,Downtown,2020,Qtr 4,October,29,2020,36,Chicago,36,323.64
2020-10-30 00:00:00,Art & Crafts,PlayDoh Toolkit,JFK,Airport,2020,Qtr 4,October,30,2020,67,New York,67,334.33000000000004
2020-10-30 00:00:00,Art & Crafts,PlayDoh Toolkit,Times Square,Downtown,2020,Qtr 4,October,30,2020,36,New York,36,179.64000000000001
2020-10-30 00:00:00,Games,Glass Marbles,O'Hare,Airport,2020,Qtr 4,October,30,2020,159,Chicago,795,1747.41
2020-10-30 00:00:00,Sports & Outdoors,Dart Gun,Hollywood,Commercial,2020,Qtr 4,October,30,2020,17,Los Angeles,68,271.83
2020-10-30 00:00:00,Sports & Outdoors,Water Gun,Millenium,Downtown,2020,Qtr 4,October,30,2020,7,Chicago,21,104.93
2020-10-31 00:00:00,Games,Deck Of Cards,Hollywood,Commercial,2020,Qtr 4,October,31,2020,70,Los Angeles,210,489.3
2020-10-31 00:00:00,Games,Rubik's Cube,JFK,Airport,2020,Qtr 4,October,31,2020,3,New York,6,59.97
2020-10-31 00:00:00,Toys,Hot Wheels Pack,O'Hare,Airport,2020,Qtr 4,October,31,2020,36,Chicago,72,215.64000000000001
2020-10-31 00:00:00,Toys,Plush Pony,Times Square,Downtown,2020,Qtr 4,October,31,2020,18,New York,197.99999999999997,359.82
2020-10-31 00:00:00,Toys,Teddy Bear,Millenium,Downtown,2020,Qtr 4,October,31,2020,7,Chicago,14,90.93
2020-11-01 00:00:00,Art & Crafts,Barrel O' Slime,Fifth Avenue,Commercial,2020,Qtr 4,November,1,2020,52,New York,104,207.48000000000002
2020-11-01 00:00:00,Art & Crafts,Barrel O' Slime,Hollywood,Commercial,2020,Qtr 4,November,1,2020,125,Los Angeles,396,598.75
2020-11-01 00:00:00,Art & Crafts,Etch A Sketch,Fifth Avenue,Commercial,2020,Qtr 4,November,1,2020,12,New York,119.99999999999997,251.88
2020-11-01 00:00:00,Art & Crafts,Etch A Sketch,LAX,Airport,2020,Qtr 4,November,1,2020,6,Los Angeles,303,225.94
2020-11-01 00:00:00,Art & Crafts,Kids Makeup Kit,Fifth Avenue,Commercial,2020,Qtr 4,November,1,2020,39,New York,233.99999999999994,779.6099999999999
2020-11-01 00:00:00,Art & Crafts,Magic Sand,Fifth Avenue,Commercial,2020,Qtr 4,November,1,2020,9,New York,18,143.91
2020-11-01 00:00:00,Art & Crafts,Magic Sand,O'Hare,Airport,2020,Qtr 4,November,1,2020,81,Chicago,219,1395.19
2020-11-01 00:00:00,Art & Crafts,PlayDoh Can,Fifth Avenue,Commercial,2020,Qtr 4,November,1,2020,20,New York,20.000000000000004,59.800000000000004
2020-11-01 00:00:00,Art & Crafts,PlayDoh Can,Times Square,Downtown,2020,Qtr 4,November,1,2020,80,New York,80.00000000000001,239.20000000000002
2020-11-01 00:00:00,Art & Crafts,PlayDoh Playset,Fifth Avenue,Commercial,2020,Qtr 4,November,1,2020,15,New York,60,374.84999999999997
2020-11-01 00:00:00,Art & Crafts,PlayDoh Playset,JFK,Airport,2020,Qtr 4,November,1,2020,10,New York,113,349.9
2020-11-01 00:00:00,Art & Crafts,PlayDoh Toolkit,Fifth Avenue,Commercial,2020,Qtr 4,November,1,2020,2,New York,2,9.98
2020-11-01 00:00:00,Electronics,Colorbuds,Fifth Avenue,Commercial,2020,Qtr 4,November,1,2020,82,New York,656,1229.18
2020-11-01 00:00:00,Electronics,Colorbuds,JFK,Airport,2020,Qtr 4,November,1,2020,50,New York,400,749.5
2020-11-01 00:00:00,Electronics,Gamer Headset,Fifth Avenue,Commercial,2020,Qtr 4,November,1,2020,8,New York,47.999999999999986,167.92
2020-11-01 00:00:00,Electronics,Toy Robot,Fifth Avenue,Commercial,2020,Qtr 4,November,1,2020,7,New York,35,181.92999999999998
2020-11-01 00:00:00,Electronics,Toy Robot,Michigan Ave,Commercial,2020,Qtr 4,November,1,2020,4,Chicago,20,103.96
2020-11-01 00:00:00,Games,Classic Dominoes,Times Square,Downtown,2020,Qtr 4,November,1,2020,11,New York,1444,209.89
2020-11-01 00:00:00,Games,Deck Of Cards,Fifth Avenue,Commercial,2020,Qtr 4,November,1,2020,60,New York,180,419.40000000000003
2020-11-01 00:00:00,Games,Glass Marbles,Fifth Avenue,Commercial,2020,Qtr 4,November,1,2020,3,New York,15,32.97
2020-11-01 00:00:00,Games,Jenga,Fifth Avenue,Commercial,2020,Qtr 4,November,1,2020,10,New York,70,99.9
2020-11-01 00:00:00,Games,Rubik's Cube,Fifth Avenue,Commercial,2020,Qtr 4,November,1,2020,16,New York,32,319.84
2020-11-01 00:00:00,Games,Rubik's Cube,Lincoln Park,Residential,2020,Qtr 4,November,1,2020,36,Chicago,80,819.64
2020-11-01 00:00:00,Games,Rubik's Cube,Michigan Ave,Commercial,2020,Qtr 4,November,1,2020,70,Chicago,140,1399.3
2020-11-01 00:00:00,Sports & Outdoors,Dart Gun,Fifth Avenue,Commercial,2020,Qtr 4,November,1,2020,50,New York,200,799.5
2020-11-01 00:00:00,Sports & Outdoors,Dart Gun,Millenium,Downtown,2020,Qtr 4,November,1,2020,48,Chicago,249,867.52
2020-11-01 00:00:00,Sports & Outdoors,Nerf Gun,Fifth Avenue,Commercial,2020,Qtr 4,November,1,2020,23,New York,114.99999999999996,459.77
2020-11-01 00:00:00,Sports & Outdoors,Splash Balls,Fifth Avenue,Commercial,2020,Qtr 4,November,1,2020,98,New York,98,881.02
2020-11-01 00:00:00,Sports & Outdoors,Splash Balls,Michigan Ave,Commercial,2020,Qtr 4,November,1,2020,20,Chicago,20,179.8
2020-11-01 00:00:00,Sports & Outdoors,Water Gun,Fifth Avenue,Commercial,2020,Qtr 4,November,1,2020,24,New York,72,359.76
2020-11-01 00:00:00,Sports & Outdoors,Water Gun,Michigan Ave,Commercial,2020,Qtr 4,November,1,2020,8,Chicago,24,119.92
2020-11-01 00:00:00,Toys,Action Figure,Beverly Hills,Residential,2020,Qtr 4,November,1,2020,156,Los Angeles,753,2594.44
2020-11-01 00:00:00,Toys,Action Figure,Fifth Avenue,Commercial,2020,Qtr 4,November,1,2020,86,New York,912,1475.1399999999999
2020-11-01 00:00:00,Toys,Animal Figures,Fifth Avenue,Commercial,2020,Qtr 4,November,1,2020,55,New York,165,714.45
2020-11-01 00:00:00,Toys,Animal Figures,O'Hare,Airport,2020,Qtr 4,November,1,2020,101,Chicago,303,1311.99
2020-11-01 00:00:00,Toys,Dinosaur Figures,Fifth Avenue,Commercial,2020,Qtr 4,November,1,2020,13,New York,52,194.87
2020-11-01 00:00:00,Toys,Dinosaur Figures,Hollywood,Commercial,2020,Qtr 4,November,1,2020,33,Los Angeles,132,494.67
2020-11-01 00:00:00,Toys,Hot Wheels Pack,Fifth Avenue,Commercial,2020,Qtr 4,November,1,2020,59,New York,118,353.41
2020-11-01 00:00:00,Toys,Lego Bricks,Fifth Avenue,Commercial,2020,Qtr 4,November,1,2020,65,New York,325,2599.35
2020-11-01 00:00:00,Toys,Lego Bricks,Lincoln Park,Residential,2020,Qtr 4,November,1,2020,71,Chicago,355,2839.29
2020-11-01 00:00:00,Toys,Mr. Potatohead,Fifth Avenue,Commercial,2020,Qtr 4,November,1,2020,25,New York,125,249.75
2020-11-01 00:00:00,Toys,Plush Pony,Michigan Ave,Commercial,2020,Qtr 4,November,1,2020,32,Chicago,351.99999999999994,639.68
2020-11-01 00:00:00,Toys,Plush Pony,Millenium,Downtown,2020,Qtr 4,November,1,2020,12,Chicago,131.99999999999997,239.88
2020-11-02 00:00:00,Art & Crafts,Barrel O' Slime,O'Hare,Airport,2020,Qtr 4,November,2,2020,377,Chicago,754,1504.23
2020-11-02 00:00:00,Art & Crafts,PlayDoh Playset,Times Square,Downtown,2020,Qtr 4,November,2,2020,20,New York,80,499.79999999999995
2020-11-02 00:00:00,Art & Crafts,PlayDoh Toolkit,JFK,Airport,2020,Qtr 4,November,2,2020,53,New York,592,364.47
2020-11-02 00:00:00,Electronics,Colorbuds,Hollywood,Commercial,2020,Qtr 4,November,2,2020,42,Los Angeles,128,729.58
2020-11-02 00:00:00,Electronics,Colorbuds,Times Square,Downtown,2020,Qtr 4,November,2,2020,173,New York,344,2693.27
2020-11-02 00:00:00,Games,Deck Of Cards,Millenium,Downtown,2020,Qtr 4,November,2,2020,63,Chicago,166,540.37
2020-11-02 00:00:00,Games,Rubik's Cube,Millenium,Downtown,2020,Qtr 4,November,2,2020,81,Chicago,162,1619.1899999999998
2020-11-02 00:00:00,Sports & Outdoors,Dart Gun,JFK,Airport,2020,Qtr 4,November,2,2020,21,New York,84,335.79
2020-11-02 00:00:00,Sports & Outdoors,Foam Disk Launcher,LAX,Airport,2020,Qtr 4,November,2,2020,81,Los Angeles,137.99999999999997,1071.19
2020-11-02 00:00:00,Sports & Outdoors,Mini Ping Pong,Lincoln Park,Residential,2020,Qtr 4,November,2,2020,102,Chicago,306,1018.98
2020-11-02 00:00:00,Sports & Outdoors,Mini Ping Pong Set,O'Hare,Airport,2020,Qtr 4,November,2,2020,53,Chicago,255,629.47
2020-11-02 00:00:00,Sports & Outdoors,Splash Balls,Lincoln Park,Residential,2020,Qtr 4,November,2,2020,20,Chicago,135,279.8
2020-11-02 00:00:00,Toys,Animal Figures,Beverly Hills,Residential,2020,Qtr 4,November,2,2020,66,Los Angeles,317,957.3400000000001
2020-11-02 00:00:00,Toys,Animal Figures,Fifth Avenue,Commercial,2020,Qtr 4,November,2,2020,138,New York,296,1892.6200000000001
2020-11-02 00:00:00,Toys,Hot Wheels Pack,Hollywood,Commercial,2020,Qtr 4,November,2,2020,55,Los Angeles,110,329.45
2020-11-03 00:00:00,Art & Crafts,Barrel O' Slime,Beverly Hills,Residential,2020,Qtr 4,November,3,2020,181,Los Angeles,318,822.19
2020-11-03 00:00:00,Art & Crafts,Barrel O' Slime,Fifth Avenue,Commercial,2020,Qtr 4,November,3,2020,118,New York,204,570.82
2020-11-03 00:00:00,Art & Crafts,PlayDoh Toolkit,Times Square,Downtown,2020,Qtr 4,November,3,2020,19,New York,19,94.81
2020-11-03 00:00:00,Art & Crafts,Playfoam,JFK,Airport,2020,Qtr 4,November,3,2020,76,New York,74,935.24
2020-11-03 00:00:00,Electronics,Colorbuds,O'Hare,Airport,2020,Qtr 4,November,3,2020,179,Chicago,1432,2683.21
2020-11-03 00:00:00,Electronics,Gamer Headphones,LAX,Airport,2020,Qtr 4,November,3,2020,13,Los Angeles,530,372.87
2020-11-03 00:00:00,Games,Deck Of Cards,JFK,Airport,2020,Qtr 4,November,3,2020,60,New York,180,419.40000000000003
2020-11-03 00:00:00,Games,Jenga,Hollywood,Commercial,2020,Qtr 4,November,3,2020,40,Los Angeles,280,399.6
2020-11-03 00:00:00,Sports & Outdoors,Dart Gun,Hollywood,Commercial,2020,Qtr 4,November,3,2020,17,Los Angeles,483,371.83
2020-11-03 00:00:00,Sports & Outdoors,Dart Gun,Times Square,Downtown,2020,Qtr 4,November,3,2020,71,New York,510,1235.29
2020-11-03 00:00:00,Sports & Outdoors,Splash Balls,Millenium,Downtown,2020,Qtr 4,November,3,2020,53,Chicago,53,476.47
2020-11-03 00:00:00,Sports & Outdoors,Supersoaker Water Gun,Lincoln Park,Residential,2020,Qtr 4,November,3,2020,25,Chicago,64,474.75
2020-11-03 00:00:00,Toys,Dino Egg,Millenium,Downtown,2020,Qtr 4,November,3,2020,106,Chicago,216,1264.94
2020-11-03 00:00:00,Toys,Mr. Potatohead,Lincoln Park,Residential,2020,Qtr 4,November,3,2020,36,Chicago,180,359.64
2020-11-03 00:00:00,Toys,Mr. Potatohead,O'Hare,Airport,2020,Qtr 4,November,3,2020,39,Chicago,539.9999999999998,489.61
2020-11-04 00:00:00,Art & Crafts,Etch A Sketch,JFK,Airport,2020,Qtr 4,November,4,2020,27,New York,269.99999999999994,566.7299999999999
2020-11-04 00:00:00,Electronics,Colorbuds,Fifth Avenue,Commercial,2020,Qtr 4,November,4,2020,18,New York,100,369.82
2020-11-04 00:00:00,Games,Chutes & Ladders,Beverly Hills,Residential,2020,Qtr 4,November,4,2020,18,Los Angeles,110,333.82
2020-11-04 00:00:00,Games,Deck Of Cards,Hollywood,Commercial,2020,Qtr 4,November,4,2020,141,Los Angeles,126,1085.5900000000001
2020-11-04 00:00:00,Games,Deck Of Cards,Times Square,Downtown,2020,Qtr 4,November,4,2020,150,New York,99,1148.5
2020-11-04 00:00:00,Games,Glass Marbles,LAX,Airport,2020,Qtr 4,November,4,2020,94,Los Angeles,78,1133.06
2020-11-04 00:00:00,Games,Rubik's Cube,JFK,Airport,2020,Qtr 4,November,4,2020,7,New York,154,239.92999999999998
2020-11-04 00:00:00,Sports & Outdoors,Dart Gun,Beverly Hills,Residential,2020,Qtr 4,November,4,2020,18,Los Angeles,72,287.82
2020-11-04 00:00:00,Sports & Outdoors,Dart Gun,O'Hare,Airport,2020,Qtr 4,November,4,2020,42,Chicago,168,671.58
2020-11-04 00:00:00,Sports & Outdoors,Nerf Gun,Lincoln Park,Residential,2020,Qtr 4,November,4,2020,33,Chicago,164.99999999999994,659.67
2020-11-04 00:00:00,Sports & Outdoors,Nerf Gun,O'Hare,Airport,2020,Qtr 4,November,4,2020,96,Chicago,285.00000000000006,2019.04
2020-11-04 00:00:00,Sports & Outdoors,Water Gun,Millenium,Downtown,2020,Qtr 4,November,4,2020,5,Chicago,15,74.95
2020-11-04 00:00:00,Toys,Dinosaur Figures,Millenium,Downtown,2020,Qtr 4,November,4,2020,39,Chicago,90,684.61
2020-11-04 00:00:00,Toys,Lego Bricks,Hollywood,Commercial,2020,Qtr 4,November,4,2020,95,Los Angeles,475,3799.05
2020-11-04 00:00:00,Toys,Plush Pony,Times Square,Downtown,2020,Qtr 4,November,4,2020,6,New York,65.99999999999999,119.94
2020-11-04 00:00:00,Toys,Teddy Bear,Lincoln Park,Residential,2020,Qtr 4,November,4,2020,2,Chicago,132,125.98
2020-11-05 00:00:00,Art & Crafts,Etch A Sketch,Millenium,Downtown,2020,Qtr 4,November,5,2020,3,Chicago,205,162.97
2020-11-05 00:00:00,Art & Crafts,Magic Sand,Hollywood,Commercial,2020,Qtr 4,November,5,2020,26,Los Angeles,52,415.74
2020-11-05 00:00:00,Art & Crafts,PlayDoh Can,Lincoln Park,Residential,2020,Qtr 4,November,5,2020,105,Chicago,105.00000000000003,313.95000000000005
2020-11-05 00:00:00,Art & Crafts,PlayDoh Can,O'Hare,Airport,2020,Qtr 4,November,5,2020,225,Chicago,73,772.75
2020-11-05 00:00:00,Electronics,Gamer Headset,JFK,Airport,2020,Qtr 4,November,5,2020,9,New York,53.999999999999986,188.91
2020-11-05 00:00:00,Electronics,Toy Robot,Millenium,Downtown,2020,Qtr 4,November,5,2020,31,Chicago,155,805.6899999999999
2020-11-05 00:00:00,Games,Classic Dominoes,Beverly Hills,Residential,2020,Qtr 4,November,5,2020,25,Los Angeles,908,349.75
2020-11-05 00:00:00,Games,Deck Of Cards,Beverly Hills,Residential,2020,Qtr 4,November,5,2020,55,Los Angeles,165,384.45
2020-11-05 00:00:00,Games,Deck Of Cards,O'Hare,Airport,2020,Qtr 4,November,5,2020,135,Chicago,405,943.65
2020-11-05 00:00:00,Games,Rubik's Cube,Times Square,Downtown,2020,Qtr 4,November,5,2020,68,New York,136,1359.32
2020-11-05 00:00:00,Sports & Outdoors,Dart Gun,Fifth Avenue,Commercial,2020,Qtr 4,November,5,2020,10,New York,75,259.9
2020-11-05 00:00:00,Sports & Outdoors,Splash Balls,JFK,Airport,2020,Qtr 4,November,5,2020,94,New York,420,945.0600000000001
2020-11-05 00:00:00,Toys,Action Figure,Michigan Ave,Commercial,2020,Qtr 4,November,5,2020,12,Chicago,219,291.88
2020-11-05 00:00:00,Toys,Dino Egg,Hollywood,Commercial,2020,Qtr 4,November,5,2020,66,Los Angeles,92,825.34
2020-11-05 00:00:00,Toys,Dino Egg,Times Square,Downtown,2020,Qtr 4,November,5,2020,39,New York,284,528.61
2020-11-05 00:00:00,Toys,Hot Wheels 5-Pack,LAX,Airport,2020,Qtr 4,November,5,2020,9,Los Angeles,125.99999999999999,153.91
2020-11-06 00:00:00,Art & Crafts,Kids Makeup Kit,LAX,Airport,2020,Qtr 4,November,6,2020,11,Los Angeles,550,319.89
2020-11-06 00:00:00,Art & Crafts,PlayDoh Playset,Lincoln Park,Residential,2020,Qtr 4,November,6,2020,4,Chicago,16,99.96
2020-11-06 00:00:00,Art & Crafts,PlayDoh Toolkit,O'Hare,Airport,2020,Qtr 4,November,6,2020,13,Chicago,249,164.87
2020-11-06 00:00:00,Electronics,Colorbuds,Beverly Hills,Residential,2020,Qtr 4,November,6,2020,106,Los Angeles,84,1688.94
2020-11-06 00:00:00,Games,Deck Of Cards,Fifth Avenue,Commercial,2020,Qtr 4,November,6,2020,5,New York,117,134.95
2020-11-06 00:00:00,Games,Glass Marbles,JFK,Airport,2020,Qtr 4,November,6,2020,128,New York,640,1406.72
2020-11-06 00:00:00,Games,Glass Marbles,Millenium,Downtown,2020,Qtr 4,November,6,2020,29,Chicago,170,418.71
2020-11-06 00:00:00,Games,Uno Card Game,Millenium,Downtown,2020,Qtr 4,November,6,2020,1,Chicago,4,7.99
2020-11-06 00:00:00,Sports & Outdoors,Mini Ping Pong,Hollywood,Commercial,2020,Qtr 4,November,6,2020,6,Los Angeles,18,59.94
2020-11-06 00:00:00,Sports & Outdoors,Splash Balls,Times Square,Downtown,2020,Qtr 4,November,6,2020,89,New York,89,800.11
2020-11-06 00:00:00,Toys,Action Figure,Lincoln Park,Residential,2020,Qtr 4,November,6,2020,60,Chicago,255,1059.4
2020-11-06 00:00:00,Toys,Animal Figures,Michigan Ave,Commercial,2020,Qtr 4,November,6,2020,53,Chicago,148,788.47
2020-11-06 00:00:00,Toys,Dino Egg,Beverly Hills,Residential,2020,Qtr 4,November,6,2020,2,Los Angeles,2,21.98
2020-11-06 00:00:00,Toys,Dinosaur Figures,Hollywood,Commercial,2020,Qtr 4,November,6,2020,8,Los Angeles,66,219.92000000000002
2020-11-06 00:00:00,Toys,Dinosaur Figures,O'Hare,Airport,2020,Qtr 4,November,6,2020,11,Chicago,44,164.89000000000001
2020-11-06 00:00:00,Toys,Dinosaur Figures,Times Square,Downtown,2020,Qtr 4,November,6,2020,56,New York,150,939.44
2020-11-07 00:00:00,Art & Crafts,Barrel O' Slime,Michigan Ave,Commercial,2020,Qtr 4,November,7,2020,44,Chicago,188,275.56
2020-11-07 00:00:00,Art & Crafts,Etch A Sketch,O'Hare,Airport,2020,Qtr 4,November,7,2020,89,Chicago,889.9999999999999,1868.11
2020-11-07 00:00:00,Art & Crafts,Etch A Sketch,Times Square,Downtown,2020,Qtr 4,November,7,2020,9,New York,90,288.90999999999997
2020-11-07 00:00:00,Art & Crafts,Playfoam,O'Hare,Airport,2020,Qtr 4,November,7,2020,27,Chicago,182,396.73
2020-11-07 00:00:00,Electronics,Gamer Headphones,Hollywood,Commercial,2020,Qtr 4,November,7,2020,1,Los Angeles,105,120.99
2020-11-07 00:00:00,Sports & Outdoors,Dart Gun,Beverly Hills,Residential,2020,Qtr 4,November,7,2020,6,Los Angeles,267,195.94
2020-11-07 00:00:00,Toys,Action Figure,LAX,Airport,2020,Qtr 4,November,7,2020,80,Los Angeles,480,1279.2
2020-11-07 00:00:00,Toys,Action Figure,Millenium,Downtown,2020,Qtr 4,November,7,2020,130,Chicago,780,2078.7
2020-11-07 00:00:00,Toys,Animal Figures,Lincoln Park,Residential,2020,Qtr 4,November,7,2020,65,Chicago,658,944.35
2020-11-07 00:00:00,Toys,Dino Egg,Fifth Avenue,Commercial,2020,Qtr 4,November,7,2020,57,New York,608,726.4300000000001
2020-11-07 00:00:00,Toys,Dinosaur Figures,Beverly Hills,Residential,2020,Qtr 4,November,7,2020,27,Los Angeles,108,404.73
2020-11-07 00:00:00,Toys,Hot Wheels 5-Pack,Millenium,Downtown,2020,Qtr 4,November,7,2020,55,Chicago,74,429.45
2020-11-07 00:00:00,Toys,Hot Wheels Pack,JFK,Airport,2020,Qtr 4,November,7,2020,12,New York,24,71.88
2020-11-07 00:00:00,Toys,Lego Bricks,LAX,Airport,2020,Qtr 4,November,7,2020,98,Los Angeles,354,4019.02
2020-11-07 00:00:00,Toys,Mr. Potatohead,Hollywood,Commercial,2020,Qtr 4,November,7,2020,12,Los Angeles,60,119.88
2020-11-07 00:00:00,Toys,Plush Pony,Lincoln Park,Residential,2020,Qtr 4,November,7,2020,8,Chicago,87.99999999999999,159.92
2020-11-08 00:00:00,Art & Crafts,Barrel O' Slime,Lincoln Park,Residential,2020,Qtr 4,November,8,2020,299,Chicago,177,1293.01
2020-11-08 00:00:00,Art & Crafts,Etch A Sketch,Beverly Hills,Residential,2020,Qtr 4,November,8,2020,5,Los Angeles,49.99999999999999,104.94999999999999
2020-11-08 00:00:00,Art & Crafts,Magic Sand,LAX,Airport,2020,Qtr 4,November,8,2020,147,Los Angeles,102,2450.53
2020-11-08 00:00:00,Electronics,Colorbuds,Michigan Ave,Commercial,2020,Qtr 4,November,8,2020,16,Chicago,164,339.84000000000003
2020-11-08 00:00:00,Electronics,Gamer Headphones,Times Square,Downtown,2020,Qtr 4,November,8,2020,5,New York,295,204.95
2020-11-08 00:00:00,Electronics,Gamer Headset,O'Hare,Airport,2020,Qtr 4,November,8,2020,128,Chicago,767.9999999999998,2686.72
2020-11-08 00:00:00,Games,Deck Of Cards,Beverly Hills,Residential,2020,Qtr 4,November,8,2020,69,Los Angeles,151,582.31
2020-11-08 00:00:00,Games,Glass Marbles,Hollywood,Commercial,2020,Qtr 4,November,8,2020,9,Los Angeles,136,198.91
2020-11-08 00:00:00,Games,Jenga,JFK,Airport,2020,Qtr 4,November,8,2020,18,New York,126,179.82
2020-11-08 00:00:00,Games,Jenga,Millenium,Downtown,2020,Qtr 4,November,8,2020,2,Chicago,233.99999999999994,119.98
2020-11-08 00:00:00,Games,Rubik's Cube,Lincoln Park,Residential,2020,Qtr 4,November,8,2020,41,Chicago,82,819.5899999999999
2020-11-08 00:00:00,Games,Rubik's Cube,O'Hare,Airport,2020,Qtr 4,November,8,2020,61,Chicago,160,1319.3899999999999
2020-11-08 00:00:00,Sports & Outdoors,Nerf Gun,Hollywood,Commercial,2020,Qtr 4,November,8,2020,9,Los Angeles,44.999999999999986,179.91
2020-11-08 00:00:00,Toys,Animal Figures,LAX,Airport,2020,Qtr 4,November,8,2020,26,Los Angeles,78,337.74
2020-11-08 00:00:00,Toys,Animal Figures,Millenium,Downtown,2020,Qtr 4,November,8,2020,55,Chicago,165,714.45
2020-11-08 00:00:00,Toys,Dinosaur Figures,Fifth Avenue,Commercial,2020,Qtr 4,November,8,2020,137,New York,160,2153.63
2020-11-09 00:00:00,Art & Crafts,Barrel O' Slime,LAX,Airport,2020,Qtr 4,November,9,2020,270,Los Angeles,540,1077.3
2020-11-09 00:00:00,Art & Crafts,Barrel O' Slime,Millenium,Downtown,2020,Qtr 4,November,9,2020,317,Chicago,634,1264.8300000000002
2020-11-09 00:00:00,Art & Crafts,Etch A Sketch,Fifth Avenue,Commercial,2020,Qtr 4,November,9,2020,10,New York,192,309.9
2020-11-09 00:00:00,Art & Crafts,Kids Makeup Kit,Millenium,Downtown,2020,Qtr 4,November,9,2020,29,Chicago,460,679.7099999999999
2020-11-09 00:00:00,Art & Crafts,PlayDoh Can,Hollywood,Commercial,2020,Qtr 4,November,9,2020,173,Los Angeles,173.00000000000003,517.27
2020-11-09 00:00:00,Electronics,Gamer Headset,Beverly Hills,Residential,2020,Qtr 4,November,9,2020,58,Los Angeles,347.9999999999999,1217.4199999999998
2020-11-09 00:00:00,Games,Chutes & Ladders,Lincoln Park,Residential,2020,Qtr 4,November,9,2020,39,Chicago,268,606.61
2020-11-09 00:00:00,Games,Glass Marbles,O'Hare,Airport,2020,Qtr 4,November,9,2020,246,Chicago,1230,2703.54
2020-11-09 00:00:00,Games,Glass Marbles,Times Square,Downtown,2020,Qtr 4,November,9,2020,47,New York,196,616.53
2020-11-09 00:00:00,Sports & Outdoors,Dart Gun,Michigan Ave,Commercial,2020,Qtr 4,November,9,2020,26,Chicago,177,515.74
2020-11-09 00:00:00,Sports & Outdoors,Mini Ping Pong Set,LAX,Airport,2020,Qtr 4,November,9,2020,14,Los Angeles,154.99999999999997,239.86
2020-11-09 00:00:00,Sports & Outdoors,Splash Balls,Lincoln Park,Residential,2020,Qtr 4,November,9,2020,14,Chicago,14,125.86
2020-11-09 00:00:00,Sports & Outdoors,Splash Balls,O'Hare,Airport,2020,Qtr 4,November,9,2020,100,Chicago,90,999
2020-11-09 00:00:00,Toys,Dino Egg,Beverly Hills,Residential,2020,Qtr 4,November,9,2020,91,Los Angeles,152,1100.0900000000001
2020-11-09 00:00:00,Toys,Hot Wheels 5-Pack,Hollywood,Commercial,2020,Qtr 4,November,9,2020,38,Los Angeles,80,327.62
2020-11-09 00:00:00,Toys,Lego Bricks,JFK,Airport,2020,Qtr 4,November,9,2020,68,New York,340,2719.32
2020-11-10 00:00:00,Art & Crafts,Magic Sand,JFK,Airport,2020,Qtr 4,November,10,2020,31,New York,62,495.69
2020-11-10 00:00:00,Art & Crafts,PlayDoh Toolkit,Hollywood,Commercial,2020,Qtr 4,November,10,2020,19,Los Angeles,19,94.81
2020-11-10 00:00:00,Electronics,Colorbuds,LAX,Airport,2020,Qtr 4,November,10,2020,191,Los Angeles,1528,2863.09
2020-11-10 00:00:00,Electronics,Colorbuds,Lincoln Park,Residential,2020,Qtr 4,November,10,2020,26,Chicago,188,489.74
2020-11-10 00:00:00,Electronics,Toy Robot,Lincoln Park,Residential,2020,Qtr 4,November,10,2020,9,Chicago,45,233.91
2020-11-10 00:00:00,Games,Chutes & Ladders,Millenium,Downtown,2020,Qtr 4,November,10,2020,11,Chicago,33,142.89000000000001
2020-11-10 00:00:00,Games,Deck Of Cards,Michigan Ave,Commercial,2020,Qtr 4,November,10,2020,39,Chicago,166,372.61
2020-11-10 00:00:00,Games,Glass Marbles,Beverly Hills,Residential,2020,Qtr 4,November,10,2020,9,Los Angeles,45,98.91
2020-11-10 00:00:00,Sports & Outdoors,Foam Disk Launcher,Fifth Avenue,Commercial,2020,Qtr 4,November,10,2020,44,New York,90,627.5600000000001
2020-11-10 00:00:00,Sports & Outdoors,Nerf Gun,LAX,Airport,2020,Qtr 4,November,10,2020,19,Los Angeles,191.00000000000003,479.80999999999995
2020-11-10 00:00:00,Sports & Outdoors,Supersoaker Water Gun,O'Hare,Airport,2020,Qtr 4,November,10,2020,10,Chicago,74,249.9
2020-11-10 00:00:00,Toys,Dinosaur Figures,Beverly Hills,Residential,2020,Qtr 4,November,10,2020,23,Los Angeles,239.99999999999997,800100
2020-11-10 00:00:00,Toys,Hot Wheels 5-Pack,Times Square,Downtown,2020,Qtr 4,November,10,2020,68,New York,185.99999999999994,507.32
2020-11-10 00:00:00,Toys,Hot Wheels Pack,O'Hare,Airport,2020,Qtr 4,November,10,2020,4,Chicago,8,23.96
2020-11-10 00:00:00,Toys,Lego Bricks,Hollywood,Commercial,2020,Qtr 4,November,10,2020,4,Los Angeles,354,259.96000000000004
2020-11-10 00:00:00,Toys,Lego Bricks,Millenium,Downtown,2020,Qtr 4,November,10,2020,80,Chicago,268,3299.2000000000003
2020-11-11 00:00:00,Art & Crafts,Etch A Sketch,Beverly Hills,Residential,2020,Qtr 4,November,11,2020,18,Los Angeles,126,477.82
2020-11-11 00:00:00,Art & Crafts,Kids Makeup Kit,Times Square,Downtown,2020,Qtr 4,November,11,2020,21,New York,550,519.79
2020-11-11 00:00:00,Art & Crafts,Magic Sand,Hollywood,Commercial,2020,Qtr 4,November,11,2020,147,Los Angeles,75,2450.53
2020-11-11 00:00:00,Art & Crafts,Magic Sand,Millenium,Downtown,2020,Qtr 4,November,11,2020,104,Chicago,267,1762.96
2020-11-11 00:00:00,Art & Crafts,PlayDoh Can,LAX,Airport,2020,Qtr 4,November,11,2020,131,Los Angeles,88,491.69000000000005
2020-11-11 00:00:00,Electronics,Gamer Headphones,Fifth Avenue,Commercial,2020,Qtr 4,November,11,2020,5,New York,85,204.95
2020-11-11 00:00:00,Games,Classic Dominoes,Millenium,Downtown,2020,Qtr 4,November,11,2020,16,Chicago,32,159.84
2020-11-11 00:00:00,Games,Jenga,O'Hare,Airport,2020,Qtr 4,November,11,2020,6,Chicago,42,59.94
2020-11-11 00:00:00,Games,Monopoly,JFK,Airport,2020,Qtr 4,November,11,2020,13,New York,77.99999999999997,259.87
2020-11-11 00:00:00,Games,Rubik's Cube,Hollywood,Commercial,2020,Qtr 4,November,11,2020,48,Los Angeles,96,959.52
2020-11-11 00:00:00,Games,Uno Card Game,Lincoln Park,Residential,2020,Qtr 4,November,11,2020,4,Chicago,16,31.96
2020-11-11 00:00:00,Sports & Outdoors,Dart Gun,LAX,Airport,2020,Qtr 4,November,11,2020,76,Los Angeles,304,1215.24
2020-11-11 00:00:00,Sports & Outdoors,Dart Gun,Lincoln Park,Residential,2020,Qtr 4,November,11,2020,32,Chicago,108,611.6800000000001
2020-11-11 00:00:00,Toys,Dino Egg,Michigan Ave,Commercial,2020,Qtr 4,November,11,2020,106,Chicago,68,1264.94
2020-11-11 00:00:00,Toys,Hot Wheels Pack,Beverly Hills,Residential,2020,Qtr 4,November,11,2020,34,Los Angeles,68,203.66
2020-11-11 00:00:00,Toys,Teddy Bear,O'Hare,Airport,2020,Qtr 4,November,11,2020,7,Chicago,85,190.93
2020-11-12 00:00:00,Art & Crafts,Kids Makeup Kit,O'Hare,Airport,2020,Qtr 4,November,12,2020,74,Chicago,443.9999999999999,1479.26
2020-11-12 00:00:00,Art & Crafts,PlayDoh Playset,LAX,Airport,2020,Qtr 4,November,12,2020,7,Los Angeles,97,274.92999999999995
2020-11-12 00:00:00,Electronics,Colorbuds,Millenium,Downtown,2020,Qtr 4,November,12,2020,38,Chicago,304,569.62
2020-11-12 00:00:00,Electronics,Toy Robot,O'Hare,Airport,2020,Qtr 4,November,12,2020,5,Chicago,90,229.95
2020-11-12 00:00:00,Games,Deck Of Cards,LAX,Airport,2020,Qtr 4,November,12,2020,57,Los Angeles,171,398.43
2020-11-12 00:00:00,Games,Deck Of Cards,Lincoln Park,Residential,2020,Qtr 4,November,12,2020,16,Chicago,146,211.84
2020-11-12 00:00:00,Games,Glass Marbles,Fifth Avenue,Commercial,2020,Qtr 4,November,12,2020,5,New York,130,154.95
2020-11-12 00:00:00,Games,Jenga,Beverly Hills,Residential,2020,Qtr 4,November,12,2020,6,Los Angeles,42,59.94
2020-11-12 00:00:00,Sports & Outdoors,Foam Disk Launcher,Beverly Hills,Residential,2020,Qtr 4,November,12,2020,22,Los Angeles,125.99999999999999,363.78000000000003
2020-11-12 00:00:00,Sports & Outdoors,Mini Ping Pong Set,Hollywood,Commercial,2020,Qtr 4,November,12,2020,5,Los Angeles,105,149.95
2020-11-12 00:00:00,Sports & Outdoors,Mini Ping Pong Set,Millenium,Downtown,2020,Qtr 4,November,12,2020,69,Chicago,113.99999999999999,789.3100000000001
2020-11-12 00:00:00,Sports & Outdoors,Splash Balls,Hollywood,Commercial,2020,Qtr 4,November,12,2020,35,Los Angeles,35,314.65000000000003
2020-11-12 00:00:00,Toys,Action Figure,Michigan Ave,Commercial,2020,Qtr 4,November,12,2020,59,Chicago,354,943.41
2020-11-12 00:00:00,Toys,Dinosaur Figures,Michigan Ave,Commercial,2020,Qtr 4,November,12,2020,2,Chicago,219.99999999999997,129.98
2020-11-12 00:00:00,Toys,Lego Bricks,Times Square,Downtown,2020,Qtr 4,November,12,2020,98,New York,388,4019.02
2020-11-12 00:00:00,Toys,Mr. Potatohead,JFK,Airport,2020,Qtr 4,November,12,2020,73,New York,365,729.27
2020-11-13 00:00:00,Art & Crafts,Etch A Sketch,Michigan Ave,Commercial,2020,Qtr 4,November,13,2020,16,Chicago,131.99999999999997,435.84
2020-11-13 00:00:00,Art & Crafts,Kids Makeup Kit,Beverly Hills,Residential,2020,Qtr 4,November,13,2020,17,Los Angeles,101.99999999999997,339.83
2020-11-13 00:00:00,Art & Crafts,Magic Sand,Times Square,Downtown,2020,Qtr 4,November,13,2020,164,New York,213,2722.36
2020-11-13 00:00:00,Art & Crafts,PlayDoh Can,JFK,Airport,2020,Qtr 4,November,13,2020,116,New York,116.00000000000003,346.84000000000003
2020-11-13 00:00:00,Art & Crafts,PlayDoh Toolkit,LAX,Airport,2020,Qtr 4,November,13,2020,37,Los Angeles,382,284.63
2020-11-13 00:00:00,Electronics,Gamer Headphones,Beverly Hills,Residential,2020,Qtr 4,November,13,2020,11,Los Angeles,150,330.89
2020-11-13 00:00:00,Games,Monopoly,Millenium,Downtown,2020,Qtr 4,November,13,2020,9,Chicago,165,279.90999999999997
2020-11-13 00:00:00,Sports & Outdoors,Dart Gun,Millenium,Downtown,2020,Qtr 4,November,13,2020,43,Chicago,172,687.57
2020-11-13 00:00:00,Sports & Outdoors,Water Gun,Hollywood,Commercial,2020,Qtr 4,November,13,2020,10,Los Angeles,30,149.9
2020-11-13 00:00:00,Toys,Action Figure,JFK,Airport,2020,Qtr 4,November,13,2020,5,New York,150,179.95
2020-11-13 00:00:00,Toys,Animal Figures,Michigan Ave,Commercial,2020,Qtr 4,November,13,2020,42,Chicago,126,545.58
2020-11-13 00:00:00,Toys,Dino Egg,Lincoln Park,Residential,2020,Qtr 4,November,13,2020,86,Chicago,324,1045.1399999999999
2020-11-13 00:00:00,Toys,Dinosaur Figures,LAX,Airport,2020,Qtr 4,November,13,2020,40,Los Angeles,160,599.6
2020-11-13 00:00:00,Toys,Hot Wheels 5-Pack,Fifth Avenue,Commercial,2020,Qtr 4,November,13,2020,35,New York,149.99999999999997,309.65
2020-11-13 00:00:00,Toys,Lego Bricks,O'Hare,Airport,2020,Qtr 4,November,13,2020,80,Chicago,400,3199.2000000000003
2020-11-13 00:00:00,Toys,Mr. Potatohead,Hollywood,Commercial,2020,Qtr 4,November,13,2020,9,Los Angeles,134.99999999999997,189.91
2020-11-14 00:00:00,Art & Crafts,Barrel O' Slime,JFK,Airport,2020,Qtr 4,November,14,2020,45,New York,196,279.55
2020-11-14 00:00:00,Art & Crafts,Barrel O' Slime,Michigan Ave,Commercial,2020,Qtr 4,November,14,2020,113,Chicago,226,450.87
2020-11-14 00:00:00,Art & Crafts,Etch A Sketch,LAX,Airport,2020,Qtr 4,November,14,2020,35,Los Angeles,349.99999999999994,734.65
2020-11-14 00:00:00,Art & Crafts,Kids Makeup Kit,Fifth Avenue,Commercial,2020,Qtr 4,November,14,2020,15,New York,295,399.84999999999997
2020-11-14 00:00:00,Art & Crafts,Magic Sand,O'Hare,Airport,2020,Qtr 4,November,14,2020,58,Chicago,116,927.42
2020-11-14 00:00:00,Art & Crafts,PlayDoh Toolkit,JFK,Airport,2020,Qtr 4,November,14,2020,11,New York,11,54.89
2020-11-14 00:00:00,Art & Crafts,Playfoam,LAX,Airport,2020,Qtr 4,November,14,2020,46,Los Angeles,154,605.54
2020-11-14 00:00:00,Electronics,Gamer Headphones,Michigan Ave,Commercial,2020,Qtr 4,November,14,2020,12,Chicago,150,351.88
2020-11-14 00:00:00,Games,Deck Of Cards,Millenium,Downtown,2020,Qtr 4,November,14,2020,108,Chicago,324,754.9200000000001
2020-11-14 00:00:00,Games,Glass Marbles,Beverly Hills,Residential,2020,Qtr 4,November,14,2020,18,Los Angeles,90,297.82
2020-11-14 00:00:00,Sports & Outdoors,Mini Ping Pong Set,Times Square,Downtown,2020,Qtr 4,November,14,2020,51,New York,131.99999999999997,609.49
2020-11-14 00:00:00,Sports & Outdoors,Nerf Gun,Hollywood,Commercial,2020,Qtr 4,November,14,2020,15,Los Angeles,96,399.84999999999997
2020-11-14 00:00:00,Toys,Action Figure,Times Square,Downtown,2020,Qtr 4,November,14,2020,54,New York,324,863.46
2020-11-14 00:00:00,Toys,Dinosaur Figures,Lincoln Park,Residential,2020,Qtr 4,November,14,2020,66,Chicago,100,1089.3400000000001
2020-11-14 00:00:00,Toys,Lego Bricks,Beverly Hills,Residential,2020,Qtr 4,November,14,2020,59,Los Angeles,295,2359.4100000000003
2020-11-14 00:00:00,Toys,Mr. Potatohead,Millenium,Downtown,2020,Qtr 4,November,14,2020,21,Chicago,359.9999999999999,309.78999999999996
2020-11-15 00:00:00,Art & Crafts,Etch A Sketch,Lincoln Park,Residential,2020,Qtr 4,November,15,2020,4,Chicago,192,183.95999999999998
2020-11-15 00:00:00,Art & Crafts,Etch A Sketch,Millenium,Downtown,2020,Qtr 4,November,15,2020,38,Chicago,379.99999999999994,797.6199999999999
2020-11-15 00:00:00,Art & Crafts,Magic Sand,Beverly Hills,Residential,2020,Qtr 4,November,15,2020,8,Los Angeles,16,127.92
2020-11-15 00:00:00,Art & Crafts,PlayDoh Can,Hollywood,Commercial,2020,Qtr 4,November,15,2020,36,Los Angeles,93,207.64000000000001
2020-11-15 00:00:00,Electronics,Colorbuds,JFK,Airport,2020,Qtr 4,November,15,2020,17,New York,108,354.83000000000004
2020-11-15 00:00:00,Electronics,Colorbuds,Michigan Ave,Commercial,2020,Qtr 4,November,15,2020,81,Chicago,648,1214.19
2020-11-15 00:00:00,Electronics,Gamer Headset,LAX,Airport,2020,Qtr 4,November,15,2020,34,Los Angeles,203.99999999999994,713.66
2020-11-15 00:00:00,Games,Glass Marbles,Michigan Ave,Commercial,2020,Qtr 4,November,15,2020,18,Chicago,68,297.82
2020-11-15 00:00:00,Games,Monopoly,Times Square,Downtown,2020,Qtr 4,November,15,2020,12,New York,145,339.88
2020-11-15 00:00:00,Games,Rubik's Cube,LAX,Airport,2020,Qtr 4,November,15,2020,47,Los Angeles,75,1039.53
2020-11-15 00:00:00,Sports & Outdoors,Mini Ping Pong,O'Hare,Airport,2020,Qtr 4,November,15,2020,27,Chicago,81,269.73
2020-11-15 00:00:00,Sports & Outdoors,Nerf Gun,Millenium,Downtown,2020,Qtr 4,November,15,2020,60,Chicago,137,1299.3999999999999
2020-11-15 00:00:00,Sports & Outdoors,Splash Balls,JFK,Airport,2020,Qtr 4,November,15,2020,62,New York,62,557.38
2020-11-15 00:00:00,Toys,Animal Figures,Times Square,Downtown,2020,Qtr 4,November,15,2020,63,New York,189,818.37
2020-11-15 00:00:00,Toys,Hot Wheels 5-Pack,Beverly Hills,Residential,2020,Qtr 4,November,15,2020,15,Los Angeles,299.99999999999994,189.85000000000002
2020-11-15 00:00:00,Toys,Lego Bricks,Fifth Avenue,Commercial,2020,Qtr 4,November,15,2020,47,New York,222,1979.5300000000002
2020-11-16 00:00:00,Art & Crafts,Barrel O' Slime,Times Square,Downtown,2020,Qtr 4,November,16,2020,54,New York,108,215.46
2020-11-16 00:00:00,Art & Crafts,Kids Makeup Kit,Beverly Hills,Residential,2020,Qtr 4,November,16,2020,40,Los Angeles,165,899.5999999999999
2020-11-16 00:00:00,Art & Crafts,Magic Sand,Fifth Avenue,Commercial,2020,Qtr 4,November,16,2020,81,New York,205,1395.19
2020-11-16 00:00:00,Art & Crafts,PlayDoh Can,Millenium,Downtown,2020,Qtr 4,November,16,2020,77,Chicago,116,330.23
2020-11-16 00:00:00,Art & Crafts,PlayDoh Toolkit,Hollywood,Commercial,2020,Qtr 4,November,16,2020,33,Los Angeles,396,264.67
2020-11-16 00:00:00,Electronics,Gamer Headset,Millenium,Downtown,2020,Qtr 4,November,16,2020,7,Chicago,41.999999999999986,146.92999999999998
2020-11-16 00:00:00,Games,Glass Marbles,LAX,Airport,2020,Qtr 4,November,16,2020,10,Los Angeles,50,109.9
2020-11-16 00:00:00,Sports & Outdoors,Dart Gun,JFK,Airport,2020,Qtr 4,November,16,2020,12,New York,411,291.88
2020-11-16 00:00:00,Sports & Outdoors,Dart Gun,Michigan Ave,Commercial,2020,Qtr 4,November,16,2020,33,Chicago,132,527.67
2020-11-16 00:00:00,Sports & Outdoors,Foam Disk Launcher,Lincoln Park,Residential,2020,Qtr 4,November,16,2020,44,Chicago,66,627.5600000000001
2020-11-16 00:00:00,Sports & Outdoors,Mini Ping Pong,Beverly Hills,Residential,2020,Qtr 4,November,16,2020,56,Los Angeles,168,559.44
2020-11-16 00:00:00,Sports & Outdoors,Splash Balls,LAX,Airport,2020,Qtr 4,November,16,2020,15,Los Angeles,90,234.85
2020-11-16 00:00:00,Toys,Hot Wheels 5-Pack,Michigan Ave,Commercial,2020,Qtr 4,November,16,2020,4,Chicago,131.99999999999997,123.96000000000001
2020-11-16 00:00:00,Toys,Mr. Potatohead,O'Hare,Airport,2020,Qtr 4,November,16,2020,10,Chicago,50,99.9
2020-11-16 00:00:00,Toys,Mr. Potatohead,Times Square,Downtown,2020,Qtr 4,November,16,2020,17,New York,89.99999999999999,269.83000000000004
2020-11-16 00:00:00,Toys,Teddy Bear,JFK,Airport,2020,Qtr 4,November,16,2020,11,New York,22,142.89000000000001
2020-11-17 00:00:00,Art & Crafts,Kids Makeup Kit,Michigan Ave,Commercial,2020,Qtr 4,November,17,2020,12,Chicago,105,339.88
2020-11-17 00:00:00,Art & Crafts,PlayDoh Playset,Millenium,Downtown,2020,Qtr 4,November,17,2020,14,Chicago,116,449.85999999999996
2020-11-17 00:00:00,Art & Crafts,Playfoam,Hollywood,Commercial,2020,Qtr 4,November,17,2020,48,Los Angeles,148,627.52
2020-11-17 00:00:00,Electronics,Gamer Headphones,Lincoln Park,Residential,2020,Qtr 4,November,17,2020,1,Chicago,190,120.99
2020-11-17 00:00:00,Games,Classic Dominoes,Times Square,Downtown,2020,Qtr 4,November,17,2020,9,New York,18,89.91
2020-11-17 00:00:00,Games,Deck Of Cards,JFK,Airport,2020,Qtr 4,November,17,2020,117,New York,99,917.83
2020-11-17 00:00:00,Games,Deck Of Cards,Michigan Ave,Commercial,2020,Qtr 4,November,17,2020,79,Chicago,237,552.21
2020-11-17 00:00:00,Games,Glass Marbles,Millenium,Downtown,2020,Qtr 4,November,17,2020,29,Chicago,145,318.71
2020-11-17 00:00:00,Games,Monopoly,Beverly Hills,Residential,2020,Qtr 4,November,17,2020,6,Los Angeles,35.999999999999986,119.94
2020-11-17 00:00:00,Sports & Outdoors,Nerf Gun,O'Hare,Airport,2020,Qtr 4,November,17,2020,10,Chicago,49.999999999999986,199.89999999999998
2020-11-17 00:00:00,Sports & Outdoors,Nerf Gun,Times Square,Downtown,2020,Qtr 4,November,17,2020,6,New York,323.00000000000006,219.94
2020-11-17 00:00:00,Toys,Action Figure,Lincoln Park,Residential,2020,Qtr 4,November,17,2020,63,Chicago,378,1007.37
2020-11-17 00:00:00,Toys,Hot Wheels Pack,LAX,Airport,2020,Qtr 4,November,17,2020,76,Los Angeles,152,455.24
2020-11-17 00:00:00,Toys,Lego Bricks,Beverly Hills,Residential,2020,Qtr 4,November,17,2020,21,Los Angeles,288,939.7900000000001
2020-11-17 00:00:00,Toys,Mr. Potatohead,Fifth Avenue,Commercial,2020,Qtr 4,November,17,2020,29,New York,259.99999999999994,389.71
2020-11-17 00:00:00,Toys,Teddy Bear,LAX,Airport,2020,Qtr 4,November,17,2020,15,Los Angeles,130,294.85
2020-11-18 00:00:00,Art & Crafts,Kids Makeup Kit,LAX,Airport,2020,Qtr 4,November,18,2020,31,Los Angeles,185.99999999999994,619.6899999999999
2020-11-18 00:00:00,Art & Crafts,Magic Sand,Beverly Hills,Residential,2020,Qtr 4,November,18,2020,114,Los Angeles,225,1922.8600000000001
2020-11-18 00:00:00,Art & Crafts,PlayDoh Can,O'Hare,Airport,2020,Qtr 4,November,18,2020,169,Chicago,169.00000000000003,505.31000000000006
2020-11-18 00:00:00,Art & Crafts,PlayDoh Can,Times Square,Downtown,2020,Qtr 4,November,18,2020,263,New York,80,886.37
2020-11-18 00:00:00,Art & Crafts,Playfoam,Millenium,Downtown,2020,Qtr 4,November,18,2020,8,Chicago,184,187.92000000000002
2020-11-18 00:00:00,Electronics,Colorbuds,Times Square,Downtown,2020,Qtr 4,November,18,2020,222,New York,1776,3327.78
2020-11-18 00:00:00,Electronics,Toy Robot,LAX,Airport,2020,Qtr 4,November,18,2020,14,Los Angeles,204,463.85999999999996
2020-11-18 00:00:00,Games,Glass Marbles,Lincoln Park,Residential,2020,Qtr 4,November,18,2020,26,Chicago,104,385.74
2020-11-18 00:00:00,Sports & Outdoors,Nerf Gun,Beverly Hills,Residential,2020,Qtr 4,November,18,2020,4,Los Angeles,19.999999999999993,79.96
2020-11-18 00:00:00,Sports & Outdoors,Nerf Gun,Fifth Avenue,Commercial,2020,Qtr 4,November,18,2020,40,New York,138,899.5999999999999
2020-11-18 00:00:00,Toys,Animal Figures,Lincoln Park,Residential,2020,Qtr 4,November,18,2020,79,Chicago,237,1026.21
2020-11-18 00:00:00,Toys,Dino Egg,JFK,Airport,2020,Qtr 4,November,18,2020,39,New York,290,528.61
2020-11-18 00:00:00,Toys,Dinosaur Figures,Michigan Ave,Commercial,2020,Qtr 4,November,18,2020,63,Chicago,252,944.37
2020-11-18 00:00:00,Toys,Hot Wheels Pack,Millenium,Downtown,2020,Qtr 4,November,18,2020,15,Chicago,30,89.85000000000001
2020-11-18 00:00:00,Toys,Lego Bricks,Michigan Ave,Commercial,2020,Qtr 4,November,18,2020,9,Chicago,116,459.91
2020-11-18 00:00:00,Toys,Plush Pony,Hollywood,Commercial,2020,Qtr 4,November,18,2020,8,Los Angeles,114,259.91999999999996
2020-11-19 00:00:00,Art & Crafts,Barrel O' Slime,Lincoln Park,Residential,2020,Qtr 4,November,19,2020,244,Chicago,488,973.5600000000001
2020-11-19 00:00:00,Art & Crafts,Etch A Sketch,JFK,Airport,2020,Qtr 4,November,19,2020,23,New York,75,582.77
2020-11-19 00:00:00,Art & Crafts,Etch A Sketch,Michigan Ave,Commercial,2020,Qtr 4,November,19,2020,5,Chicago,49.99999999999999,104.94999999999999
2020-11-19 00:00:00,Art & Crafts,Magic Sand,Michigan Ave,Commercial,2020,Qtr 4,November,19,2020,28,Chicago,105,547.72
2020-11-19 00:00:00,Art & Crafts,PlayDoh Can,Beverly Hills,Residential,2020,Qtr 4,November,19,2020,34,Los Angeles,34.00000000000001,101.66000000000001
2020-11-19 00:00:00,Art & Crafts,PlayDoh Can,Fifth Avenue,Commercial,2020,Qtr 4,November,19,2020,78,New York,152,333.22
2020-11-19 00:00:00,Art & Crafts,PlayDoh Playset,Times Square,Downtown,2020,Qtr 4,November,19,2020,5,New York,66,224.95
2020-11-19 00:00:00,Art & Crafts,PlayDoh Toolkit,O'Hare,Airport,2020,Qtr 4,November,19,2020,17,Chicago,17,84.83
2020-11-19 00:00:00,Games,Jenga,Millenium,Downtown,2020,Qtr 4,November,19,2020,57,Chicago,399,569.4300000000001
2020-11-19 00:00:00,Games,Rubik's Cube,Hollywood,Commercial,2020,Qtr 4,November,19,2020,27,Los Angeles,109,639.7299999999999
2020-11-19 00:00:00,Games,Rubik's Cube,Millenium,Downtown,2020,Qtr 4,November,19,2020,62,Chicago,129,1339.3799999999999
2020-11-19 00:00:00,Sports & Outdoors,Dart Gun,Times Square,Downtown,2020,Qtr 4,November,19,2020,26,New York,104,415.74
2020-11-19 00:00:00,Sports & Outdoors,Mini Ping Pong Set,Beverly Hills,Residential,2020,Qtr 4,November,19,2020,55,Los Angeles,113.99999999999999,649.45
2020-11-19 00:00:00,Toys,Action Figure,O'Hare,Airport,2020,Qtr 4,November,19,2020,24,Chicago,135,483.76
2020-11-19 00:00:00,Toys,Hot Wheels 5-Pack,Lincoln Park,Residential,2020,Qtr 4,November,19,2020,22,Chicago,473.9999999999999,231.78
2020-11-19 00:00:00,Toys,Lego Bricks,LAX,Airport,2020,Qtr 4,November,19,2020,80,Los Angeles,400,3199.2000000000003
2020-11-20 00:00:00,Art & Crafts,Kids Makeup Kit,Lincoln Park,Residential,2020,Qtr 4,November,20,2020,69,Chicago,185,1479.31
2020-11-20 00:00:00,Art & Crafts,Kids Makeup Kit,Millenium,Downtown,2020,Qtr 4,November,20,2020,19,Chicago,113.99999999999997,379.80999999999995
2020-11-20 00:00:00,Art & Crafts,Magic Sand,LAX,Airport,2020,Qtr 4,November,20,2020,31,Los Angeles,62,495.69
2020-11-20 00:00:00,Art & Crafts,PlayDoh Playset,Fifth Avenue,Commercial,2020,Qtr 4,November,20,2020,23,New York,76,674.77
2020-11-20 00:00:00,Art & Crafts,PlayDoh Toolkit,Beverly Hills,Residential,2020,Qtr 4,November,20,2020,2,Los Angeles,2,9.98
2020-11-20 00:00:00,Art & Crafts,PlayDoh Toolkit,Times Square,Downtown,2020,Qtr 4,November,20,2020,6,New York,655,129.94
2020-11-20 00:00:00,Electronics,Gamer Headset,Michigan Ave,Commercial,2020,Qtr 4,November,20,2020,15,Chicago,89.99999999999997,314.84999999999997
2020-11-20 00:00:00,Games,Classic Dominoes,Lincoln Park,Residential,2020,Qtr 4,November,20,2020,8,Chicago,16,79.92
2020-11-20 00:00:00,Games,Deck Of Cards,Times Square,Downtown,2020,Qtr 4,November,20,2020,52,New York,156,363.48
2020-11-20 00:00:00,Games,Monopoly,Beverly Hills,Residential,2020,Qtr 4,November,20,2020,9,Los Angeles,145,279.90999999999997
2020-11-20 00:00:00,Sports & Outdoors,Foam Disk Launcher,JFK,Airport,2020,Qtr 4,November,20,2020,5,New York,449.9999999999999,159.95
2020-11-20 00:00:00,Sports & Outdoors,Mini Ping Pong Set,Michigan Ave,Commercial,2020,Qtr 4,November,20,2020,15,Chicago,135,249.85
2020-11-20 00:00:00,Sports & Outdoors,Splash Balls,Hollywood,Commercial,2020,Qtr 4,November,20,2020,49,Los Angeles,444,540.51
2020-11-20 00:00:00,Sports & Outdoors,Splash Balls,Millenium,Downtown,2020,Qtr 4,November,20,2020,69,Chicago,74,720.3100000000001
2020-11-20 00:00:00,Toys,Animal Figures,O'Hare,Airport,2020,Qtr 4,November,20,2020,25,Chicago,330,424.75
2020-11-20 00:00:00,Toys,Plush Pony,O'Hare,Airport,2020,Qtr 4,November,20,2020,10,Chicago,109.99999999999999,199.89999999999998
2020-11-21 00:00:00,Art & Crafts,Barrel O' Slime,O'Hare,Airport,2020,Qtr 4,November,21,2020,135,Chicago,548,638.65
2020-11-21 00:00:00,Art & Crafts,PlayDoh Toolkit,Fifth Avenue,Commercial,2020,Qtr 4,November,21,2020,16,New York,1068,179.84
2020-11-21 00:00:00,Art & Crafts,Playfoam,Times Square,Downtown,2020,Qtr 4,November,21,2020,85,New York,82,1034.15
2020-11-21 00:00:00,Electronics,Colorbuds,Lincoln Park,Residential,2020,Qtr 4,November,21,2020,67,Chicago,536,1004.33
2020-11-21 00:00:00,Electronics,Gamer Headphones,JFK,Airport,2020,Qtr 4,November,21,2020,65,New York,250,1464.35
2020-11-21 00:00:00,Games,Rubik's Cube,Beverly Hills,Residential,2020,Qtr 4,November,21,2020,32,Los Angeles,64,639.68
2020-11-21 00:00:00,Games,Rubik's Cube,O'Hare,Airport,2020,Qtr 4,November,21,2020,72,Chicago,144,1439.28
2020-11-21 00:00:00,Sports & Outdoors,Mini Ping Pong,LAX,Airport,2020,Qtr 4,November,21,2020,4,Los Angeles,12,39.96
2020-11-21 00:00:00,Toys,Action Figure,Times Square,Downtown,2020,Qtr 4,November,21,2020,64,New York,258,1123.3600000000001
2020-11-21 00:00:00,Toys,Dinosaur Figures,Times Square,Downtown,2020,Qtr 4,November,21,2020,44,New York,176,659.5600000000001
2020-11-21 00:00:00,Toys,Hot Wheels Pack,Michigan Ave,Commercial,2020,Qtr 4,November,21,2020,110,Chicago,220,658.9
2020-11-21 00:00:00,Toys,Lego Bricks,Lincoln Park,Residential,2020,Qtr 4,November,21,2020,25,Chicago,286,1099.75
2020-11-21 00:00:00,Toys,Lego Bricks,Millenium,Downtown,2020,Qtr 4,November,21,2020,67,Chicago,335,2679.33
2020-11-21 00:00:00,Toys,Mr. Potatohead,Beverly Hills,Residential,2020,Qtr 4,November,21,2020,17,Los Angeles,394.9999999999999,269.83000000000004
2020-11-21 00:00:00,Toys,Mr. Potatohead,Michigan Ave,Commercial,2020,Qtr 4,November,21,2020,15,Chicago,249.99999999999994,249.85
2020-11-21 00:00:00,Toys,Teddy Bear,Millenium,Downtown,2020,Qtr 4,November,21,2020,7,Chicago,165,190.93
2020-11-22 00:00:00,Art & Crafts,Etch A Sketch,Times Square,Downtown,2020,Qtr 4,November,22,2020,29,New York,289.99999999999994,608.7099999999999
2020-11-22 00:00:00,Art & Crafts,Magic Sand,Lincoln Park,Residential,2020,Qtr 4,November,22,2020,113,Chicago,648,1906.8700000000001
2020-11-22 00:00:00,Art & Crafts,Magic Sand,Millenium,Downtown,2020,Qtr 4,November,22,2020,52,Chicago,104,831.48
2020-11-22 00:00:00,Electronics,Colorbuds,O'Hare,Airport,2020,Qtr 4,November,22,2020,61,Chicago,264,1014.39
2020-11-22 00:00:00,Electronics,Toy Robot,Millenium,Downtown,2020,Qtr 4,November,22,2020,21,Chicago,138,645.79
2020-11-22 00:00:00,Games,Glass Marbles,JFK,Airport,2020,Qtr 4,November,22,2020,38,New York,156,517.62
2020-11-22 00:00:00,Games,Jenga,Michigan Ave,Commercial,2020,Qtr 4,November,22,2020,21,Chicago,147,209.79
2020-11-22 00:00:00,Games,Rubik's Cube,Times Square,Downtown,2020,Qtr 4,November,22,2020,11,New York,63,319.89
2020-11-22 00:00:00,Sports & Outdoors,Dart Gun,Lincoln Park,Residential,2020,Qtr 4,November,22,2020,18,Chicago,72,287.82
2020-11-22 00:00:00,Sports & Outdoors,Nerf Gun,Beverly Hills,Residential,2020,Qtr 4,November,22,2020,67,Los Angeles,141,1439.33
2020-11-22 00:00:00,Sports & Outdoors,Nerf Gun,Michigan Ave,Commercial,2020,Qtr 4,November,22,2020,38,Chicago,122.00000000000001,859.6199999999999
2020-11-22 00:00:00,Sports & Outdoors,Splash Balls,Beverly Hills,Residential,2020,Qtr 4,November,22,2020,30,Los Angeles,30,269.7
2020-11-22 00:00:00,Sports & Outdoors,Splash Balls,O'Hare,Airport,2020,Qtr 4,November,22,2020,106,Chicago,106,952.94
2020-11-22 00:00:00,Toys,Animal Figures,Times Square,Downtown,2020,Qtr 4,November,22,2020,66,New York,414,957.34
2020-11-22 00:00:00,Toys,Mr. Potatohead,LAX,Airport,2020,Qtr 4,November,22,2020,48,Los Angeles,240,479.52
2020-11-23 00:00:00,Art & Crafts,Barrel O' Slime,Times Square,Downtown,2020,Qtr 4,November,23,2020,177,New York,82,806.23
2020-11-23 00:00:00,Art & Crafts,Kids Makeup Kit,Michigan Ave,Commercial,2020,Qtr 4,November,23,2020,29,Chicago,173.99999999999994,579.7099999999999
2020-11-23 00:00:00,Art & Crafts,PlayDoh Can,Beverly Hills,Residential,2020,Qtr 4,November,23,2020,81,Los Angeles,84,342.19000000000005
2020-11-23 00:00:00,Art & Crafts,PlayDoh Can,Michigan Ave,Commercial,2020,Qtr 4,November,23,2020,62,Chicago,71,285.38
2020-11-23 00:00:00,Electronics,Gamer Headset,Times Square,Downtown,2020,Qtr 4,November,23,2020,47,New York,281.99999999999994,986.53
2020-11-23 00:00:00,Games,Deck Of Cards,Lincoln Park,Residential,2020,Qtr 4,November,23,2020,116,Chicago,348,810.84
2020-11-23 00:00:00,Sports & Outdoors,Basketball Hoop,Millenium,Downtown,2020,Qtr 4,November,23,2020,3,Chicago,47.99999999999999,74.97
2020-11-23 00:00:00,Sports & Outdoors,Dart Gun,O'Hare,Airport,2020,Qtr 4,November,23,2020,51,Chicago,360,915.49
2020-11-23 00:00:00,Sports & Outdoors,Mini Ping Pong Set,Lincoln Park,Residential,2020,Qtr 4,November,23,2020,196,Chicago,101.99999999999999,2058.04
2020-11-23 00:00:00,Sports & Outdoors,Nerf Gun,LAX,Airport,2020,Qtr 4,November,23,2020,39,Los Angeles,194.99999999999994,779.6099999999999
2020-11-23 00:00:00,Sports & Outdoors,Splash Balls,Times Square,Downtown,2020,Qtr 4,November,23,2020,3,New York,125,126.97
2020-11-23 00:00:00,Sports & Outdoors,Water Gun,Beverly Hills,Residential,2020,Qtr 4,November,23,2020,19,Los Angeles,57,284.81
2020-11-23 00:00:00,Sports & Outdoors,Water Gun,O'Hare,Airport,2020,Qtr 4,November,23,2020,13,Chicago,39,194.87
2020-11-23 00:00:00,Toys,Action Figure,LAX,Airport,2020,Qtr 4,November,23,2020,13,Los Angeles,96,307.87
2020-11-23 00:00:00,Toys,Hot Wheels 5-Pack,JFK,Airport,2020,Qtr 4,November,23,2020,48,New York,191.99999999999997,387.52
2020-11-24 00:00:00,Art & Crafts,Kids Makeup Kit,JFK,Airport,2020,Qtr 4,November,24,2020,22,New York,500,539.78
2020-11-24 00:00:00,Art & Crafts,PlayDoh Can,LAX,Airport,2020,Qtr 4,November,24,2020,157,Los Angeles,157.00000000000003,469.43
2020-11-24 00:00:00,Art & Crafts,PlayDoh Toolkit,Beverly Hills,Residential,2020,Qtr 4,November,24,2020,24,Los Angeles,851,219.76
2020-11-24 00:00:00,Art & Crafts,PlayDoh Toolkit,Michigan Ave,Commercial,2020,Qtr 4,November,24,2020,11,Chicago,116,154.89
2020-11-24 00:00:00,Electronics,Toy Robot,Beverly Hills,Residential,2020,Qtr 4,November,24,2020,10,Los Angeles,50,259.9
2020-11-24 00:00:00,Electronics,Toy Robot,Times Square,Downtown,2020,Qtr 4,November,24,2020,13,New York,92,437.87
2020-11-24 00:00:00,Games,Deck Of Cards,O'Hare,Airport,2020,Qtr 4,November,24,2020,100,Chicago,123,799
2020-11-24 00:00:00,Games,Glass Marbles,Times Square,Downtown,2020,Qtr 4,November,24,2020,32,New York,160,351.68
2020-11-24 00:00:00,Games,Monopoly,Lincoln Park,Residential,2020,Qtr 4,November,24,2020,7,Chicago,140,239.92999999999998
2020-11-24 00:00:00,Sports & Outdoors,Mini Ping Pong,Millenium,Downtown,2020,Qtr 4,November,24,2020,32,Chicago,96,319.68
2020-11-24 00:00:00,Toys,Animal Figures,LAX,Airport,2020,Qtr 4,November,24,2020,12,Los Angeles,178,255.88
2020-11-24 00:00:00,Toys,Dinosaur Figures,Lincoln Park,Residential,2020,Qtr 4,November,24,2020,86,Chicago,344,1289.14
2020-11-24 00:00:00,Toys,Lego Bricks,Michigan Ave,Commercial,2020,Qtr 4,November,24,2020,69,Chicago,345,2759.31
2020-11-24 00:00:00,Toys,Teddy Bear,O'Hare,Airport,2020,Qtr 4,November,24,2020,46,Chicago,92,597.54
2020-11-25 00:00:00,Art & Crafts,Barrel O' Slime,LAX,Airport,2020,Qtr 4,November,25,2020,59,Los Angeles,1260,335.41
2020-11-25 00:00:00,Art & Crafts,Etch A Sketch,Lincoln Park,Residential,2020,Qtr 4,November,25,2020,6,Chicago,59.999999999999986,125.94
2020-11-25 00:00:00,Art & Crafts,Magic Sand,Michigan Ave,Commercial,2020,Qtr 4,November,25,2020,30,Chicago,60,479.7
2020-11-25 00:00:00,Art & Crafts,PlayDoh Playset,LAX,Airport,2020,Qtr 4,November,25,2020,22,Los Angeles,88,549.78
2020-11-25 00:00:00,Art & Crafts,Playfoam,Beverly Hills,Residential,2020,Qtr 4,November,25,2020,113,Los Angeles,181,1341.8700000000001
2020-11-25 00:00:00,Art & Crafts,Playfoam,Michigan Ave,Commercial,2020,Qtr 4,November,25,2020,8,Chicago,93,187.92000000000002
2020-11-25 00:00:00,Electronics,Toy Robot,O'Hare,Airport,2020,Qtr 4,November,25,2020,4,Chicago,20,103.96
2020-11-25 00:00:00,Games,Monopoly,Millenium,Downtown,2020,Qtr 4,November,25,2020,25,Chicago,149.99999999999994,499.74999999999994
2020-11-25 00:00:00,Games,Uno Card Game,Times Square,Downtown,2020,Qtr 4,November,25,2020,8,New York,576,163.92000000000002
2020-11-25 00:00:00,Toys,Action Figure,Hollywood,Commercial,2020,Qtr 4,November,25,2020,87,Los Angeles,522,1391.13
2020-11-25 00:00:00,Toys,Dino Egg,O'Hare,Airport,2020,Qtr 4,November,25,2020,63,Chicago,144,792.37
2020-11-25 00:00:00,Toys,Hot Wheels Pack,Times Square,Downtown,2020,Qtr 4,November,25,2020,36,New York,72,215.64000000000001
2020-11-25 00:00:00,Toys,Lego Bricks,JFK,Airport,2020,Qtr 4,November,25,2020,88,New York,144,3619.1200000000003
2020-11-25 00:00:00,Toys,Mr. Potatohead,Lincoln Park,Residential,2020,Qtr 4,November,25,2020,16,Chicago,299.9999999999999,259.84000000000003
2020-11-26 00:00:00,Art & Crafts,Kids Makeup Kit,Times Square,Downtown,2020,Qtr 4,November,26,2020,25,New York,149.99999999999994,499.74999999999994
2020-11-26 00:00:00,Art & Crafts,Magic Sand,JFK,Airport,2020,Qtr 4,November,26,2020,42,New York,99,771.58
2020-11-26 00:00:00,Art & Crafts,PlayDoh Toolkit,LAX,Airport,2020,Qtr 4,November,26,2020,39,Los Angeles,39,194.61
2020-11-26 00:00:00,Electronics,Colorbuds,LAX,Airport,2020,Qtr 4,November,26,2020,150,Los Angeles,112,2348.5
2020-11-26 00:00:00,Electronics,Gamer Headset,Lincoln Park,Residential,2020,Qtr 4,November,26,2020,7,Chicago,41.999999999999986,146.92999999999998
2020-11-26 00:00:00,Sports & Outdoors,Foam Disk Launcher,O'Hare,Airport,2020,Qtr 4,November,26,2020,28,Chicago,365.9999999999999,435.72
2020-11-26 00:00:00,Sports & Outdoors,Mini Ping Pong,Michigan Ave,Commercial,2020,Qtr 4,November,26,2020,44,Chicago,132,439.56
2020-11-26 00:00:00,Sports & Outdoors,Nerf Gun,Lincoln Park,Residential,2020,Qtr 4,November,26,2020,48,Chicago,106,1059.52
2020-11-26 00:00:00,Toys,Action Figure,JFK,Airport,2020,Qtr 4,November,26,2020,45,New York,270,719.55
2020-11-26 00:00:00,Toys,Action Figure,Millenium,Downtown,2020,Qtr 4,November,26,2020,86,Chicago,237,1475.14
2020-11-26 00:00:00,Toys,Animal Figures,Hollywood,Commercial,2020,Qtr 4,November,26,2020,52,Los Angeles,156,675.48
2020-11-26 00:00:00,Toys,Mr. Potatohead,Millenium,Downtown,2020,Qtr 4,November,26,2020,95,Chicago,475,949.0500000000001
2020-11-26 00:00:00,Toys,Plush Pony,Beverly Hills,Residential,2020,Qtr 4,November,26,2020,11,Los Angeles,89,319.89
2020-11-26 00:00:00,Toys,Plush Pony,Michigan Ave,Commercial,2020,Qtr 4,November,26,2020,3,Chicago,80,159.97
2020-11-27 00:00:00,Art & Crafts,Barrel O' Slime,Hollywood,Commercial,2020,Qtr 4,November,27,2020,86,Los Angeles,172,343.14000000000004
2020-11-27 00:00:00,Art & Crafts,PlayDoh Can,Lincoln Park,Residential,2020,Qtr 4,November,27,2020,46,Chicago,156,237.54000000000002
2020-11-27 00:00:00,Electronics,Gamer Headphones,O'Hare,Airport,2020,Qtr 4,November,27,2020,51,Chicago,96,1170.49
2020-11-27 00:00:00,Games,Glass Marbles,Lincoln Park,Residential,2020,Qtr 4,November,27,2020,36,Chicago,180,395.64
2020-11-27 00:00:00,Games,Rubik's Cube,LAX,Airport,2020,Qtr 4,November,27,2020,180,Los Angeles,360,3598.2
2020-11-27 00:00:00,Games,Rubik's Cube,Michigan Ave,Commercial,2020,Qtr 4,November,27,2020,10,Chicago,67,299.9
2020-11-27 00:00:00,Sports & Outdoors,Dart Gun,LAX,Airport,2020,Qtr 4,November,27,2020,13,Los Angeles,432,307.87
2020-11-27 00:00:00,Sports & Outdoors,Mini Ping Pong Set,JFK,Airport,2020,Qtr 4,November,27,2020,13,New York,257.99999999999994,229.87
2020-11-27 00:00:00,Sports & Outdoors,Nerf Gun,Millenium,Downtown,2020,Qtr 4,November,27,2020,19,Chicago,94.99999999999997,379.80999999999995
2020-11-27 00:00:00,Sports & Outdoors,Splash Balls,Beverly Hills,Residential,2020,Qtr 4,November,27,2020,29,Los Angeles,285,360.71
2020-11-27 00:00:00,Toys,Animal Figures,JFK,Airport,2020,Qtr 4,November,27,2020,9,New York,27,116.91
2020-11-27 00:00:00,Toys,Animal Figures,Millenium,Downtown,2020,Qtr 4,November,27,2020,59,Chicago,398,866.41
2020-11-27 00:00:00,Toys,Lego Bricks,Times Square,Downtown,2020,Qtr 4,November,27,2020,172,New York,860,6878.280000000001
2020-11-27 00:00:00,Toys,Mr. Potatohead,Michigan Ave,Commercial,2020,Qtr 4,November,27,2020,23,Chicago,115,229.77
2020-11-28 00:00:00,Art & Crafts,Barrel O' Slime,JFK,Airport,2020,Qtr 4,November,28,2020,40,New York,80,159.60000000000002
2020-11-28 00:00:00,Art & Crafts,Barrel O' Slime,Millenium,Downtown,2020,Qtr 4,November,28,2020,169,Chicago,110,774.3100000000001
2020-11-28 00:00:00,Art & Crafts,PlayDoh Can,Millenium,Downtown,2020,Qtr 4,November,28,2020,261,Chicago,261.00000000000006,780.3900000000001
2020-11-28 00:00:00,Art & Crafts,PlayDoh Playset,Lincoln Park,Residential,2020,Qtr 4,November,28,2020,24,Chicago,65,699.76
2020-11-28 00:00:00,Electronics,Colorbuds,Hollywood,Commercial,2020,Qtr 4,November,28,2020,62,Los Angeles,496,929.38
2020-11-28 00:00:00,Electronics,Toy Robot,Beverly Hills,Residential,2020,Qtr 4,November,28,2020,45,Los Angeles,264,1269.55
2020-11-28 00:00:00,Games,Deck Of Cards,LAX,Airport,2020,Qtr 4,November,28,2020,124,Los Angeles,145,966.76
2020-11-28 00:00:00,Games,Monopoly,JFK,Airport,2020,Qtr 4,November,28,2020,33,New York,399.9999999999999,759.67
2020-11-28 00:00:00,Sports & Outdoors,Mini Ping Pong,Times Square,Downtown,2020,Qtr 4,November,28,2020,23,New York,69,229.77
2020-11-28 00:00:00,Sports & Outdoors,Nerf Gun,Michigan Ave,Commercial,2020,Qtr 4,November,28,2020,8,Chicago,39.999999999999986,159.92
2020-11-28 00:00:00,Sports & Outdoors,Splash Balls,LAX,Airport,2020,Qtr 4,November,28,2020,31,Los Angeles,31,278.69
2020-11-28 00:00:00,Sports & Outdoors,Splash Balls,Michigan Ave,Commercial,2020,Qtr 4,November,28,2020,7,Chicago,120,162.93
2020-11-28 00:00:00,Toys,Hot Wheels 5-Pack,O'Hare,Airport,2020,Qtr 4,November,28,2020,18,Chicago,197.99999999999997,207.82
2020-11-28 00:00:00,Toys,Hot Wheels Pack,Lincoln Park,Residential,2020,Qtr 4,November,28,2020,24,Chicago,48,143.76
2020-11-29 00:00:00,Art & Crafts,Kids Makeup Kit,O'Hare,Airport,2020,Qtr 4,November,29,2020,23,Chicago,590,559.77
2020-11-29 00:00:00,Art & Crafts,PlayDoh Can,Michigan Ave,Commercial,2020,Qtr 4,November,29,2020,58,Chicago,58.000000000000014,173.42000000000002
2020-11-29 00:00:00,Art & Crafts,PlayDoh Playset,Millenium,Downtown,2020,Qtr 4,November,29,2020,11,Chicago,44,274.89
2020-11-29 00:00:00,Art & Crafts,PlayDoh Toolkit,Lincoln Park,Residential,2020,Qtr 4,November,29,2020,5,Chicago,403,124.95
2020-11-29 00:00:00,Electronics,Toy Robot,LAX,Airport,2020,Qtr 4,November,29,2020,30,Los Angeles,150,779.6999999999999
2020-11-29 00:00:00,Games,Chutes & Ladders,JFK,Airport,2020,Qtr 4,November,29,2020,10,New York,30,129.9
2020-11-29 00:00:00,Games,Classic Dominoes,Millenium,Downtown,2020,Qtr 4,November,29,2020,25,Chicago,380,349.75
2020-11-29 00:00:00,Games,Jenga,Lincoln Park,Residential,2020,Qtr 4,November,29,2020,16,Chicago,112,159.84
2020-11-29 00:00:00,Games,Monopoly,Times Square,Downtown,2020,Qtr 4,November,29,2020,1,New York,5.999999999999998,19.99
2020-11-29 00:00:00,Sports & Outdoors,Dart Gun,Hollywood,Commercial,2020,Qtr 4,November,29,2020,21,Los Angeles,84,335.79
2020-11-29 00:00:00,Sports & Outdoors,Nerf Gun,JFK,Airport,2020,Qtr 4,November,29,2020,68,New York,127.00000000000001,1459.32
2020-11-29 00:00:00,Sports & Outdoors,Supersoaker Water Gun,Michigan Ave,Commercial,2020,Qtr 4,November,29,2020,20,Chicago,190,399.8
2020-11-29 00:00:00,Toys,Action Figure,Hollywood,Commercial,2020,Qtr 4,November,29,2020,34,Los Angeles,312,643.66
2020-11-29 00:00:00,Toys,Dino Egg,LAX,Airport,2020,Qtr 4,November,29,2020,85,Los Angeles,316,1034.15
2020-11-30 00:00:00,Art & Crafts,Kids Makeup Kit,Lincoln Park,Residential,2020,Qtr 4,November,30,2020,33,Chicago,197.99999999999994,659.67
2020-11-30 00:00:00,Art & Crafts,PlayDoh Can,JFK,Airport,2020,Qtr 4,November,30,2020,67,New York,100,300.33000000000004
2020-11-30 00:00:00,Art & Crafts,PlayDoh Toolkit,Michigan Ave,Commercial,2020,Qtr 4,November,30,2020,19,Chicago,19,94.81
2020-11-30 00:00:00,Art & Crafts,PlayDoh Toolkit,Millenium,Downtown,2020,Qtr 4,November,30,2020,58,Chicago,58,289.42
2020-11-30 00:00:00,Art & Crafts,Playfoam,Lincoln Park,Residential,2020,Qtr 4,November,30,2020,49,Chicago,132,638.51
2020-11-30 00:00:00,Electronics,Colorbuds,Millenium,Downtown,2020,Qtr 4,November,30,2020,40,Chicago,252,699.6
2020-11-30 00:00:00,Electronics,Toy Robot,Michigan Ave,Commercial,2020,Qtr 4,November,30,2020,26,Chicago,138,775.74
2020-11-30 00:00:00,Games,Classic Dominoes,JFK,Airport,2020,Qtr 4,November,30,2020,12,New York,24,119.88
2020-11-30 00:00:00,Games,Deck Of Cards,Hollywood,Commercial,2020,Qtr 4,November,30,2020,78,Los Angeles,234,545.22
2020-11-30 00:00:00,Toys,Action Figure,O'Hare,Airport,2020,Qtr 4,November,30,2020,80,Chicago,480,1279.2
2020-11-30 00:00:00,Toys,Animal Figures,Hollywood,Commercial,2020,Qtr 4,November,30,2020,84,Los Angeles,310,1191.16
2020-11-30 00:00:00,Toys,Dinosaur Figures,LAX,Airport,2020,Qtr 4,November,30,2020,64,Los Angeles,119.99999999999999,1059.3600000000001
2020-11-30 00:00:00,Toys,Lego Bricks,O'Hare,Airport,2020,Qtr 4,November,30,2020,106,Chicago,222,4338.9400000000005
2020-11-30 00:00:00,Toys,Mr. Potatohead,Times Square,Downtown,2020,Qtr 4,November,30,2020,18,New York,90,179.82
2020-12-01 00:00:00,Art & Crafts,Barrel O' Slime,Fifth Avenue,Commercial,2020,Qtr 4,December,1,2020,69,New York,138,275.31
2020-12-01 00:00:00,Art & Crafts,Barrel O' Slime,JFK,Airport,2020,Qtr 4,December,1,2020,55,New York,110,219.45000000000002
2020-12-01 00:00:00,Art & Crafts,Barrel O' Slime,LAX,Airport,2020,Qtr 4,December,1,2020,165,Los Angeles,330,658.35
2020-12-01 00:00:00,Art & Crafts,Barrel O' Slime,Lincoln Park,Residential,2020,Qtr 4,December,1,2020,317,Chicago,634,1264.8300000000002
2020-12-01 00:00:00,Art & Crafts,Barrel O' Slime,Michigan Ave,Commercial,2020,Qtr 4,December,1,2020,93,Chicago,186,371.07
2020-12-01 00:00:00,Art & Crafts,Barrel O' Slime,Millenium,Downtown,2020,Qtr 4,December,1,2020,436,Chicago,872,1739.64
2020-12-01 00:00:00,Art & Crafts,Barrel O' Slime,O'Hare,Airport,2020,Qtr 4,December,1,2020,207,Chicago,414,825.9300000000001
2020-12-01 00:00:00,Art & Crafts,Barrel O' Slime,Times Square,Downtown,2020,Qtr 4,December,1,2020,181,New York,362,722.19
2020-12-01 00:00:00,Art & Crafts,Etch A Sketch,Hollywood,Commercial,2020,Qtr 4,December,1,2020,24,Los Angeles,239.99999999999994,503.76
2020-12-01 00:00:00,Art & Crafts,Etch A Sketch,JFK,Airport,2020,Qtr 4,December,1,2020,26,New York,259.99999999999994,545.74
2020-12-01 00:00:00,Art & Crafts,Etch A Sketch,LAX,Airport,2020,Qtr 4,December,1,2020,77,Los Angeles,769.9999999999999,1616.2299999999998
2020-12-01 00:00:00,Art & Crafts,Etch A Sketch,Lincoln Park,Residential,2020,Qtr 4,December,1,2020,41,Chicago,409.99999999999994,860.5899999999999
2020-12-01 00:00:00,Art & Crafts,Etch A Sketch,Millenium,Downtown,2020,Qtr 4,December,1,2020,35,Chicago,349.99999999999994,734.65
2020-12-01 00:00:00,Art & Crafts,Etch A Sketch,O'Hare,Airport,2020,Qtr 4,December,1,2020,125,Chicago,1249.9999999999998,2623.75
2020-12-01 00:00:00,Art & Crafts,Etch A Sketch,Times Square,Downtown,2020,Qtr 4,December,1,2020,17,New York,169.99999999999997,356.83
2020-12-01 00:00:00,Art & Crafts,Kids Makeup Kit,Hollywood,Commercial,2020,Qtr 4,December,1,2020,6,Los Angeles,35.999999999999986,119.94
2020-12-01 00:00:00,Art & Crafts,Kids Makeup Kit,JFK,Airport,2020,Qtr 4,December,1,2020,11,New York,65.99999999999999,219.89
2020-12-01 00:00:00,Art & Crafts,Kids Makeup Kit,LAX,Airport,2020,Qtr 4,December,1,2020,12,Los Angeles,71.99999999999997,239.88
2020-12-01 00:00:00,Art & Crafts,Kids Makeup Kit,Lincoln Park,Residential,2020,Qtr 4,December,1,2020,19,Chicago,113.99999999999997,379.80999999999995
2020-12-01 00:00:00,Art & Crafts,Kids Makeup Kit,Michigan Ave,Commercial,2020,Qtr 4,December,1,2020,52,Chicago,311.9999999999999,1039.48
2020-12-01 00:00:00,Art & Crafts,Kids Makeup Kit,Millenium,Downtown,2020,Qtr 4,December,1,2020,10,Chicago,59.999999999999986,199.89999999999998
2020-12-01 00:00:00,Art & Crafts,Kids Makeup Kit,O'Hare,Airport,2020,Qtr 4,December,1,2020,57,Chicago,341.9999999999999,1139.4299999999998
2020-12-01 00:00:00,Art & Crafts,Magic Sand,Hollywood,Commercial,2020,Qtr 4,December,1,2020,147,Los Angeles,294,2350.53
2020-12-01 00:00:00,Art & Crafts,Magic Sand,JFK,Airport,2020,Qtr 4,December,1,2020,22,New York,44,351.78000000000003
2020-12-01 00:00:00,Art & Crafts,Magic Sand,LAX,Airport,2020,Qtr 4,December,1,2020,105,Los Angeles,210,1678.95
2020-12-01 00:00:00,Art & Crafts,Magic Sand,Michigan Ave,Commercial,2020,Qtr 4,December,1,2020,112,Chicago,224,1790.88
2020-12-01 00:00:00,Art & Crafts,Magic Sand,Millenium,Downtown,2020,Qtr 4,December,1,2020,88,Chicago,176,1407.1200000000001
2020-12-01 00:00:00,Art & Crafts,Magic Sand,O'Hare,Airport,2020,Qtr 4,December,1,2020,106,Chicago,212,1694.94
2020-12-01 00:00:00,Art & Crafts,Magic Sand,Times Square,Downtown,2020,Qtr 4,December,1,2020,64,New York,128,1023.36
2020-12-01 00:00:00,Art & Crafts,PlayDoh Can,Hollywood,Commercial,2020,Qtr 4,December,1,2020,179,Los Angeles,179.00000000000003,535.21
2020-12-01 00:00:00,Art & Crafts,PlayDoh Can,JFK,Airport,2020,Qtr 4,December,1,2020,118,New York,118.00000000000003,352.82000000000005
2020-12-01 00:00:00,Art & Crafts,PlayDoh Can,LAX,Airport,2020,Qtr 4,December,1,2020,178,Los Angeles,178.00000000000003,532.22
2020-12-01 00:00:00,Art & Crafts,PlayDoh Can,Lincoln Park,Residential,2020,Qtr 4,December,1,2020,172,Chicago,172.00000000000003,514.2800000000001
2020-12-01 00:00:00,Art & Crafts,PlayDoh Can,Michigan Ave,Commercial,2020,Qtr 4,December,1,2020,51,Chicago,51.000000000000014,152.49
2020-12-01 00:00:00,Art & Crafts,PlayDoh Can,Millenium,Downtown,2020,Qtr 4,December,1,2020,150,Chicago,150.00000000000003,448.50000000000006
2020-12-01 00:00:00,Art & Crafts,PlayDoh Can,O'Hare,Airport,2020,Qtr 4,December,1,2020,126,Chicago,126.00000000000003,376.74
2020-12-01 00:00:00,Art & Crafts,PlayDoh Can,Times Square,Downtown,2020,Qtr 4,December,1,2020,184,New York,184.00000000000003,550.1600000000001
2020-12-01 00:00:00,Art & Crafts,PlayDoh Playset,LAX,Airport,2020,Qtr 4,December,1,2020,14,Los Angeles,56,349.85999999999996
2020-12-01 00:00:00,Art & Crafts,PlayDoh Playset,Lincoln Park,Residential,2020,Qtr 4,December,1,2020,4,Chicago,16,99.96
2020-12-01 00:00:00,Art & Crafts,PlayDoh Playset,Michigan Ave,Commercial,2020,Qtr 4,December,1,2020,6,Chicago,24,149.94
2020-12-01 00:00:00,Art & Crafts,PlayDoh Playset,Millenium,Downtown,2020,Qtr 4,December,1,2020,8,Chicago,32,199.92
2020-12-01 00:00:00,Art & Crafts,PlayDoh Playset,O'Hare,Airport,2020,Qtr 4,December,1,2020,15,Chicago,60,374.84999999999997
2020-12-01 00:00:00,Art & Crafts,PlayDoh Playset,Times Square,Downtown,2020,Qtr 4,December,1,2020,6,New York,24,149.94
2020-12-01 00:00:00,Art & Crafts,PlayDoh Toolkit,Hollywood,Commercial,2020,Qtr 4,December,1,2020,16,Los Angeles,16,79.84
2020-12-01 00:00:00,Art & Crafts,PlayDoh Toolkit,JFK,Airport,2020,Qtr 4,December,1,2020,2,New York,2,9.98
2020-12-01 00:00:00,Art & Crafts,PlayDoh Toolkit,LAX,Airport,2020,Qtr 4,December,1,2020,10,Los Angeles,10,49.900000000000006
2020-12-01 00:00:00,Art & Crafts,PlayDoh Toolkit,Michigan Ave,Commercial,2020,Qtr 4,December,1,2020,29,Chicago,29,144.71
2020-12-01 00:00:00,Art & Crafts,PlayDoh Toolkit,Millenium,Downtown,2020,Qtr 4,December,1,2020,10,Chicago,10,49.900000000000006
2020-12-01 00:00:00,Art & Crafts,PlayDoh Toolkit,O'Hare,Airport,2020,Qtr 4,December,1,2020,10,Chicago,10,49.900000000000006
2020-12-01 00:00:00,Art & Crafts,PlayDoh Toolkit,Times Square,Downtown,2020,Qtr 4,December,1,2020,7,New York,7,34.93
2020-12-01 00:00:00,Electronics,Colorbuds,Fifth Avenue,Commercial,2020,Qtr 4,December,1,2020,60,New York,480,899.4
2020-12-01 00:00:00,Electronics,Colorbuds,JFK,Airport,2020,Qtr 4,December,1,2020,47,New York,376,704.53
2020-12-01 00:00:00,Electronics,Colorbuds,LAX,Airport,2020,Qtr 4,December,1,2020,227,Los Angeles,1816,3402.73
2020-12-01 00:00:00,Electronics,Colorbuds,Lincoln Park,Residential,2020,Qtr 4,December,1,2020,50,Chicago,400,749.5
2020-12-01 00:00:00,Electronics,Colorbuds,Michigan Ave,Commercial,2020,Qtr 4,December,1,2020,164,Chicago,1312,2458.36
2020-12-01 00:00:00,Electronics,Colorbuds,Millenium,Downtown,2020,Qtr 4,December,1,2020,12,Chicago,96,179.88
2020-12-01 00:00:00,Electronics,Colorbuds,O'Hare,Airport,2020,Qtr 4,December,1,2020,233,Chicago,1864,3492.67
2020-12-01 00:00:00,Electronics,Colorbuds,Times Square,Downtown,2020,Qtr 4,December,1,2020,212,New York,1696,3177.88
2020-12-01 00:00:00,Electronics,Gamer Headset,JFK,Airport,2020,Qtr 4,December,1,2020,51,New York,305.9999999999999,1070.49
2020-12-01 00:00:00,Electronics,Gamer Headset,LAX,Airport,2020,Qtr 4,December,1,2020,121,Los Angeles,725.9999999999998,2539.79
2020-12-01 00:00:00,Electronics,Gamer Headset,Michigan Ave,Commercial,2020,Qtr 4,December,1,2020,29,Chicago,173.99999999999994,608.7099999999999
2020-12-01 00:00:00,Electronics,Gamer Headset,Millenium,Downtown,2020,Qtr 4,December,1,2020,29,Chicago,173.99999999999994,608.7099999999999
2020-12-01 00:00:00,Electronics,Gamer Headset,O'Hare,Airport,2020,Qtr 4,December,1,2020,81,Chicago,485.99999999999983,1700.1899999999998
2020-12-01 00:00:00,Electronics,Gamer Headset,Times Square,Downtown,2020,Qtr 4,December,1,2020,10,New York,59.999999999999986,209.89999999999998
2020-12-01 00:00:00,Electronics,Toy Robot,LAX,Airport,2020,Qtr 4,December,1,2020,59,Los Angeles,295,1533.4099999999999
2020-12-01 00:00:00,Electronics,Toy Robot,Michigan Ave,Commercial,2020,Qtr 4,December,1,2020,43,Chicago,215,1117.57
2020-12-01 00:00:00,Electronics,Toy Robot,Times Square,Downtown,2020,Qtr 4,December,1,2020,10,New York,50,259.9
2020-12-01 00:00:00,Games,Chutes & Ladders,JFK,Airport,2020,Qtr 4,December,1,2020,11,New York,33,142.89000000000001
2020-12-01 00:00:00,Games,Chutes & Ladders,Millenium,Downtown,2020,Qtr 4,December,1,2020,13,Chicago,39,168.87
2020-12-01 00:00:00,Games,Chutes & Ladders,Times Square,Downtown,2020,Qtr 4,December,1,2020,94,New York,282,1221.06
2020-12-01 00:00:00,Games,Classic Dominoes,JFK,Airport,2020,Qtr 4,December,1,2020,15,New York,30,149.85
2020-12-01 00:00:00,Games,Classic Dominoes,Lincoln Park,Residential,2020,Qtr 4,December,1,2020,22,Chicago,44,219.78
2020-12-01 00:00:00,Games,Classic Dominoes,Millenium,Downtown,2020,Qtr 4,December,1,2020,2,Chicago,4,19.98
2020-12-01 00:00:00,Games,Classic Dominoes,Times Square,Downtown,2020,Qtr 4,December,1,2020,10,New York,20,99.9
2020-12-01 00:00:00,Games,Deck Of Cards,Fifth Avenue,Commercial,2020,Qtr 4,December,1,2020,78,New York,234,545.22
2020-12-01 00:00:00,Games,Deck Of Cards,Hollywood,Commercial,2020,Qtr 4,December,1,2020,88,Los Angeles,264,615.12
2020-12-01 00:00:00,Games,Deck Of Cards,JFK,Airport,2020,Qtr 4,December,1,2020,76,New York,228,531.24
2020-12-01 00:00:00,Games,Deck Of Cards,LAX,Airport,2020,Qtr 4,December,1,2020,11,Los Angeles,33,76.89
2020-12-01 00:00:00,Games,Deck Of Cards,Lincoln Park,Residential,2020,Qtr 4,December,1,2020,162,Chicago,486,1132.38
2020-12-01 00:00:00,Games,Deck Of Cards,Michigan Ave,Commercial,2020,Qtr 4,December,1,2020,43,Chicago,129,300.57
2020-12-01 00:00:00,Games,Deck Of Cards,Millenium,Downtown,2020,Qtr 4,December,1,2020,209,Chicago,627,1460.91
2020-12-01 00:00:00,Games,Deck Of Cards,O'Hare,Airport,2020,Qtr 4,December,1,2020,208,Chicago,624,1453.92
2020-12-01 00:00:00,Games,Deck Of Cards,Times Square,Downtown,2020,Qtr 4,December,1,2020,60,New York,180,419.40000000000003
2020-12-01 00:00:00,Games,Glass Marbles,Hollywood,Commercial,2020,Qtr 4,December,1,2020,7,Los Angeles,35,76.93
2020-12-01 00:00:00,Games,Glass Marbles,JFK,Airport,2020,Qtr 4,December,1,2020,214,New York,1070,2351.86
2020-12-01 00:00:00,Games,Glass Marbles,LAX,Airport,2020,Qtr 4,December,1,2020,38,Los Angeles,190,417.62
2020-12-01 00:00:00,Games,Glass Marbles,Lincoln Park,Residential,2020,Qtr 4,December,1,2020,23,Chicago,115,252.77
2020-12-01 00:00:00,Games,Glass Marbles,Michigan Ave,Commercial,2020,Qtr 4,December,1,2020,9,Chicago,45,98.91
2020-12-01 00:00:00,Games,Glass Marbles,O'Hare,Airport,2020,Qtr 4,December,1,2020,233,Chicago,1165,2560.67
2020-12-01 00:00:00,Games,Glass Marbles,Times Square,Downtown,2020,Qtr 4,December,1,2020,39,New York,195,428.61
2020-12-01 00:00:00,Games,Jenga,Hollywood,Commercial,2020,Qtr 4,December,1,2020,33,Los Angeles,231,329.67
2020-12-01 00:00:00,Games,Jenga,LAX,Airport,2020,Qtr 4,December,1,2020,18,Los Angeles,126,179.82
2020-12-01 00:00:00,Games,Jenga,Lincoln Park,Residential,2020,Qtr 4,December,1,2020,4,Chicago,28,39.96
2020-12-01 00:00:00,Games,Jenga,Michigan Ave,Commercial,2020,Qtr 4,December,1,2020,42,Chicago,294,419.58
2020-12-01 00:00:00,Games,Jenga,Millenium,Downtown,2020,Qtr 4,December,1,2020,59,Chicago,413,589.41
2020-12-01 00:00:00,Games,Jenga,O'Hare,Airport,2020,Qtr 4,December,1,2020,16,Chicago,112,159.84
2020-12-01 00:00:00,Games,Jenga,Times Square,Downtown,2020,Qtr 4,December,1,2020,34,New York,238,339.66
2020-12-01 00:00:00,Games,Monopoly,Lincoln Park,Residential,2020,Qtr 4,December,1,2020,10,Chicago,59.999999999999986,199.89999999999998
2020-12-01 00:00:00,Games,Monopoly,Millenium,Downtown,2020,Qtr 4,December,1,2020,28,Chicago,167.99999999999994,559.7199999999999
2020-12-01 00:00:00,Games,Monopoly,Times Square,Downtown,2020,Qtr 4,December,1,2020,20,New York,119.99999999999997,399.79999999999995
2020-12-01 00:00:00,Games,Rubik's Cube,Hollywood,Commercial,2020,Qtr 4,December,1,2020,81,Los Angeles,162,1619.1899999999998
2020-12-01 00:00:00,Games,Rubik's Cube,JFK,Airport,2020,Qtr 4,December,1,2020,20,New York,40,399.79999999999995
2020-12-01 00:00:00,Games,Rubik's Cube,LAX,Airport,2020,Qtr 4,December,1,2020,128,Los Angeles,256,2558.72
2020-12-01 00:00:00,Games,Rubik's Cube,Lincoln Park,Residential,2020,Qtr 4,December,1,2020,27,Chicago,54,539.7299999999999
2020-12-01 00:00:00,Games,Rubik's Cube,Michigan Ave,Commercial,2020,Qtr 4,December,1,2020,90,Chicago,180,1799.1
2020-12-01 00:00:00,Games,Rubik's Cube,Millenium,Downtown,2020,Qtr 4,December,1,2020,249,Chicago,498,4977.509999999999
2020-12-01 00:00:00,Games,Rubik's Cube,O'Hare,Airport,2020,Qtr 4,December,1,2020,94,Chicago,188,1879.06
2020-12-01 00:00:00,Games,Rubik's Cube,Times Square,Downtown,2020,Qtr 4,December,1,2020,47,New York,94,939.53
2020-12-01 00:00:00,Games,Uno Card Game,JFK,Airport,2020,Qtr 4,December,1,2020,10,New York,40,79.9
2020-12-01 00:00:00,Games,Uno Card Game,Millenium,Downtown,2020,Qtr 4,December,1,2020,31,Chicago,124,247.69
2020-12-01 00:00:00,Games,Uno Card Game,Times Square,Downtown,2020,Qtr 4,December,1,2020,10,New York,40,79.9
2020-12-01 00:00:00,Sports & Outdoors,Basketball Hoop,Lincoln Park,Residential,2020,Qtr 4,December,1,2020,14,Chicago,223.99999999999997,349.85999999999996
2020-12-01 00:00:00,Sports & Outdoors,Basketball Hoop,Millenium,Downtown,2020,Qtr 4,December,1,2020,7,Chicago,111.99999999999999,174.92999999999998
2020-12-01 00:00:00,Sports & Outdoors,Basketball Hoop,Times Square,Downtown,2020,Qtr 4,December,1,2020,15,New York,239.99999999999997,374.84999999999997
2020-12-01 00:00:00,Sports & Outdoors,Dart Gun,Fifth Avenue,Commercial,2020,Qtr 4,December,1,2020,46,New York,184,735.54
2020-12-01 00:00:00,Sports & Outdoors,Dart Gun,Hollywood,Commercial,2020,Qtr 4,December,1,2020,68,Los Angeles,272,1087.32
2020-12-01 00:00:00,Sports & Outdoors,Dart Gun,JFK,Airport,2020,Qtr 4,December,1,2020,25,New York,100,399.75
2020-12-01 00:00:00,Sports & Outdoors,Dart Gun,LAX,Airport,2020,Qtr 4,December,1,2020,27,Los Angeles,108,431.73
2020-12-01 00:00:00,Sports & Outdoors,Dart Gun,Lincoln Park,Residential,2020,Qtr 4,December,1,2020,77,Chicago,308,1231.23
2020-12-01 00:00:00,Sports & Outdoors,Dart Gun,Michigan Ave,Commercial,2020,Qtr 4,December,1,2020,189,Chicago,756,3022.11
2020-12-01 00:00:00,Sports & Outdoors,Dart Gun,Millenium,Downtown,2020,Qtr 4,December,1,2020,75,Chicago,300,1199.25
2020-12-01 00:00:00,Sports & Outdoors,Dart Gun,O'Hare,Airport,2020,Qtr 4,December,1,2020,36,Chicago,144,575.64
2020-12-01 00:00:00,Sports & Outdoors,Dart Gun,Times Square,Downtown,2020,Qtr 4,December,1,2020,12,New York,48,191.88
2020-12-01 00:00:00,Sports & Outdoors,Mini Ping Pong,Hollywood,Commercial,2020,Qtr 4,December,1,2020,70,Los Angeles,210,699.3000000000001
2020-12-01 00:00:00,Sports & Outdoors,Mini Ping Pong,LAX,Airport,2020,Qtr 4,December,1,2020,4,Los Angeles,12,39.96
2020-12-01 00:00:00,Sports & Outdoors,Mini Ping Pong,Lincoln Park,Residential,2020,Qtr 4,December,1,2020,269,Chicago,807,2687.31
2020-12-01 00:00:00,Sports & Outdoors,Mini Ping Pong,Michigan Ave,Commercial,2020,Qtr 4,December,1,2020,37,Chicago,111,369.63
2020-12-01 00:00:00,Sports & Outdoors,Mini Ping Pong,Millenium,Downtown,2020,Qtr 4,December,1,2020,130,Chicago,390,1298.7
2020-12-01 00:00:00,Sports & Outdoors,Mini Ping Pong,O'Hare,Airport,2020,Qtr 4,December,1,2020,29,Chicago,87,289.71
2020-12-01 00:00:00,Sports & Outdoors,Mini Ping Pong,Times Square,Downtown,2020,Qtr 4,December,1,2020,96,New York,288,959.04
2020-12-01 00:00:00,Sports & Outdoors,Nerf Gun,Hollywood,Commercial,2020,Qtr 4,December,1,2020,16,Los Angeles,79.99999999999997,319.84
2020-12-01 00:00:00,Sports & Outdoors,Nerf Gun,JFK,Airport,2020,Qtr 4,December,1,2020,27,New York,134.99999999999994,539.7299999999999
2020-12-01 00:00:00,Sports & Outdoors,Nerf Gun,LAX,Airport,2020,Qtr 4,December,1,2020,108,Los Angeles,539.9999999999998,2158.9199999999996
2020-12-01 00:00:00,Sports & Outdoors,Nerf Gun,Lincoln Park,Residential,2020,Qtr 4,December,1,2020,62,Chicago,309.9999999999999,1239.3799999999999
2020-12-01 00:00:00,Sports & Outdoors,Nerf Gun,Michigan Ave,Commercial,2020,Qtr 4,December,1,2020,40,Chicago,199.99999999999994,799.5999999999999
2020-12-01 00:00:00,Sports & Outdoors,Nerf Gun,Millenium,Downtown,2020,Qtr 4,December,1,2020,37,Chicago,184.99999999999994,739.63
2020-12-01 00:00:00,Sports & Outdoors,Nerf Gun,O'Hare,Airport,2020,Qtr 4,December,1,2020,70,Chicago,349.9999999999999,1399.3
2020-12-01 00:00:00,Sports & Outdoors,Nerf Gun,Times Square,Downtown,2020,Qtr 4,December,1,2020,56,New York,279.9999999999999,1119.4399999999998
2020-12-01 00:00:00,Sports & Outdoors,Splash Balls,JFK,Airport,2020,Qtr 4,December,1,2020,31,New York,31,278.69
2020-12-01 00:00:00,Sports & Outdoors,Splash Balls,LAX,Airport,2020,Qtr 4,December,1,2020,40,Los Angeles,40,359.6
2020-12-01 00:00:00,Sports & Outdoors,Splash Balls,Michigan Ave,Commercial,2020,Qtr 4,December,1,2020,28,Chicago,28,251.72
2020-12-01 00:00:00,Sports & Outdoors,Splash Balls,Millenium,Downtown,2020,Qtr 4,December,1,2020,9,Chicago,9,80.91
2020-12-01 00:00:00,Sports & Outdoors,Splash Balls,O'Hare,Airport,2020,Qtr 4,December,1,2020,127,Chicago,127,1141.73
2020-12-01 00:00:00,Sports & Outdoors,Splash Balls,Times Square,Downtown,2020,Qtr 4,December,1,2020,47,New York,47,422.53000000000003
2020-12-01 00:00:00,Sports & Outdoors,Water Gun,Michigan Ave,Commercial,2020,Qtr 4,December,1,2020,10,Chicago,30,149.9
2020-12-01 00:00:00,Sports & Outdoors,Water Gun,Millenium,Downtown,2020,Qtr 4,December,1,2020,5,Chicago,15,74.95
2020-12-01 00:00:00,Sports & Outdoors,Water Gun,O'Hare,Airport,2020,Qtr 4,December,1,2020,19,Chicago,57,284.81
2020-12-01 00:00:00,Toys,Action Figure,Beverly Hills,Residential,2020,Qtr 4,December,1,2020,39,Los Angeles,234,623.61
2020-12-01 00:00:00,Toys,Action Figure,Fifth Avenue,Commercial,2020,Qtr 4,December,1,2020,117,New York,702,1870.83
2020-12-01 00:00:00,Toys,Action Figure,JFK,Airport,2020,Qtr 4,December,1,2020,68,New York,408,1087.32
2020-12-01 00:00:00,Toys,Action Figure,LAX,Airport,2020,Qtr 4,December,1,2020,45,Los Angeles,270,719.55
2020-12-01 00:00:00,Toys,Action Figure,Lincoln Park,Residential,2020,Qtr 4,December,1,2020,56,Chicago,336,895.44
2020-12-01 00:00:00,Toys,Action Figure,Michigan Ave,Commercial,2020,Qtr 4,December,1,2020,34,Chicago,204,543.66
2020-12-01 00:00:00,Toys,Action Figure,Millenium,Downtown,2020,Qtr 4,December,1,2020,128,Chicago,768,2046.72
2020-12-01 00:00:00,Toys,Action Figure,O'Hare,Airport,2020,Qtr 4,December,1,2020,41,Chicago,246,655.59
2020-12-01 00:00:00,Toys,Action Figure,Times Square,Downtown,2020,Qtr 4,December,1,2020,93,New York,558,1487.07
2020-12-01 00:00:00,Toys,Animal Figures,Fifth Avenue,Commercial,2020,Qtr 4,December,1,2020,65,New York,195,844.35
2020-12-01 00:00:00,Toys,Animal Figures,JFK,Airport,2020,Qtr 4,December,1,2020,46,New York,138,597.54
2020-12-01 00:00:00,Toys,Animal Figures,LAX,Airport,2020,Qtr 4,December,1,2020,28,Los Angeles,84,363.72
2020-12-01 00:00:00,Toys,Animal Figures,Lincoln Park,Residential,2020,Qtr 4,December,1,2020,30,Chicago,90,389.7
2020-12-01 00:00:00,Toys,Animal Figures,Michigan Ave,Commercial,2020,Qtr 4,December,1,2020,57,Chicago,171,740.4300000000001
2020-12-01 00:00:00,Toys,Animal Figures,Millenium,Downtown,2020,Qtr 4,December,1,2020,45,Chicago,135,584.55
2020-12-01 00:00:00,Toys,Animal Figures,O'Hare,Airport,2020,Qtr 4,December,1,2020,39,Chicago,117,506.61
2020-12-01 00:00:00,Toys,Animal Figures,Times Square,Downtown,2020,Qtr 4,December,1,2020,45,New York,135,584.55
2020-12-01 00:00:00,Toys,Dino Egg,JFK,Airport,2020,Qtr 4,December,1,2020,9,New York,9,98.91
2020-12-01 00:00:00,Toys,Dino Egg,LAX,Airport,2020,Qtr 4,December,1,2020,25,Los Angeles,25,274.75
2020-12-01 00:00:00,Toys,Dino Egg,Lincoln Park,Residential,2020,Qtr 4,December,1,2020,16,Chicago,16,175.84
2020-12-01 00:00:00,Toys,Dino Egg,Millenium,Downtown,2020,Qtr 4,December,1,2020,30,Chicago,30,329.7
2020-12-01 00:00:00,Toys,Dinosaur Figures,Fifth Avenue,Commercial,2020,Qtr 4,December,1,2020,26,New York,104,389.74
2020-12-01 00:00:00,Toys,Dinosaur Figures,Hollywood,Commercial,2020,Qtr 4,December,1,2020,37,Los Angeles,148,554.63
2020-12-01 00:00:00,Toys,Dinosaur Figures,JFK,Airport,2020,Qtr 4,December,1,2020,11,New York,44,164.89000000000001
2020-12-01 00:00:00,Toys,Dinosaur Figures,LAX,Airport,2020,Qtr 4,December,1,2020,59,Los Angeles,236,884.41
2020-12-01 00:00:00,Toys,Dinosaur Figures,Lincoln Park,Residential,2020,Qtr 4,December,1,2020,48,Chicago,192,719.52
2020-12-01 00:00:00,Toys,Dinosaur Figures,Michigan Ave,Commercial,2020,Qtr 4,December,1,2020,69,Chicago,276,1034.31
2020-12-01 00:00:00,Toys,Dinosaur Figures,Times Square,Downtown,2020,Qtr 4,December,1,2020,76,New York,304,1139.24
2020-12-01 00:00:00,Toys,Hot Wheels Pack,Hollywood,Commercial,2020,Qtr 4,December,1,2020,65,Los Angeles,130,389.35
2020-12-01 00:00:00,Toys,Hot Wheels Pack,JFK,Airport,2020,Qtr 4,December,1,2020,9,New York,18,53.910000000000004
2020-12-01 00:00:00,Toys,Hot Wheels Pack,LAX,Airport,2020,Qtr 4,December,1,2020,73,Los Angeles,146,437.27000000000004
2020-12-01 00:00:00,Toys,Hot Wheels Pack,Lincoln Park,Residential,2020,Qtr 4,December,1,2020,9,Chicago,18,53.910000000000004
2020-12-01 00:00:00,Toys,Hot Wheels Pack,Michigan Ave,Commercial,2020,Qtr 4,December,1,2020,28,Chicago,56,167.72
2020-12-01 00:00:00,Toys,Hot Wheels Pack,Millenium,Downtown,2020,Qtr 4,December,1,2020,4,Chicago,8,23.96
2020-12-01 00:00:00,Toys,Hot Wheels Pack,O'Hare,Airport,2020,Qtr 4,December,1,2020,3,Chicago,6,17.97
2020-12-01 00:00:00,Toys,Hot Wheels Pack,Times Square,Downtown,2020,Qtr 4,December,1,2020,46,New York,92,275.54
2020-12-01 00:00:00,Toys,Lego Bricks,Hollywood,Commercial,2020,Qtr 4,December,1,2020,84,Los Angeles,420,3359.1600000000003
2020-12-01 00:00:00,Toys,Lego Bricks,JFK,Airport,2020,Qtr 4,December,1,2020,8,New York,40,319.92
2020-12-01 00:00:00,Toys,Lego Bricks,LAX,Airport,2020,Qtr 4,December,1,2020,118,Los Angeles,590,4718.820000000001
2020-12-01 00:00:00,Toys,Lego Bricks,Lincoln Park,Residential,2020,Qtr 4,December,1,2020,63,Chicago,315,2519.3700000000003
2020-12-01 00:00:00,Toys,Lego Bricks,Michigan Ave,Commercial,2020,Qtr 4,December,1,2020,56,Chicago,280,2239.44
2020-12-01 00:00:00,Toys,Lego Bricks,Millenium,Downtown,2020,Qtr 4,December,1,2020,104,Chicago,520,4158.96
2020-12-01 00:00:00,Toys,Lego Bricks,O'Hare,Airport,2020,Qtr 4,December,1,2020,173,Chicago,865,6918.27
2020-12-01 00:00:00,Toys,Lego Bricks,Times Square,Downtown,2020,Qtr 4,December,1,2020,72,New York,360,2879.28
2020-12-01 00:00:00,Toys,Mr. Potatohead,JFK,Airport,2020,Qtr 4,December,1,2020,13,New York,65,129.87
2020-12-01 00:00:00,Toys,Mr. Potatohead,LAX,Airport,2020,Qtr 4,December,1,2020,130,Los Angeles,650,1298.7
2020-12-01 00:00:00,Toys,Mr. Potatohead,Lincoln Park,Residential,2020,Qtr 4,December,1,2020,50,Chicago,250,499.5
2020-12-01 00:00:00,Toys,Mr. Potatohead,Michigan Ave,Commercial,2020,Qtr 4,December,1,2020,35,Chicago,175,349.65000000000003
2020-12-01 00:00:00,Toys,Mr. Potatohead,Millenium,Downtown,2020,Qtr 4,December,1,2020,23,Chicago,115,229.77
2020-12-01 00:00:00,Toys,Mr. Potatohead,O'Hare,Airport,2020,Qtr 4,December,1,2020,40,Chicago,200,399.6
2020-12-01 00:00:00,Toys,Mr. Potatohead,Times Square,Downtown,2020,Qtr 4,December,1,2020,34,New York,170,339.66
2020-12-01 00:00:00,Toys,Plush Pony,LAX,Airport,2020,Qtr 4,December,1,2020,53,Los Angeles,582.9999999999999,1059.47
2020-12-01 00:00:00,Toys,Plush Pony,Michigan Ave,Commercial,2020,Qtr 4,December,1,2020,32,Chicago,351.99999999999994,639.68
2020-12-01 00:00:00,Toys,Plush Pony,O'Hare,Airport,2020,Qtr 4,December,1,2020,16,Chicago,175.99999999999997,319.84
2020-12-01 00:00:00,Toys,Plush Pony,Times Square,Downtown,2020,Qtr 4,December,1,2020,4,New York,43.99999999999999,79.96
2020-12-01 00:00:00,Toys,Teddy Bear,Hollywood,Commercial,2020,Qtr 4,December,1,2020,9,Los Angeles,18,116.91
2020-12-01 00:00:00,Toys,Teddy Bear,LAX,Airport,2020,Qtr 4,December,1,2020,13,Los Angeles,26,168.87
2020-12-01 00:00:00,Toys,Teddy Bear,Millenium,Downtown,2020,Qtr 4,December,1,2020,9,Chicago,18,116.91
2020-12-01 00:00:00,Toys,Teddy Bear,O'Hare,Airport,2020,Qtr 4,December,1,2020,7,Chicago,14,90.93
2020-12-02 00:00:00,Toys,Animal Figures,Beverly Hills,Residential,2020,Qtr 4,December,2,2020,71,Los Angeles,213,922.29
2020-12-03 00:00:00,Art & Crafts,Barrel O' Slime,Beverly Hills,Residential,2020,Qtr 4,December,3,2020,143,Los Angeles,286,570.57
2020-12-03 00:00:00,Art & Crafts,Etch A Sketch,Fifth Avenue,Commercial,2020,Qtr 4,December,3,2020,28,New York,279.99999999999994,587.7199999999999
2020-12-03 00:00:00,Toys,Hot Wheels Pack,Fifth Avenue,Commercial,2020,Qtr 4,December,3,2020,42,New York,84,251.58
2020-12-03 00:00:00,Toys,Lego Bricks,Fifth Avenue,Commercial,2020,Qtr 4,December,3,2020,56,New York,280,2239.44
2020-12-03 00:00:00,Toys,Mr. Potatohead,Fifth Avenue,Commercial,2020,Qtr 4,December,3,2020,6,New York,30,59.94
2020-12-04 00:00:00,Art & Crafts,Kids Makeup Kit,Fifth Avenue,Commercial,2020,Qtr 4,December,4,2020,23,New York,137.99999999999997,459.77
2020-12-04 00:00:00,Art & Crafts,Magic Sand,Fifth Avenue,Commercial,2020,Qtr 4,December,4,2020,126,New York,252,2014.74
2020-12-04 00:00:00,Games,Chutes & Ladders,Beverly Hills,Residential,2020,Qtr 4,December,4,2020,8,Los Angeles,24,103.92
2020-12-04 00:00:00,Games,Glass Marbles,Fifth Avenue,Commercial,2020,Qtr 4,December,4,2020,16,New York,80,175.84
2020-12-04 00:00:00,Sports & Outdoors,Nerf Gun,Fifth Avenue,Commercial,2020,Qtr 4,December,4,2020,21,New York,104.99999999999996,419.78999999999996
2020-12-05 00:00:00,Games,Classic Dominoes,Beverly Hills,Residential,2020,Qtr 4,December,5,2020,19,Los Angeles,38,189.81
2020-12-06 00:00:00,Sports & Outdoors,Dart Gun,Beverly Hills,Residential,2020,Qtr 4,December,6,2020,39,Los Angeles,156,623.61
2020-12-07 00:00:00,Games,Deck Of Cards,Beverly Hills,Residential,2020,Qtr 4,December,7,2020,108,Los Angeles,324,754.9200000000001
2020-12-08 00:00:00,Toys,Dinosaur Figures,Beverly Hills,Residential,2020,Qtr 4,December,8,2020,27,Los Angeles,108,404.73
2020-12-09 00:00:00,Art & Crafts,Etch A Sketch,Beverly Hills,Residential,2020,Qtr 4,December,9,2020,49,Los Angeles,489.9999999999999,1028.51
2020-12-10 00:00:00,Games,Glass Marbles,Beverly Hills,Residential,2020,Qtr 4,December,10,2020,10,Los Angeles,50,109.9
2020-12-11 00:00:00,Art & Crafts,PlayDoh Playset,Fifth Avenue,Commercial,2020,Qtr 4,December,11,2020,19,New York,76,474.80999999999995
2020-12-11 00:00:00,Games,Rubik's Cube,Fifth Avenue,Commercial,2020,Qtr 4,December,11,2020,57,New York,114,1139.4299999999998
2020-12-11 00:00:00,Toys,Hot Wheels Pack,Beverly Hills,Residential,2020,Qtr 4,December,11,2020,16,Los Angeles,32,95.84
2020-12-11 00:00:00,Toys,Teddy Bear,Fifth Avenue,Commercial,2020,Qtr 4,December,11,2020,51,New York,102,662.49
2020-12-12 00:00:00,Games,Jenga,Beverly Hills,Residential,2020,Qtr 4,December,12,2020,27,Los Angeles,189,269.73
2020-12-13 00:00:00,Art & Crafts,Kids Makeup Kit,Beverly Hills,Residential,2020,Qtr 4,December,13,2020,69,Los Angeles,413.9999999999999,1379.31
2020-12-14 00:00:00,Toys,Lego Bricks,Beverly Hills,Residential,2020,Qtr 4,December,14,2020,39,Los Angeles,195,1559.6100000000001
2020-12-15 00:00:00,Art & Crafts,Magic Sand,Beverly Hills,Residential,2020,Qtr 4,December,15,2020,147,Los Angeles,294,2350.53
2020-12-16 00:00:00,Sports & Outdoors,Basketball Hoop,Beverly Hills,Residential,2020,Qtr 4,December,16,2020,20,Los Angeles,319.99999999999994,499.79999999999995
2020-12-17 00:00:00,Sports & Outdoors,Mini Ping Pong,Beverly Hills,Residential,2020,Qtr 4,December,17,2020,74,Los Angeles,222,739.26
2020-12-18 00:00:00,Games,Monopoly,Beverly Hills,Residential,2020,Qtr 4,December,18,2020,7,Los Angeles,41.999999999999986,139.92999999999998
2020-12-19 00:00:00,Toys,Mr. Potatohead,Beverly Hills,Residential,2020,Qtr 4,December,19,2020,23,Los Angeles,115,229.77
2020-12-20 00:00:00,Art & Crafts,PlayDoh Can,Fifth Avenue,Commercial,2020,Qtr 4,December,20,2020,120,New York,120.00000000000003,358.8
2020-12-20 00:00:00,Sports & Outdoors,Nerf Gun,Beverly Hills,Residential,2020,Qtr 4,December,20,2020,43,Los Angeles,214.99999999999991,859.5699999999999
2020-12-20 00:00:00,Sports & Outdoors,Water Gun,Fifth Avenue,Commercial,2020,Qtr 4,December,20,2020,25,New York,75,374.75
2020-12-20 00:00:00,Toys,Plush Pony,Fifth Avenue,Commercial,2020,Qtr 4,December,20,2020,15,New York,164.99999999999997,299.84999999999997
2020-12-21 00:00:00,Art & Crafts,PlayDoh Can,Beverly Hills,Residential,2020,Qtr 4,December,21,2020,70,Los Angeles,70.00000000000001,209.3
2020-12-22 00:00:00,Art & Crafts,PlayDoh Playset,Beverly Hills,Residential,2020,Qtr 4,December,22,2020,7,Los Angeles,28,174.92999999999998
2020-12-23 00:00:00,Art & Crafts,PlayDoh Toolkit,Beverly Hills,Residential,2020,Qtr 4,December,23,2020,45,Los Angeles,45,224.55
2020-12-23 00:00:00,Art & Crafts,PlayDoh Toolkit,Fifth Avenue,Commercial,2020,Qtr 4,December,23,2020,57,New York,57,284.43
2020-12-23 00:00:00,Electronics,Toy Robot,Fifth Avenue,Commercial,2020,Qtr 4,December,23,2020,49,New York,245,1273.51
2020-12-23 00:00:00,Sports & Outdoors,Splash Balls,Fifth Avenue,Commercial,2020,Qtr 4,December,23,2020,57,New York,57,512.4300000000001
2020-12-24 00:00:00,Games,Rubik's Cube,Beverly Hills,Residential,2020,Qtr 4,December,24,2020,162,Los Angeles,324,3238.3799999999997
2020-12-25 00:00:00,Sports & Outdoors,Splash Balls,Beverly Hills,Residential,2020,Qtr 4,December,25,2020,27,Los Angeles,27,242.73000000000002
2020-12-26 00:00:00,Toys,Teddy Bear,Beverly Hills,Residential,2020,Qtr 4,December,26,2020,9,Los Angeles,18,116.91
2020-12-27 00:00:00,Electronics,Toy Robot,Beverly Hills,Residential,2020,Qtr 4,December,27,2020,6,Los Angeles,30,155.94
2020-12-28 00:00:00,Toys,Action Figure,Hollywood,Commercial,2020,Qtr 4,December,28,2020,15,Los Angeles,90,239.85
2020-12-29 00:00:00,Toys,Animal Figures,Hollywood,Commercial,2020,Qtr 4,December,29,2020,27,Los Angeles,81,350.73
2020-12-30 00:00:00,Art & Crafts,Barrel O' Slime,Hollywood,Commercial,2020,Qtr 4,December,30,2020,208,Los Angeles,416,829.9200000000001
2020-12-31 00:00:00,Electronics,Colorbuds,Hollywood,Commercial,2020,Qtr 4,December,31,2020,58,Los Angeles,464,869.42
2021-01-01 00:00:00,Art & Crafts,Barrel O' Slime,Fifth Avenue,Commercial,2021,Qtr 1,January,1,2021,22,New York,44,87.78
2021-01-01 00:00:00,Art & Crafts,Barrel O' Slime,JFK,Airport,2021,Qtr 1,January,1,2021,132,New York,264,526.6800000000001
2021-01-01 00:00:00,Art & Crafts,Barrel O' Slime,LAX,Airport,2021,Qtr 1,January,1,2021,69,Los Angeles,138,275.31
2021-01-01 00:00:00,Art & Crafts,Barrel O' Slime,Lincoln Park,Residential,2021,Qtr 1,January,1,2021,296,Chicago,592,1181.04
2021-01-01 00:00:00,Art & Crafts,Barrel O' Slime,Michigan Ave,Commercial,2021,Qtr 1,January,1,2021,47,Chicago,94,187.53
2021-01-01 00:00:00,Art & Crafts,Barrel O' Slime,O'Hare,Airport,2021,Qtr 1,January,1,2021,139,Chicago,278,554.61
2021-01-01 00:00:00,Art & Crafts,Etch A Sketch,Fifth Avenue,Commercial,2021,Qtr 1,January,1,2021,12,New York,119.99999999999997,251.88
2021-01-01 00:00:00,Art & Crafts,Etch A Sketch,JFK,Airport,2021,Qtr 1,January,1,2021,27,New York,269.99999999999994,566.7299999999999
2021-01-01 00:00:00,Art & Crafts,Etch A Sketch,LAX,Airport,2021,Qtr 1,January,1,2021,54,Los Angeles,539.9999999999999,1133.4599999999998
2021-01-01 00:00:00,Art & Crafts,Etch A Sketch,Lincoln Park,Residential,2021,Qtr 1,January,1,2021,8,Chicago,79.99999999999999,167.92
2021-01-01 00:00:00,Art & Crafts,Etch A Sketch,Michigan Ave,Commercial,2021,Qtr 1,January,1,2021,53,Chicago,529.9999999999999,1112.47
2021-01-01 00:00:00,Art & Crafts,Etch A Sketch,O'Hare,Airport,2021,Qtr 1,January,1,2021,83,Chicago,829.9999999999999,1742.1699999999998
2021-01-01 00:00:00,Art & Crafts,Kids Makeup Kit,Fifth Avenue,Commercial,2021,Qtr 1,January,1,2021,49,New York,293.9999999999999,979.5099999999999
2021-01-01 00:00:00,Art & Crafts,Kids Makeup Kit,JFK,Airport,2021,Qtr 1,January,1,2021,4,New York,23.999999999999993,79.96
2021-01-01 00:00:00,Art & Crafts,Kids Makeup Kit,LAX,Airport,2021,Qtr 1,January,1,2021,57,Los Angeles,341.9999999999999,1139.4299999999998
2021-01-01 00:00:00,Art & Crafts,Kids Makeup Kit,Lincoln Park,Residential,2021,Qtr 1,January,1,2021,32,Chicago,191.99999999999994,639.68
2021-01-01 00:00:00,Art & Crafts,Kids Makeup Kit,O'Hare,Airport,2021,Qtr 1,January,1,2021,30,Chicago,179.99999999999994,599.6999999999999
2021-01-01 00:00:00,Art & Crafts,Kids Makeup Kit,Times Square,Downtown,2021,Qtr 1,January,1,2021,15,New York,89.99999999999997,299.84999999999997
2021-01-01 00:00:00,Art & Crafts,Magic Sand,Fifth Avenue,Commercial,2021,Qtr 1,January,1,2021,43,New York,86,687.57
2021-01-01 00:00:00,Art & Crafts,Magic Sand,JFK,Airport,2021,Qtr 1,January,1,2021,72,New York,144,1151.28
2021-01-01 00:00:00,Art & Crafts,Magic Sand,LAX,Airport,2021,Qtr 1,January,1,2021,38,Los Angeles,76,607.62
2021-01-01 00:00:00,Art & Crafts,Magic Sand,Michigan Ave,Commercial,2021,Qtr 1,January,1,2021,84,Chicago,168,1343.16
2021-01-01 00:00:00,Art & Crafts,Magic Sand,O'Hare,Airport,2021,Qtr 1,January,1,2021,214,Chicago,428,3421.86
2021-01-01 00:00:00,Art & Crafts,PlayDoh Can,Fifth Avenue,Commercial,2021,Qtr 1,January,1,2021,16,New York,16.000000000000004,47.84
2021-01-01 00:00:00,Art & Crafts,PlayDoh Can,JFK,Airport,2021,Qtr 1,January,1,2021,41,New York,41.00000000000001,122.59
2021-01-01 00:00:00,Art & Crafts,PlayDoh Can,LAX,Airport,2021,Qtr 1,January,1,2021,161,Los Angeles,161.00000000000003,481.39000000000004
2021-01-01 00:00:00,Art & Crafts,PlayDoh Can,Lincoln Park,Residential,2021,Qtr 1,January,1,2021,113,Chicago,113.00000000000003,337.87
2021-01-01 00:00:00,Art & Crafts,PlayDoh Can,Michigan Ave,Commercial,2021,Qtr 1,January,1,2021,34,Chicago,34.00000000000001,101.66000000000001
2021-01-01 00:00:00,Art & Crafts,PlayDoh Can,Millenium,Downtown,2021,Qtr 1,January,1,2021,67,Chicago,67.00000000000001,200.33
2021-01-01 00:00:00,Art & Crafts,PlayDoh Can,O'Hare,Airport,2021,Qtr 1,January,1,2021,137,Chicago,137.00000000000003,409.63000000000005
2021-01-01 00:00:00,Art & Crafts,PlayDoh Playset,Fifth Avenue,Commercial,2021,Qtr 1,January,1,2021,10,New York,40,249.89999999999998
2021-01-01 00:00:00,Art & Crafts,PlayDoh Playset,LAX,Airport,2021,Qtr 1,January,1,2021,2,Los Angeles,8,49.98
2021-01-01 00:00:00,Art & Crafts,PlayDoh Playset,Lincoln Park,Residential,2021,Qtr 1,January,1,2021,5,Chicago,20,124.94999999999999
2021-01-01 00:00:00,Art & Crafts,PlayDoh Playset,Michigan Ave,Commercial,2021,Qtr 1,January,1,2021,6,Chicago,24,149.94
2021-01-01 00:00:00,Art & Crafts,PlayDoh Playset,O'Hare,Airport,2021,Qtr 1,January,1,2021,13,Chicago,52,324.87
2021-01-01 00:00:00,Art & Crafts,PlayDoh Toolkit,Fifth Avenue,Commercial,2021,Qtr 1,January,1,2021,6,New York,6,29.94
2021-01-01 00:00:00,Art & Crafts,PlayDoh Toolkit,LAX,Airport,2021,Qtr 1,January,1,2021,36,Los Angeles,36,179.64000000000001
2021-01-01 00:00:00,Art & Crafts,PlayDoh Toolkit,Lincoln Park,Residential,2021,Qtr 1,January,1,2021,18,Chicago,18,89.82000000000001
2021-01-01 00:00:00,Art & Crafts,PlayDoh Toolkit,Michigan Ave,Commercial,2021,Qtr 1,January,1,2021,17,Chicago,17,84.83
2021-01-01 00:00:00,Art & Crafts,PlayDoh Toolkit,Millenium,Downtown,2021,Qtr 1,January,1,2021,24,Chicago,24,119.76
2021-01-01 00:00:00,Art & Crafts,PlayDoh Toolkit,O'Hare,Airport,2021,Qtr 1,January,1,2021,56,Chicago,56,279.44
2021-01-01 00:00:00,Electronics,Colorbuds,Fifth Avenue,Commercial,2021,Qtr 1,January,1,2021,62,New York,496,929.38
2021-01-01 00:00:00,Electronics,Colorbuds,Hollywood,Commercial,2021,Qtr 1,January,1,2021,103,Los Angeles,824,1543.97
2021-01-01 00:00:00,Electronics,Colorbuds,JFK,Airport,2021,Qtr 1,January,1,2021,72,New York,576,1079.28
2021-01-01 00:00:00,Electronics,Colorbuds,LAX,Airport,2021,Qtr 1,January,1,2021,108,Los Angeles,864,1618.92
2021-01-01 00:00:00,Electronics,Colorbuds,Lincoln Park,Residential,2021,Qtr 1,January,1,2021,105,Chicago,840,1573.95
2021-01-01 00:00:00,Electronics,Colorbuds,Michigan Ave,Commercial,2021,Qtr 1,January,1,2021,135,Chicago,1080,2023.65
2021-01-01 00:00:00,Electronics,Colorbuds,O'Hare,Airport,2021,Qtr 1,January,1,2021,330,Chicago,2640,4946.7
2021-01-01 00:00:00,Electronics,Gamer Headset,Fifth Avenue,Commercial,2021,Qtr 1,January,1,2021,5,New York,29.999999999999993,104.94999999999999
2021-01-01 00:00:00,Electronics,Gamer Headset,JFK,Airport,2021,Qtr 1,January,1,2021,24,New York,143.99999999999994,503.76
2021-01-01 00:00:00,Electronics,Gamer Headset,LAX,Airport,2021,Qtr 1,January,1,2021,35,Los Angeles,209.99999999999994,734.65
2021-01-01 00:00:00,Electronics,Gamer Headset,Lincoln Park,Residential,2021,Qtr 1,January,1,2021,39,Chicago,233.99999999999994,818.6099999999999
2021-01-01 00:00:00,Electronics,Gamer Headset,Michigan Ave,Commercial,2021,Qtr 1,January,1,2021,20,Chicago,119.99999999999997,419.79999999999995
2021-01-01 00:00:00,Electronics,Gamer Headset,O'Hare,Airport,2021,Qtr 1,January,1,2021,77,Chicago,461.9999999999999,1616.2299999999998
2021-01-01 00:00:00,Electronics,Toy Robot,Fifth Avenue,Commercial,2021,Qtr 1,January,1,2021,30,New York,150,779.6999999999999
2021-01-01 00:00:00,Electronics,Toy Robot,LAX,Airport,2021,Qtr 1,January,1,2021,36,Los Angeles,180,935.64
2021-01-01 00:00:00,Electronics,Toy Robot,Lincoln Park,Residential,2021,Qtr 1,January,1,2021,12,Chicago,60,311.88
2021-01-01 00:00:00,Electronics,Toy Robot,Millenium,Downtown,2021,Qtr 1,January,1,2021,11,Chicago,55,285.89
2021-01-01 00:00:00,Electronics,Toy Robot,O'Hare,Airport,2021,Qtr 1,January,1,2021,22,Chicago,110,571.78
2021-01-01 00:00:00,Games,Chutes & Ladders,JFK,Airport,2021,Qtr 1,January,1,2021,34,New York,102,441.66
2021-01-01 00:00:00,Games,Chutes & Ladders,Lincoln Park,Residential,2021,Qtr 1,January,1,2021,6,Chicago,18,77.94
2021-01-01 00:00:00,Games,Classic Dominoes,JFK,Airport,2021,Qtr 1,January,1,2021,53,New York,106,529.47
2021-01-01 00:00:00,Games,Deck Of Cards,Fifth Avenue,Commercial,2021,Qtr 1,January,1,2021,47,New York,141,328.53000000000003
2021-01-01 00:00:00,Games,Deck Of Cards,JFK,Airport,2021,Qtr 1,January,1,2021,175,New York,525,1223.25
2021-01-01 00:00:00,Games,Deck Of Cards,Lincoln Park,Residential,2021,Qtr 1,January,1,2021,77,Chicago,231,538.23
2021-01-01 00:00:00,Games,Deck Of Cards,Michigan Ave,Commercial,2021,Qtr 1,January,1,2021,30,Chicago,90,209.70000000000002
2021-01-01 00:00:00,Games,Deck Of Cards,O'Hare,Airport,2021,Qtr 1,January,1,2021,353,Chicago,1059,2467.4700000000003
2021-01-01 00:00:00,Games,Glass Marbles,JFK,Airport,2021,Qtr 1,January,1,2021,55,New York,275,604.45
2021-01-01 00:00:00,Games,Glass Marbles,LAX,Airport,2021,Qtr 1,January,1,2021,35,Los Angeles,175,384.65000000000003
2021-01-01 00:00:00,Games,Glass Marbles,Lincoln Park,Residential,2021,Qtr 1,January,1,2021,41,Chicago,205,450.59000000000003
2021-01-01 00:00:00,Games,Glass Marbles,O'Hare,Airport,2021,Qtr 1,January,1,2021,182,Chicago,910,2000.18
2021-01-01 00:00:00,Games,Jenga,JFK,Airport,2021,Qtr 1,January,1,2021,43,New York,301,429.57
2021-01-01 00:00:00,Games,Jenga,LAX,Airport,2021,Qtr 1,January,1,2021,25,Los Angeles,175,249.75
2021-01-01 00:00:00,Games,Jenga,Lincoln Park,Residential,2021,Qtr 1,January,1,2021,9,Chicago,63,89.91
2021-01-01 00:00:00,Games,Jenga,O'Hare,Airport,2021,Qtr 1,January,1,2021,2,Chicago,14,19.98
2021-01-01 00:00:00,Games,Monopoly,Lincoln Park,Residential,2021,Qtr 1,January,1,2021,9,Chicago,53.999999999999986,179.91
2021-01-01 00:00:00,Games,Monopoly,Millenium,Downtown,2021,Qtr 1,January,1,2021,27,Chicago,161.99999999999994,539.7299999999999
2021-01-01 00:00:00,Games,Rubik's Cube,Fifth Avenue,Commercial,2021,Qtr 1,January,1,2021,26,New York,52,519.74
2021-01-01 00:00:00,Games,Rubik's Cube,LAX,Airport,2021,Qtr 1,January,1,2021,194,Los Angeles,388,3878.0599999999995
2021-01-01 00:00:00,Games,Rubik's Cube,Lincoln Park,Residential,2021,Qtr 1,January,1,2021,42,Chicago,84,839.5799999999999
2021-01-01 00:00:00,Games,Rubik's Cube,Michigan Ave,Commercial,2021,Qtr 1,January,1,2021,56,Chicago,112,1119.4399999999998
2021-01-01 00:00:00,Games,Rubik's Cube,Millenium,Downtown,2021,Qtr 1,January,1,2021,145,Chicago,290,2898.5499999999997
2021-01-01 00:00:00,Games,Rubik's Cube,O'Hare,Airport,2021,Qtr 1,January,1,2021,56,Chicago,112,1119.4399999999998
2021-01-01 00:00:00,Games,Uno Card Game,Lincoln Park,Residential,2021,Qtr 1,January,1,2021,27,Chicago,108,215.73000000000002
2021-01-01 00:00:00,Sports & Outdoors,Dart Gun,JFK,Airport,2021,Qtr 1,January,1,2021,3,New York,12,47.97
2021-01-01 00:00:00,Sports & Outdoors,Dart Gun,LAX,Airport,2021,Qtr 1,January,1,2021,37,Los Angeles,148,591.63
2021-01-01 00:00:00,Sports & Outdoors,Dart Gun,Lincoln Park,Residential,2021,Qtr 1,January,1,2021,44,Chicago,176,703.5600000000001
2021-01-01 00:00:00,Sports & Outdoors,Dart Gun,Michigan Ave,Commercial,2021,Qtr 1,January,1,2021,81,Chicago,324,1295.19
2021-01-01 00:00:00,Sports & Outdoors,Dart Gun,O'Hare,Airport,2021,Qtr 1,January,1,2021,37,Chicago,148,591.63
2021-01-01 00:00:00,Sports & Outdoors,Mini Ping Pong,Fifth Avenue,Commercial,2021,Qtr 1,January,1,2021,17,New York,51,169.83
2021-01-01 00:00:00,Sports & Outdoors,Mini Ping Pong,LAX,Airport,2021,Qtr 1,January,1,2021,10,Los Angeles,30,99.9
2021-01-01 00:00:00,Sports & Outdoors,Mini Ping Pong,Lincoln Park,Residential,2021,Qtr 1,January,1,2021,183,Chicago,549,1828.17
2021-01-01 00:00:00,Sports & Outdoors,Mini Ping Pong,Michigan Ave,Commercial,2021,Qtr 1,January,1,2021,30,Chicago,90,299.7
2021-01-01 00:00:00,Sports & Outdoors,Mini Ping Pong,O'Hare,Airport,2021,Qtr 1,January,1,2021,16,Chicago,48,159.84
2021-01-01 00:00:00,Sports & Outdoors,Nerf Gun,Fifth Avenue,Commercial,2021,Qtr 1,January,1,2021,18,New York,89.99999999999997,359.82
2021-01-01 00:00:00,Sports & Outdoors,Nerf Gun,JFK,Airport,2021,Qtr 1,January,1,2021,23,New York,114.99999999999996,459.77
2021-01-01 00:00:00,Sports & Outdoors,Nerf Gun,LAX,Airport,2021,Qtr 1,January,1,2021,113,Los Angeles,564.9999999999998,2258.87
2021-01-01 00:00:00,Sports & Outdoors,Nerf Gun,Lincoln Park,Residential,2021,Qtr 1,January,1,2021,61,Chicago,304.9999999999999,1219.3899999999999
2021-01-01 00:00:00,Sports & Outdoors,Nerf Gun,Michigan Ave,Commercial,2021,Qtr 1,January,1,2021,30,Chicago,149.99999999999994,599.6999999999999
2021-01-01 00:00:00,Sports & Outdoors,Nerf Gun,Millenium,Downtown,2021,Qtr 1,January,1,2021,62,Chicago,309.9999999999999,1239.3799999999999
2021-01-01 00:00:00,Sports & Outdoors,Nerf Gun,O'Hare,Airport,2021,Qtr 1,January,1,2021,74,Chicago,369.9999999999999,1479.26
2021-01-01 00:00:00,Sports & Outdoors,Splash Balls,Fifth Avenue,Commercial,2021,Qtr 1,January,1,2021,32,New York,32,287.68
2021-01-01 00:00:00,Sports & Outdoors,Splash Balls,JFK,Airport,2021,Qtr 1,January,1,2021,74,New York,74,665.26
2021-01-01 00:00:00,Sports & Outdoors,Splash Balls,LAX,Airport,2021,Qtr 1,January,1,2021,28,Los Angeles,28,251.72
2021-01-01 00:00:00,Sports & Outdoors,Splash Balls,Lincoln Park,Residential,2021,Qtr 1,January,1,2021,37,Chicago,37,332.63
2021-01-01 00:00:00,Sports & Outdoors,Splash Balls,Michigan Ave,Commercial,2021,Qtr 1,January,1,2021,2,Chicago,2,17.98
2021-01-01 00:00:00,Sports & Outdoors,Splash Balls,Millenium,Downtown,2021,Qtr 1,January,1,2021,16,Chicago,16,143.84
2021-01-01 00:00:00,Sports & Outdoors,Splash Balls,O'Hare,Airport,2021,Qtr 1,January,1,2021,67,Chicago,67,602.33
2021-01-01 00:00:00,Sports & Outdoors,Water Gun,JFK,Airport,2021,Qtr 1,January,1,2021,13,New York,39,194.87
2021-01-01 00:00:00,Sports & Outdoors,Water Gun,Michigan Ave,Commercial,2021,Qtr 1,January,1,2021,3,Chicago,9,44.97
2021-01-01 00:00:00,Sports & Outdoors,Water Gun,Millenium,Downtown,2021,Qtr 1,January,1,2021,13,Chicago,39,194.87
2021-01-01 00:00:00,Sports & Outdoors,Water Gun,O'Hare,Airport,2021,Qtr 1,January,1,2021,19,Chicago,57,284.81
2021-01-01 00:00:00,Toys,Action Figure,Beverly Hills,Residential,2021,Qtr 1,January,1,2021,29,Los Angeles,174,463.71
2021-01-01 00:00:00,Toys,Action Figure,Fifth Avenue,Commercial,2021,Qtr 1,January,1,2021,107,New York,642,1710.93
2021-01-01 00:00:00,Toys,Action Figure,JFK,Airport,2021,Qtr 1,January,1,2021,44,New York,264,703.5600000000001
2021-01-01 00:00:00,Toys,Action Figure,LAX,Airport,2021,Qtr 1,January,1,2021,100,Los Angeles,600,1599
2021-01-01 00:00:00,Toys,Action Figure,Lincoln Park,Residential,2021,Qtr 1,January,1,2021,44,Chicago,264,703.5600000000001
2021-01-01 00:00:00,Toys,Action Figure,Michigan Ave,Commercial,2021,Qtr 1,January,1,2021,45,Chicago,270,719.55
2021-01-01 00:00:00,Toys,Action Figure,O'Hare,Airport,2021,Qtr 1,January,1,2021,41,Chicago,246,655.59
2021-01-01 00:00:00,Toys,Animal Figures,Fifth Avenue,Commercial,2021,Qtr 1,January,1,2021,65,New York,195,844.35
2021-01-01 00:00:00,Toys,Animal Figures,JFK,Airport,2021,Qtr 1,January,1,2021,14,New York,42,181.86
2021-01-01 00:00:00,Toys,Animal Figures,LAX,Airport,2021,Qtr 1,January,1,2021,63,Los Angeles,189,818.37
2021-01-01 00:00:00,Toys,Animal Figures,Lincoln Park,Residential,2021,Qtr 1,January,1,2021,24,Chicago,72,311.76
2021-01-01 00:00:00,Toys,Animal Figures,Michigan Ave,Commercial,2021,Qtr 1,January,1,2021,27,Chicago,81,350.73
2021-01-01 00:00:00,Toys,Animal Figures,O'Hare,Airport,2021,Qtr 1,January,1,2021,48,Chicago,144,623.52
2021-01-01 00:00:00,Toys,Dino Egg,Fifth Avenue,Commercial,2021,Qtr 1,January,1,2021,25,New York,25,274.75
2021-01-01 00:00:00,Toys,Dino Egg,JFK,Airport,2021,Qtr 1,January,1,2021,36,New York,36,395.64
2021-01-01 00:00:00,Toys,Dino Egg,LAX,Airport,2021,Qtr 1,January,1,2021,30,Los Angeles,30,329.7
2021-01-01 00:00:00,Toys,Dino Egg,Lincoln Park,Residential,2021,Qtr 1,January,1,2021,67,Chicago,67,736.33
2021-01-01 00:00:00,Toys,Dino Egg,O'Hare,Airport,2021,Qtr 1,January,1,2021,25,Chicago,25,274.75
2021-01-01 00:00:00,Toys,Dinosaur Figures,Fifth Avenue,Commercial,2021,Qtr 1,January,1,2021,6,New York,24,89.94
2021-01-01 00:00:00,Toys,Dinosaur Figures,JFK,Airport,2021,Qtr 1,January,1,2021,18,New York,72,269.82
2021-01-01 00:00:00,Toys,Dinosaur Figures,LAX,Airport,2021,Qtr 1,January,1,2021,68,Los Angeles,272,1019.32
2021-01-01 00:00:00,Toys,Dinosaur Figures,Lincoln Park,Residential,2021,Qtr 1,January,1,2021,11,Chicago,44,164.89000000000001
2021-01-01 00:00:00,Toys,Dinosaur Figures,Michigan Ave,Commercial,2021,Qtr 1,January,1,2021,17,Chicago,68,254.83
2021-01-01 00:00:00,Toys,Hot Wheels Pack,Fifth Avenue,Commercial,2021,Qtr 1,January,1,2021,15,New York,30,89.85000000000001
2021-01-01 00:00:00,Toys,Hot Wheels Pack,JFK,Airport,2021,Qtr 1,January,1,2021,23,New York,46,137.77
2021-01-01 00:00:00,Toys,Hot Wheels Pack,LAX,Airport,2021,Qtr 1,January,1,2021,38,Los Angeles,76,227.62
2021-01-01 00:00:00,Toys,Hot Wheels Pack,Lincoln Park,Residential,2021,Qtr 1,January,1,2021,17,Chicago,34,101.83
2021-01-01 00:00:00,Toys,Hot Wheels Pack,Michigan Ave,Commercial,2021,Qtr 1,January,1,2021,15,Chicago,30,89.85000000000001
2021-01-01 00:00:00,Toys,Hot Wheels Pack,O'Hare,Airport,2021,Qtr 1,January,1,2021,21,Chicago,42,125.79
2021-01-01 00:00:00,Toys,Lego Bricks,Fifth Avenue,Commercial,2021,Qtr 1,January,1,2021,108,New York,540,4318.92
2021-01-01 00:00:00,Toys,Lego Bricks,JFK,Airport,2021,Qtr 1,January,1,2021,58,New York,290,2319.42
2021-01-01 00:00:00,Toys,Lego Bricks,LAX,Airport,2021,Qtr 1,January,1,2021,49,Los Angeles,245,1959.51
2021-01-01 00:00:00,Toys,Lego Bricks,Lincoln Park,Residential,2021,Qtr 1,January,1,2021,20,Chicago,100,799.8000000000001
2021-01-01 00:00:00,Toys,Lego Bricks,Michigan Ave,Commercial,2021,Qtr 1,January,1,2021,24,Chicago,120,959.76
2021-01-01 00:00:00,Toys,Lego Bricks,O'Hare,Airport,2021,Qtr 1,January,1,2021,129,Chicago,645,5158.71
2021-01-01 00:00:00,Toys,Mr. Potatohead,Fifth Avenue,Commercial,2021,Qtr 1,January,1,2021,7,New York,35,69.93
2021-01-01 00:00:00,Toys,Mr. Potatohead,JFK,Airport,2021,Qtr 1,January,1,2021,28,New York,140,279.72
2021-01-01 00:00:00,Toys,Mr. Potatohead,LAX,Airport,2021,Qtr 1,January,1,2021,9,Los Angeles,45,89.91
2021-01-01 00:00:00,Toys,Mr. Potatohead,Lincoln Park,Residential,2021,Qtr 1,January,1,2021,12,Chicago,60,119.88
2021-01-01 00:00:00,Toys,Mr. Potatohead,Michigan Ave,Commercial,2021,Qtr 1,January,1,2021,20,Chicago,100,199.8
2021-01-01 00:00:00,Toys,Mr. Potatohead,Millenium,Downtown,2021,Qtr 1,January,1,2021,25,Chicago,125,249.75
2021-01-01 00:00:00,Toys,Mr. Potatohead,O'Hare,Airport,2021,Qtr 1,January,1,2021,27,Chicago,135,269.73
2021-01-01 00:00:00,Toys,Plush Pony,Fifth Avenue,Commercial,2021,Qtr 1,January,1,2021,4,New York,43.99999999999999,79.96
2021-01-01 00:00:00,Toys,Plush Pony,JFK,Airport,2021,Qtr 1,January,1,2021,8,New York,87.99999999999999,159.92
2021-01-01 00:00:00,Toys,Plush Pony,LAX,Airport,2021,Qtr 1,January,1,2021,27,Los Angeles,296.99999999999994,539.7299999999999
2021-01-01 00:00:00,Toys,Plush Pony,Lincoln Park,Residential,2021,Qtr 1,January,1,2021,5,Chicago,54.99999999999999,99.94999999999999
2021-01-01 00:00:00,Toys,Plush Pony,Michigan Ave,Commercial,2021,Qtr 1,January,1,2021,7,Chicago,76.99999999999999,139.92999999999998
2021-01-01 00:00:00,Toys,Plush Pony,Millenium,Downtown,2021,Qtr 1,January,1,2021,17,Chicago,186.99999999999997,339.83
2021-01-01 00:00:00,Toys,Plush Pony,O'Hare,Airport,2021,Qtr 1,January,1,2021,16,Chicago,175.99999999999997,319.84
2021-01-01 00:00:00,Toys,Teddy Bear,Fifth Avenue,Commercial,2021,Qtr 1,January,1,2021,2,New York,4,25.98
2021-01-01 00:00:00,Toys,Teddy Bear,JFK,Airport,2021,Qtr 1,January,1,2021,7,New York,14,90.93
2021-01-01 00:00:00,Toys,Teddy Bear,O'Hare,Airport,2021,Qtr 1,January,1,2021,3,Chicago,6,38.97
2021-01-02 00:00:00,Sports & Outdoors,Dart Gun,Hollywood,Commercial,2021,Qtr 1,January,2,2021,66,Los Angeles,264,1055.34
2021-01-02 00:00:00,Toys,Animal Figures,Beverly Hills,Residential,2021,Qtr 1,January,2,2021,16,Los Angeles,48,207.84
2021-01-02 00:00:00,Toys,Lego Bricks,Times Square,Downtown,2021,Qtr 1,January,2,2021,116,New York,580,4638.84
2021-01-03 00:00:00,Art & Crafts,Barrel O' Slime,Beverly Hills,Residential,2021,Qtr 1,January,3,2021,170,Los Angeles,340,678.3000000000001
2021-01-03 00:00:00,Art & Crafts,Magic Sand,Times Square,Downtown,2021,Qtr 1,January,3,2021,135,New York,270,2158.65
2021-01-03 00:00:00,Games,Deck Of Cards,Hollywood,Commercial,2021,Qtr 1,January,3,2021,81,Los Angeles,243,566.19
2021-01-04 00:00:00,Sports & Outdoors,Basketball Hoop,Times Square,Downtown,2021,Qtr 1,January,4,2021,9,New York,143.99999999999997,224.91
2021-01-04 00:00:00,Sports & Outdoors,Dart Gun,Beverly Hills,Residential,2021,Qtr 1,January,4,2021,45,Los Angeles,180,719.55
2021-01-04 00:00:00,Toys,Dino Egg,Hollywood,Commercial,2021,Qtr 1,January,4,2021,24,Los Angeles,24,263.76
2021-01-05 00:00:00,Games,Deck Of Cards,Beverly Hills,Residential,2021,Qtr 1,January,5,2021,98,Los Angeles,294,685.02
2021-01-05 00:00:00,Sports & Outdoors,Mini Ping Pong,Times Square,Downtown,2021,Qtr 1,January,5,2021,33,New York,99,329.67
2021-01-05 00:00:00,Toys,Dinosaur Figures,Hollywood,Commercial,2021,Qtr 1,January,5,2021,37,Los Angeles,148,554.63
2021-01-06 00:00:00,Art & Crafts,Etch A Sketch,Hollywood,Commercial,2021,Qtr 1,January,6,2021,35,Los Angeles,349.99999999999994,734.65
2021-01-06 00:00:00,Games,Monopoly,Times Square,Downtown,2021,Qtr 1,January,6,2021,27,New York,161.99999999999994,539.7299999999999
2021-01-06 00:00:00,Toys,Dino Egg,Beverly Hills,Residential,2021,Qtr 1,January,6,2021,24,Los Angeles,24,263.76
2021-01-07 00:00:00,Games,Jenga,Hollywood,Commercial,2021,Qtr 1,January,7,2021,24,Los Angeles,168,239.76
2021-01-07 00:00:00,Toys,Dinosaur Figures,Beverly Hills,Residential,2021,Qtr 1,January,7,2021,5,Los Angeles,20,74.95
2021-01-07 00:00:00,Toys,Mr. Potatohead,Times Square,Downtown,2021,Qtr 1,January,7,2021,69,New York,345,689.3100000000001
2021-01-08 00:00:00,Art & Crafts,Etch A Sketch,Beverly Hills,Residential,2021,Qtr 1,January,8,2021,33,Los Angeles,329.99999999999994,692.67
2021-01-08 00:00:00,Sports & Outdoors,Nerf Gun,Times Square,Downtown,2021,Qtr 1,January,8,2021,27,New York,134.99999999999994,539.7299999999999
2021-01-08 00:00:00,Toys,Lego Bricks,Hollywood,Commercial,2021,Qtr 1,January,8,2021,72,Los Angeles,360,2879.28
2021-01-09 00:00:00,Art & Crafts,Magic Sand,Hollywood,Commercial,2021,Qtr 1,January,9,2021,241,Los Angeles,482,3853.59
2021-01-09 00:00:00,Art & Crafts,PlayDoh Can,Times Square,Downtown,2021,Qtr 1,January,9,2021,108,New York,108.00000000000003,322.92
2021-01-09 00:00:00,Electronics,Gamer Headset,Beverly Hills,Residential,2021,Qtr 1,January,9,2021,9,Los Angeles,53.999999999999986,188.91
2021-01-10 00:00:00,Art & Crafts,PlayDoh Toolkit,Times Square,Downtown,2021,Qtr 1,January,10,2021,11,New York,11,54.89
2021-01-10 00:00:00,Games,Glass Marbles,Beverly Hills,Residential,2021,Qtr 1,January,10,2021,5,Los Angeles,25,54.95
2021-01-10 00:00:00,Sports & Outdoors,Nerf Gun,Hollywood,Commercial,2021,Qtr 1,January,10,2021,22,Los Angeles,109.99999999999996,439.78
2021-01-11 00:00:00,Art & Crafts,PlayDoh Can,Hollywood,Commercial,2021,Qtr 1,January,11,2021,183,Los Angeles,183.00000000000003,547.1700000000001
2021-01-11 00:00:00,Games,Rubik's Cube,Times Square,Downtown,2021,Qtr 1,January,11,2021,39,New York,78,779.6099999999999
2021-01-11 00:00:00,Toys,Hot Wheels Pack,Beverly Hills,Residential,2021,Qtr 1,January,11,2021,35,Los Angeles,70,209.65
2021-01-12 00:00:00,Art & Crafts,PlayDoh Playset,Hollywood,Commercial,2021,Qtr 1,January,12,2021,18,Los Angeles,72,449.82
2021-01-12 00:00:00,Games,Jenga,Beverly Hills,Residential,2021,Qtr 1,January,12,2021,26,Los Angeles,182,259.74
2021-01-12 00:00:00,Sports & Outdoors,Splash Balls,Times Square,Downtown,2021,Qtr 1,January,12,2021,91,New York,91,818.09
2021-01-13 00:00:00,Art & Crafts,Kids Makeup Kit,Beverly Hills,Residential,2021,Qtr 1,January,13,2021,15,Los Angeles,89.99999999999997,299.84999999999997
2021-01-13 00:00:00,Art & Crafts,PlayDoh Toolkit,Hollywood,Commercial,2021,Qtr 1,January,13,2021,8,Los Angeles,8,39.92
2021-01-13 00:00:00,Sports & Outdoors,Water Gun,Times Square,Downtown,2021,Qtr 1,January,13,2021,13,New York,39,194.87
2021-01-14 00:00:00,Games,Rubik's Cube,Hollywood,Commercial,2021,Qtr 1,January,14,2021,61,Los Angeles,122,1219.3899999999999
2021-01-14 00:00:00,Toys,Action Figure,Millenium,Downtown,2021,Qtr 1,January,14,2021,140,Chicago,840,2238.6
2021-01-14 00:00:00,Toys,Lego Bricks,Beverly Hills,Residential,2021,Qtr 1,January,14,2021,25,Los Angeles,125,999.75
2021-01-15 00:00:00,Art & Crafts,Magic Sand,Beverly Hills,Residential,2021,Qtr 1,January,15,2021,154,Los Angeles,308,2462.46
2021-01-15 00:00:00,Sports & Outdoors,Splash Balls,Hollywood,Commercial,2021,Qtr 1,January,15,2021,19,Los Angeles,19,170.81
2021-01-15 00:00:00,Toys,Animal Figures,Millenium,Downtown,2021,Qtr 1,January,15,2021,75,Chicago,225,974.25
2021-01-16 00:00:00,Art & Crafts,Barrel O' Slime,Millenium,Downtown,2021,Qtr 1,January,16,2021,269,Chicago,538,1073.31
2021-01-16 00:00:00,Sports & Outdoors,Basketball Hoop,Beverly Hills,Residential,2021,Qtr 1,January,16,2021,5,Los Angeles,79.99999999999999,124.94999999999999
2021-01-16 00:00:00,Toys,Teddy Bear,Hollywood,Commercial,2021,Qtr 1,January,16,2021,6,Los Angeles,12,77.94
2021-01-17 00:00:00,Electronics,Toy Robot,Hollywood,Commercial,2021,Qtr 1,January,17,2021,21,Los Angeles,105,545.79
2021-01-17 00:00:00,Games,Chutes & Ladders,Millenium,Downtown,2021,Qtr 1,January,17,2021,8,Chicago,24,103.92
2021-01-17 00:00:00,Sports & Outdoors,Mini Ping Pong,Beverly Hills,Residential,2021,Qtr 1,January,17,2021,58,Los Angeles,174,579.42
2021-01-18 00:00:00,Games,Classic Dominoes,Millenium,Downtown,2021,Qtr 1,January,18,2021,35,Chicago,70,349.65000000000003
2021-01-18 00:00:00,Games,Monopoly,Beverly Hills,Residential,2021,Qtr 1,January,18,2021,24,Los Angeles,143.99999999999994,479.76
2021-01-18 00:00:00,Toys,Action Figure,Times Square,Downtown,2021,Qtr 1,January,18,2021,46,New York,276,735.54
2021-01-19 00:00:00,Electronics,Colorbuds,Millenium,Downtown,2021,Qtr 1,January,19,2021,91,Chicago,728,1364.09
2021-01-19 00:00:00,Toys,Animal Figures,Times Square,Downtown,2021,Qtr 1,January,19,2021,56,New York,168,727.44
2021-01-19 00:00:00,Toys,Mr. Potatohead,Beverly Hills,Residential,2021,Qtr 1,January,19,2021,14,Los Angeles,70,139.86
2021-01-20 00:00:00,Art & Crafts,Barrel O' Slime,Times Square,Downtown,2021,Qtr 1,January,20,2021,172,New York,344,686.2800000000001
2021-01-20 00:00:00,Games,Deck Of Cards,Millenium,Downtown,2021,Qtr 1,January,20,2021,186,Chicago,558,1300.14
2021-01-20 00:00:00,Sports & Outdoors,Nerf Gun,Beverly Hills,Residential,2021,Qtr 1,January,20,2021,27,Los Angeles,134.99999999999994,539.7299999999999
2021-01-21 00:00:00,Art & Crafts,PlayDoh Can,Beverly Hills,Residential,2021,Qtr 1,January,21,2021,231,Los Angeles,231.00000000000006,690.69
2021-01-21 00:00:00,Games,Chutes & Ladders,Times Square,Downtown,2021,Qtr 1,January,21,2021,19,New York,57,246.81
2021-01-21 00:00:00,Toys,Dino Egg,Millenium,Downtown,2021,Qtr 1,January,21,2021,46,Chicago,46,505.54
2021-01-22 00:00:00,Art & Crafts,PlayDoh Toolkit,Beverly Hills,Residential,2021,Qtr 1,January,22,2021,21,Los Angeles,21,104.79
2021-01-22 00:00:00,Games,Classic Dominoes,Times Square,Downtown,2021,Qtr 1,January,22,2021,19,New York,38,189.81
2021-01-22 00:00:00,Toys,Dinosaur Figures,Millenium,Downtown,2021,Qtr 1,January,22,2021,11,Chicago,44,164.89000000000001
2021-01-23 00:00:00,Art & Crafts,Etch A Sketch,Millenium,Downtown,2021,Qtr 1,January,23,2021,31,Chicago,309.99999999999994,650.6899999999999
2021-01-23 00:00:00,Electronics,Colorbuds,Times Square,Downtown,2021,Qtr 1,January,23,2021,144,New York,1152,2158.56
2021-01-23 00:00:00,Games,Rubik's Cube,Beverly Hills,Residential,2021,Qtr 1,January,23,2021,74,Los Angeles,148,1479.26
2021-01-24 00:00:00,Games,Glass Marbles,Millenium,Downtown,2021,Qtr 1,January,24,2021,33,Chicago,165,362.67
2021-01-24 00:00:00,Sports & Outdoors,Dart Gun,Times Square,Downtown,2021,Qtr 1,January,24,2021,12,New York,48,191.88
2021-01-24 00:00:00,Sports & Outdoors,Splash Balls,Beverly Hills,Residential,2021,Qtr 1,January,24,2021,9,Los Angeles,9,80.91
2021-01-25 00:00:00,Games,Deck Of Cards,Times Square,Downtown,2021,Qtr 1,January,25,2021,97,New York,291,678.03
2021-01-25 00:00:00,Sports & Outdoors,Water Gun,Beverly Hills,Residential,2021,Qtr 1,January,25,2021,2,Los Angeles,6,29.98
2021-01-25 00:00:00,Toys,Hot Wheels Pack,Millenium,Downtown,2021,Qtr 1,January,25,2021,6,Chicago,12,35.94
2021-01-26 00:00:00,Games,Jenga,Millenium,Downtown,2021,Qtr 1,January,26,2021,28,Chicago,196,279.72
2021-01-26 00:00:00,Toys,Dino Egg,Times Square,Downtown,2021,Qtr 1,January,26,2021,16,New York,16,175.84
2021-01-26 00:00:00,Toys,Teddy Bear,Beverly Hills,Residential,2021,Qtr 1,January,26,2021,21,Los Angeles,42,272.79
2021-01-27 00:00:00,Art & Crafts,Kids Makeup Kit,Millenium,Downtown,2021,Qtr 1,January,27,2021,20,Chicago,119.99999999999997,399.79999999999995
2021-01-27 00:00:00,Electronics,Toy Robot,Beverly Hills,Residential,2021,Qtr 1,January,27,2021,32,Los Angeles,160,831.68
2021-01-27 00:00:00,Toys,Dinosaur Figures,Times Square,Downtown,2021,Qtr 1,January,27,2021,15,New York,60,224.85
2021-01-28 00:00:00,Art & Crafts,Etch A Sketch,Times Square,Downtown,2021,Qtr 1,January,28,2021,20,New York,199.99999999999997,419.79999999999995
2021-01-28 00:00:00,Games,Uno Card Game,Beverly Hills,Residential,2021,Qtr 1,January,28,2021,15,Los Angeles,60,119.85000000000001
2021-01-28 00:00:00,Toys,Lego Bricks,Millenium,Downtown,2021,Qtr 1,January,28,2021,131,Chicago,655,5238.6900000000005
2021-01-29 00:00:00,Art & Crafts,Magic Sand,Millenium,Downtown,2021,Qtr 1,January,29,2021,58,Chicago,116,927.42
2021-01-29 00:00:00,Electronics,Gamer Headset,Times Square,Downtown,2021,Qtr 1,January,29,2021,28,New York,167.99999999999994,587.7199999999999
2021-01-29 00:00:00,Toys,Action Figure,Hollywood,Commercial,2021,Qtr 1,January,29,2021,40,Los Angeles,240,639.6
2021-01-30 00:00:00,Sports & Outdoors,Basketball Hoop,Millenium,Downtown,2021,Qtr 1,January,30,2021,14,Chicago,223.99999999999997,349.85999999999996
2021-01-30 00:00:00,Toys,Animal Figures,Hollywood,Commercial,2021,Qtr 1,January,30,2021,4,Los Angeles,12,51.96
2021-01-30 00:00:00,Toys,Hot Wheels Pack,Times Square,Downtown,2021,Qtr 1,January,30,2021,29,New York,58,173.71
2021-01-31 00:00:00,Art & Crafts,Barrel O' Slime,Hollywood,Commercial,2021,Qtr 1,January,31,2021,225,Los Angeles,450,897.75
2021-01-31 00:00:00,Games,Jenga,Times Square,Downtown,2021,Qtr 1,January,31,2021,16,New York,112,159.84
2021-01-31 00:00:00,Sports & Outdoors,Mini Ping Pong,Millenium,Downtown,2021,Qtr 1,January,31,2021,165,Chicago,495,1648.3500000000001
2021-02-01 00:00:00,Art & Crafts,Barrel O' Slime,Fifth Avenue,Commercial,2021,Qtr 1,February,1,2021,66,New York,132,263.34000000000003
2021-02-01 00:00:00,Art & Crafts,Barrel O' Slime,Michigan Ave,Commercial,2021,Qtr 1,February,1,2021,81,Chicago,162,323.19
2021-02-01 00:00:00,Art & Crafts,Etch A Sketch,Fifth Avenue,Commercial,2021,Qtr 1,February,1,2021,25,New York,249.99999999999994,524.75
2021-02-01 00:00:00,Art & Crafts,Etch A Sketch,LAX,Airport,2021,Qtr 1,February,1,2021,37,Los Angeles,369.99999999999994,776.63
2021-02-01 00:00:00,Art & Crafts,Etch A Sketch,Michigan Ave,Commercial,2021,Qtr 1,February,1,2021,6,Chicago,59.999999999999986,125.94
2021-02-01 00:00:00,Art & Crafts,Kids Makeup Kit,Fifth Avenue,Commercial,2021,Qtr 1,February,1,2021,50,New York,299.9999999999999,999.4999999999999
2021-02-01 00:00:00,Art & Crafts,Magic Sand,Fifth Avenue,Commercial,2021,Qtr 1,February,1,2021,64,New York,128,1023.36
2021-02-01 00:00:00,Art & Crafts,Magic Sand,Michigan Ave,Commercial,2021,Qtr 1,February,1,2021,154,Chicago,308,2462.46
2021-02-01 00:00:00,Art & Crafts,PlayDoh Can,Michigan Ave,Commercial,2021,Qtr 1,February,1,2021,28,Chicago,28.000000000000007,83.72
2021-02-01 00:00:00,Art & Crafts,PlayDoh Playset,Fifth Avenue,Commercial,2021,Qtr 1,February,1,2021,8,New York,32,199.92
2021-02-01 00:00:00,Art & Crafts,PlayDoh Toolkit,Fifth Avenue,Commercial,2021,Qtr 1,February,1,2021,3,New York,3,14.97
2021-02-01 00:00:00,Art & Crafts,PlayDoh Toolkit,Lincoln Park,Residential,2021,Qtr 1,February,1,2021,9,Chicago,9,44.910000000000004
2021-02-01 00:00:00,Electronics,Colorbuds,Fifth Avenue,Commercial,2021,Qtr 1,February,1,2021,41,New York,328,614.59
2021-02-01 00:00:00,Electronics,Colorbuds,Hollywood,Commercial,2021,Qtr 1,February,1,2021,98,Los Angeles,784,1469.02
2021-02-01 00:00:00,Electronics,Colorbuds,Michigan Ave,Commercial,2021,Qtr 1,February,1,2021,142,Chicago,1136,2128.58
2021-02-01 00:00:00,Electronics,Gamer Headset,Fifth Avenue,Commercial,2021,Qtr 1,February,1,2021,12,New York,71.99999999999997,251.88
2021-02-01 00:00:00,Electronics,Gamer Headset,Michigan Ave,Commercial,2021,Qtr 1,February,1,2021,2,Chicago,11.999999999999996,41.98
2021-02-01 00:00:00,Electronics,Toy Robot,Fifth Avenue,Commercial,2021,Qtr 1,February,1,2021,50,New York,250,1299.5
2021-02-01 00:00:00,Electronics,Toy Robot,Lincoln Park,Residential,2021,Qtr 1,February,1,2021,13,Chicago,65,337.87
2021-02-01 00:00:00,Electronics,Toy Robot,Michigan Ave,Commercial,2021,Qtr 1,February,1,2021,29,Chicago,145,753.7099999999999
2021-02-01 00:00:00,Games,Deck Of Cards,Fifth Avenue,Commercial,2021,Qtr 1,February,1,2021,5,New York,15,34.95
2021-02-01 00:00:00,Games,Deck Of Cards,Michigan Ave,Commercial,2021,Qtr 1,February,1,2021,59,Chicago,177,412.41
2021-02-01 00:00:00,Games,Glass Marbles,Fifth Avenue,Commercial,2021,Qtr 1,February,1,2021,15,New York,75,164.85
2021-02-01 00:00:00,Games,Glass Marbles,Michigan Ave,Commercial,2021,Qtr 1,February,1,2021,31,Chicago,155,340.69
2021-02-01 00:00:00,Games,Jenga,Fifth Avenue,Commercial,2021,Qtr 1,February,1,2021,3,New York,21,29.97
2021-02-01 00:00:00,Games,Jenga,O'Hare,Airport,2021,Qtr 1,February,1,2021,21,Chicago,147,209.79
2021-02-01 00:00:00,Games,Monopoly,JFK,Airport,2021,Qtr 1,February,1,2021,19,New York,113.99999999999997,379.80999999999995
2021-02-01 00:00:00,Games,Rubik's Cube,Fifth Avenue,Commercial,2021,Qtr 1,February,1,2021,19,New York,38,379.80999999999995
2021-02-01 00:00:00,Games,Rubik's Cube,Lincoln Park,Residential,2021,Qtr 1,February,1,2021,27,Chicago,54,539.7299999999999
2021-02-01 00:00:00,Games,Rubik's Cube,Michigan Ave,Commercial,2021,Qtr 1,February,1,2021,157,Chicago,314,3138.43
2021-02-01 00:00:00,Games,Uno Card Game,Lincoln Park,Residential,2021,Qtr 1,February,1,2021,23,Chicago,92,183.77
2021-02-01 00:00:00,Sports & Outdoors,Dart Gun,Fifth Avenue,Commercial,2021,Qtr 1,February,1,2021,22,New York,88,351.78000000000003
2021-02-01 00:00:00,Sports & Outdoors,Dart Gun,Michigan Ave,Commercial,2021,Qtr 1,February,1,2021,53,Chicago,212,847.47
2021-02-01 00:00:00,Sports & Outdoors,Dart Gun,Millenium,Downtown,2021,Qtr 1,February,1,2021,16,Chicago,64,255.84
2021-02-01 00:00:00,Sports & Outdoors,Mini Ping Pong,Michigan Ave,Commercial,2021,Qtr 1,February,1,2021,41,Chicago,123,409.59000000000003
2021-02-01 00:00:00,Sports & Outdoors,Nerf Gun,Fifth Avenue,Commercial,2021,Qtr 1,February,1,2021,9,New York,44.999999999999986,179.91
2021-02-01 00:00:00,Sports & Outdoors,Nerf Gun,Michigan Ave,Commercial,2021,Qtr 1,February,1,2021,7,Chicago,34.999999999999986,139.92999999999998
2021-02-01 00:00:00,Sports & Outdoors,Splash Balls,Fifth Avenue,Commercial,2021,Qtr 1,February,1,2021,58,New York,58,521.42
2021-02-01 00:00:00,Sports & Outdoors,Splash Balls,Lincoln Park,Residential,2021,Qtr 1,February,1,2021,14,Chicago,14,125.86
2021-02-01 00:00:00,Sports & Outdoors,Splash Balls,Michigan Ave,Commercial,2021,Qtr 1,February,1,2021,16,Chicago,16,143.84
2021-02-01 00:00:00,Sports & Outdoors,Water Gun,Fifth Avenue,Commercial,2021,Qtr 1,February,1,2021,16,New York,48,239.84
2021-02-01 00:00:00,Sports & Outdoors,Water Gun,Michigan Ave,Commercial,2021,Qtr 1,February,1,2021,7,Chicago,21,104.93
2021-02-01 00:00:00,Toys,Action Figure,Beverly Hills,Residential,2021,Qtr 1,February,1,2021,85,Los Angeles,510,1359.15
2021-02-01 00:00:00,Toys,Action Figure,Fifth Avenue,Commercial,2021,Qtr 1,February,1,2021,63,New York,378,1007.37
2021-02-01 00:00:00,Toys,Action Figure,Michigan Ave,Commercial,2021,Qtr 1,February,1,2021,39,Chicago,234,623.61
2021-02-01 00:00:00,Toys,Animal Figures,Michigan Ave,Commercial,2021,Qtr 1,February,1,2021,6,Chicago,18,77.94
2021-02-01 00:00:00,Toys,Animal Figures,Times Square,Downtown,2021,Qtr 1,February,1,2021,20,New York,60,259.8
2021-02-01 00:00:00,Toys,Dino Egg,Fifth Avenue,Commercial,2021,Qtr 1,February,1,2021,42,New York,42,461.58
2021-02-01 00:00:00,Toys,Dino Egg,Michigan Ave,Commercial,2021,Qtr 1,February,1,2021,60,Chicago,60,659.4
2021-02-01 00:00:00,Toys,Dinosaur Figures,Michigan Ave,Commercial,2021,Qtr 1,February,1,2021,23,Chicago,92,344.77
2021-02-01 00:00:00,Toys,Hot Wheels Pack,Fifth Avenue,Commercial,2021,Qtr 1,February,1,2021,41,New York,82,245.59
2021-02-01 00:00:00,Toys,Hot Wheels Pack,Michigan Ave,Commercial,2021,Qtr 1,February,1,2021,12,Chicago,24,71.88
2021-02-01 00:00:00,Toys,Lego Bricks,Fifth Avenue,Commercial,2021,Qtr 1,February,1,2021,49,New York,245,1959.51
2021-02-01 00:00:00,Toys,Lego Bricks,Michigan Ave,Commercial,2021,Qtr 1,February,1,2021,51,Chicago,255,2039.49
2021-02-01 00:00:00,Toys,Mr. Potatohead,Fifth Avenue,Commercial,2021,Qtr 1,February,1,2021,4,New York,20,39.96
2021-02-01 00:00:00,Toys,Mr. Potatohead,Michigan Ave,Commercial,2021,Qtr 1,February,1,2021,43,Chicago,215,429.57
2021-02-01 00:00:00,Toys,Plush Pony,Michigan Ave,Commercial,2021,Qtr 1,February,1,2021,18,Chicago,197.99999999999997,359.82
2021-02-01 00:00:00,Toys,Teddy Bear,Fifth Avenue,Commercial,2021,Qtr 1,February,1,2021,35,New York,70,454.65000000000003
2021-02-01 00:00:00,Toys,Teddy Bear,Lincoln Park,Residential,2021,Qtr 1,February,1,2021,24,Chicago,48,311.76
2021-02-02 00:00:00,Art & Crafts,Barrel O' Slime,Times Square,Downtown,2021,Qtr 1,February,2,2021,296,New York,592,1181.04
2021-02-02 00:00:00,Art & Crafts,Kids Makeup Kit,O'Hare,Airport,2021,Qtr 1,February,2,2021,12,Chicago,71.99999999999997,239.88
2021-02-02 00:00:00,Electronics,Gamer Headset,LAX,Airport,2021,Qtr 1,February,2,2021,31,Los Angeles,185.99999999999994,650.6899999999999
2021-02-02 00:00:00,Games,Deck Of Cards,Millenium,Downtown,2021,Qtr 1,February,2,2021,172,Chicago,516,1202.28
2021-02-02 00:00:00,Sports & Outdoors,Dart Gun,Hollywood,Commercial,2021,Qtr 1,February,2,2021,17,Los Angeles,68,271.83
2021-02-02 00:00:00,Toys,Animal Figures,Beverly Hills,Residential,2021,Qtr 1,February,2,2021,16,Los Angeles,48,207.84
2021-02-02 00:00:00,Toys,Mr. Potatohead,JFK,Airport,2021,Qtr 1,February,2,2021,19,New York,95,189.81
2021-02-03 00:00:00,Art & Crafts,Barrel O' Slime,Beverly Hills,Residential,2021,Qtr 1,February,3,2021,166,Los Angeles,332,662.34
2021-02-03 00:00:00,Games,Classic Dominoes,Times Square,Downtown,2021,Qtr 1,February,3,2021,34,New York,68,339.66
2021-02-03 00:00:00,Games,Deck Of Cards,Hollywood,Commercial,2021,Qtr 1,February,3,2021,100,Los Angeles,300,699
2021-02-03 00:00:00,Games,Glass Marbles,LAX,Airport,2021,Qtr 1,February,3,2021,25,Los Angeles,125,274.75
2021-02-03 00:00:00,Sports & Outdoors,Nerf Gun,JFK,Airport,2021,Qtr 1,February,3,2021,86,New York,429.99999999999983,1719.1399999999999
2021-02-03 00:00:00,Toys,Dino Egg,Millenium,Downtown,2021,Qtr 1,February,3,2021,153,Chicago,153,1681.47
2021-02-03 00:00:00,Toys,Lego Bricks,O'Hare,Airport,2021,Qtr 1,February,3,2021,53,Chicago,265,2119.4700000000003
2021-02-04 00:00:00,Art & Crafts,Etch A Sketch,Millenium,Downtown,2021,Qtr 1,February,4,2021,4,Chicago,39.99999999999999,83.96
2021-02-04 00:00:00,Art & Crafts,Magic Sand,O'Hare,Airport,2021,Qtr 1,February,4,2021,140,Chicago,280,2238.6
2021-02-04 00:00:00,Art & Crafts,PlayDoh Can,JFK,Airport,2021,Qtr 1,February,4,2021,65,New York,65.00000000000001,194.35000000000002
2021-02-04 00:00:00,Electronics,Colorbuds,Times Square,Downtown,2021,Qtr 1,February,4,2021,130,New York,1040,1948.7
2021-02-04 00:00:00,Games,Chutes & Ladders,Beverly Hills,Residential,2021,Qtr 1,February,4,2021,8,Los Angeles,24,103.92
2021-02-04 00:00:00,Toys,Dino Egg,Hollywood,Commercial,2021,Qtr 1,February,4,2021,52,Los Angeles,52,571.48
2021-02-04 00:00:00,Toys,Hot Wheels Pack,LAX,Airport,2021,Qtr 1,February,4,2021,88,Los Angeles,176,527.12
2021-02-05 00:00:00,Art & Crafts,PlayDoh Playset,JFK,Airport,2021,Qtr 1,February,5,2021,8,New York,32,199.92
2021-02-05 00:00:00,Electronics,Colorbuds,Beverly Hills,Residential,2021,Qtr 1,February,5,2021,9,Los Angeles,72,134.91
2021-02-05 00:00:00,Electronics,Gamer Headset,Millenium,Downtown,2021,Qtr 1,February,5,2021,32,Chicago,191.99999999999994,671.68
2021-02-05 00:00:00,Games,Deck Of Cards,Times Square,Downtown,2021,Qtr 1,February,5,2021,71,New York,213,496.29
2021-02-05 00:00:00,Games,Jenga,LAX,Airport,2021,Qtr 1,February,5,2021,26,Los Angeles,182,259.74
2021-02-05 00:00:00,Sports & Outdoors,Mini Ping Pong,O'Hare,Airport,2021,Qtr 1,February,5,2021,21,Chicago,63,209.79
2021-02-05 00:00:00,Toys,Dinosaur Figures,Hollywood,Commercial,2021,Qtr 1,February,5,2021,4,Los Angeles,16,59.96
2021-02-06 00:00:00,Art & Crafts,Etch A Sketch,Hollywood,Commercial,2021,Qtr 1,February,6,2021,41,Los Angeles,409.99999999999994,860.5899999999999
2021-02-06 00:00:00,Art & Crafts,Kids Makeup Kit,LAX,Airport,2021,Qtr 1,February,6,2021,84,Los Angeles,503.99999999999983,1679.1599999999999
2021-02-06 00:00:00,Games,Glass Marbles,Millenium,Downtown,2021,Qtr 1,February,6,2021,44,Chicago,220,483.56
2021-02-06 00:00:00,Games,Rubik's Cube,JFK,Airport,2021,Qtr 1,February,6,2021,70,New York,140,1399.3
2021-02-06 00:00:00,Sports & Outdoors,Dart Gun,Beverly Hills,Residential,2021,Qtr 1,February,6,2021,44,Los Angeles,176,703.5600000000001
2021-02-06 00:00:00,Toys,Dino Egg,Times Square,Downtown,2021,Qtr 1,February,6,2021,18,New York,18,197.82
2021-02-06 00:00:00,Toys,Mr. Potatohead,O'Hare,Airport,2021,Qtr 1,February,6,2021,15,Chicago,75,149.85
2021-02-07 00:00:00,Electronics,Gamer Headset,Hollywood,Commercial,2021,Qtr 1,February,7,2021,45,Los Angeles,269.99999999999994,944.55
2021-02-07 00:00:00,Games,Deck Of Cards,Beverly Hills,Residential,2021,Qtr 1,February,7,2021,83,Los Angeles,249,580.1700000000001
2021-02-07 00:00:00,Sports & Outdoors,Nerf Gun,O'Hare,Airport,2021,Qtr 1,February,7,2021,39,Chicago,194.99999999999994,779.6099999999999
2021-02-07 00:00:00,Sports & Outdoors,Splash Balls,JFK,Airport,2021,Qtr 1,February,7,2021,66,New York,66,593.34
2021-02-07 00:00:00,Toys,Dinosaur Figures,Times Square,Downtown,2021,Qtr 1,February,7,2021,61,New York,244,914.39
2021-02-07 00:00:00,Toys,Hot Wheels Pack,Millenium,Downtown,2021,Qtr 1,February,7,2021,36,Chicago,72,215.64000000000001
2021-02-07 00:00:00,Toys,Lego Bricks,LAX,Airport,2021,Qtr 1,February,7,2021,39,Los Angeles,195,1559.6100000000001
2021-02-08 00:00:00,Art & Crafts,Etch A Sketch,Times Square,Downtown,2021,Qtr 1,February,8,2021,36,New York,359.99999999999994,755.64
2021-02-08 00:00:00,Art & Crafts,Magic Sand,LAX,Airport,2021,Qtr 1,February,8,2021,128,Los Angeles,256,2046.72
2021-02-08 00:00:00,Art & Crafts,PlayDoh Can,O'Hare,Airport,2021,Qtr 1,February,8,2021,177,Chicago,177.00000000000003,529.23
2021-02-08 00:00:00,Games,Glass Marbles,Hollywood,Commercial,2021,Qtr 1,February,8,2021,43,Los Angeles,215,472.57
2021-02-08 00:00:00,Games,Jenga,Millenium,Downtown,2021,Qtr 1,February,8,2021,37,Chicago,259,369.63
2021-02-08 00:00:00,Games,Uno Card Game,JFK,Airport,2021,Qtr 1,February,8,2021,18,New York,72,143.82
2021-02-08 00:00:00,Toys,Dinosaur Figures,Beverly Hills,Residential,2021,Qtr 1,February,8,2021,38,Los Angeles,152,569.62
2021-02-09 00:00:00,Art & Crafts,Etch A Sketch,Beverly Hills,Residential,2021,Qtr 1,February,9,2021,19,Los Angeles,189.99999999999997,398.80999999999995
2021-02-09 00:00:00,Electronics,Gamer Headset,Times Square,Downtown,2021,Qtr 1,February,9,2021,36,New York,215.99999999999994,755.64
2021-02-09 00:00:00,Games,Rubik's Cube,O'Hare,Airport,2021,Qtr 1,February,9,2021,117,Chicago,234,2338.83
2021-02-09 00:00:00,Sports & Outdoors,Mini Ping Pong,LAX,Airport,2021,Qtr 1,February,9,2021,15,Los Angeles,45,149.85
2021-02-09 00:00:00,Toys,Action Figure,Lincoln Park,Residential,2021,Qtr 1,February,9,2021,32,Chicago,192,511.68
2021-02-09 00:00:00,Toys,Hot Wheels Pack,Hollywood,Commercial,2021,Qtr 1,February,9,2021,16,Los Angeles,32,95.84
2021-02-09 00:00:00,Toys,Lego Bricks,Millenium,Downtown,2021,Qtr 1,February,9,2021,150,Chicago,750,5998.5
2021-02-10 00:00:00,Art & Crafts,Magic Sand,Millenium,Downtown,2021,Qtr 1,February,10,2021,169,Chicago,338,2702.31
2021-02-10 00:00:00,Electronics,Gamer Headset,Beverly Hills,Residential,2021,Qtr 1,February,10,2021,42,Los Angeles,251.99999999999991,881.5799999999999
2021-02-10 00:00:00,Games,Glass Marbles,Times Square,Downtown,2021,Qtr 1,February,10,2021,5,New York,25,54.95
2021-02-10 00:00:00,Games,Jenga,Hollywood,Commercial,2021,Qtr 1,February,10,2021,9,Los Angeles,63,89.91
2021-02-10 00:00:00,Sports & Outdoors,Nerf Gun,LAX,Airport,2021,Qtr 1,February,10,2021,113,Los Angeles,564.9999999999998,2258.87
2021-02-10 00:00:00,Sports & Outdoors,Splash Balls,O'Hare,Airport,2021,Qtr 1,February,10,2021,61,Chicago,61,548.39
2021-02-10 00:00:00,Toys,Animal Figures,Lincoln Park,Residential,2021,Qtr 1,February,10,2021,45,Chicago,135,584.55
2021-02-11 00:00:00,Art & Crafts,Barrel O' Slime,Lincoln Park,Residential,2021,Qtr 1,February,11,2021,377,Chicago,754,1504.23
2021-02-11 00:00:00,Art & Crafts,Kids Makeup Kit,Hollywood,Commercial,2021,Qtr 1,February,11,2021,21,Los Angeles,125.99999999999996,419.78999999999996
2021-02-11 00:00:00,Art & Crafts,PlayDoh Can,LAX,Airport,2021,Qtr 1,February,11,2021,158,Los Angeles,158.00000000000003,472.42
2021-02-11 00:00:00,Games,Glass Marbles,Beverly Hills,Residential,2021,Qtr 1,February,11,2021,24,Los Angeles,120,263.76
2021-02-11 00:00:00,Sports & Outdoors,Basketball Hoop,Millenium,Downtown,2021,Qtr 1,February,11,2021,6,Chicago,95.99999999999999,149.94
2021-02-11 00:00:00,Sports & Outdoors,Water Gun,O'Hare,Airport,2021,Qtr 1,February,11,2021,21,Chicago,63,314.79
2021-02-11 00:00:00,Toys,Hot Wheels Pack,Times Square,Downtown,2021,Qtr 1,February,11,2021,9,New York,18,53.910000000000004
2021-02-12 00:00:00,Art & Crafts,Magic Sand,Hollywood,Commercial,2021,Qtr 1,February,12,2021,212,Los Angeles,424,3389.88
2021-02-12 00:00:00,Art & Crafts,PlayDoh Playset,LAX,Airport,2021,Qtr 1,February,12,2021,5,Los Angeles,20,124.94999999999999
2021-02-12 00:00:00,Electronics,Colorbuds,Lincoln Park,Residential,2021,Qtr 1,February,12,2021,65,Chicago,520,974.35
2021-02-12 00:00:00,Games,Jenga,Times Square,Downtown,2021,Qtr 1,February,12,2021,12,New York,84,119.88
2021-02-12 00:00:00,Sports & Outdoors,Mini Ping Pong,Millenium,Downtown,2021,Qtr 1,February,12,2021,79,Chicago,237,789.21
2021-02-12 00:00:00,Toys,Hot Wheels Pack,Beverly Hills,Residential,2021,Qtr 1,February,12,2021,26,Los Angeles,52,155.74
2021-02-12 00:00:00,Toys,Teddy Bear,O'Hare,Airport,2021,Qtr 1,February,12,2021,4,Chicago,8,51.96
2021-02-13 00:00:00,Art & Crafts,Kids Makeup Kit,Times Square,Downtown,2021,Qtr 1,February,13,2021,4,New York,23.999999999999993,79.96
2021-02-13 00:00:00,Art & Crafts,PlayDoh Toolkit,LAX,Airport,2021,Qtr 1,February,13,2021,4,Los Angeles,4,19.96
2021-02-13 00:00:00,Electronics,Toy Robot,O'Hare,Airport,2021,Qtr 1,February,13,2021,17,Chicago,85,441.83
2021-02-13 00:00:00,Games,Jenga,Beverly Hills,Residential,2021,Qtr 1,February,13,2021,41,Los Angeles,287,409.59000000000003
2021-02-13 00:00:00,Sports & Outdoors,Dart Gun,Lincoln Park,Residential,2021,Qtr 1,February,13,2021,30,Chicago,120,479.7
2021-02-13 00:00:00,Sports & Outdoors,Mini Ping Pong,Hollywood,Commercial,2021,Qtr 1,February,13,2021,35,Los Angeles,105,349.65000000000003
2021-02-13 00:00:00,Toys,Mr. Potatohead,Millenium,Downtown,2021,Qtr 1,February,13,2021,29,Chicago,145,289.71
2021-02-14 00:00:00,Art & Crafts,Kids Makeup Kit,Beverly Hills,Residential,2021,Qtr 1,February,14,2021,11,Los Angeles,65.99999999999999,219.89
2021-02-14 00:00:00,Games,Deck Of Cards,Lincoln Park,Residential,2021,Qtr 1,February,14,2021,106,Chicago,318,740.94
2021-02-14 00:00:00,Games,Rubik's Cube,LAX,Airport,2021,Qtr 1,February,14,2021,182,Los Angeles,364,3638.18
2021-02-14 00:00:00,Sports & Outdoors,Nerf Gun,Millenium,Downtown,2021,Qtr 1,February,14,2021,127,Chicago,634.9999999999998,2538.73
2021-02-14 00:00:00,Toys,Action Figure,JFK,Airport,2021,Qtr 1,February,14,2021,57,New York,342,911.4300000000001
2021-02-14 00:00:00,Toys,Lego Bricks,Times Square,Downtown,2021,Qtr 1,February,14,2021,30,New York,150,1199.7
2021-02-14 00:00:00,Toys,Mr. Potatohead,Hollywood,Commercial,2021,Qtr 1,February,14,2021,10,Los Angeles,50,99.9
2021-02-15 00:00:00,Art & Crafts,Magic Sand,Times Square,Downtown,2021,Qtr 1,February,15,2021,114,New York,228,1822.8600000000001
2021-02-15 00:00:00,Art & Crafts,PlayDoh Can,Millenium,Downtown,2021,Qtr 1,February,15,2021,34,Chicago,34.00000000000001,101.66000000000001
2021-02-15 00:00:00,Sports & Outdoors,Nerf Gun,Hollywood,Commercial,2021,Qtr 1,February,15,2021,4,Los Angeles,19.999999999999993,79.96
2021-02-15 00:00:00,Sports & Outdoors,Splash Balls,LAX,Airport,2021,Qtr 1,February,15,2021,5,Los Angeles,5,44.95
2021-02-15 00:00:00,Toys,Animal Figures,JFK,Airport,2021,Qtr 1,February,15,2021,13,New York,39,168.87
2021-02-15 00:00:00,Toys,Dino Egg,Lincoln Park,Residential,2021,Qtr 1,February,15,2021,125,Chicago,125,1373.75
2021-02-15 00:00:00,Toys,Lego Bricks,Beverly Hills,Residential,2021,Qtr 1,February,15,2021,32,Los Angeles,160,1279.68
2021-02-16 00:00:00,Art & Crafts,Barrel O' Slime,JFK,Airport,2021,Qtr 1,February,16,2021,47,New York,94,187.53
2021-02-16 00:00:00,Art & Crafts,Magic Sand,Beverly Hills,Residential,2021,Qtr 1,February,16,2021,243,Los Angeles,486,3885.57
2021-02-16 00:00:00,Art & Crafts,PlayDoh Can,Hollywood,Commercial,2021,Qtr 1,February,16,2021,64,Los Angeles,64.00000000000001,191.36
2021-02-16 00:00:00,Art & Crafts,PlayDoh Playset,Millenium,Downtown,2021,Qtr 1,February,16,2021,10,Chicago,40,249.89999999999998
2021-02-16 00:00:00,Electronics,Toy Robot,LAX,Airport,2021,Qtr 1,February,16,2021,20,Los Angeles,100,519.8
2021-02-16 00:00:00,Sports & Outdoors,Mini Ping Pong,Times Square,Downtown,2021,Qtr 1,February,16,2021,46,New York,138,459.54
2021-02-16 00:00:00,Toys,Dinosaur Figures,Lincoln Park,Residential,2021,Qtr 1,February,16,2021,32,Chicago,128,479.68
2021-02-17 00:00:00,Art & Crafts,Etch A Sketch,Lincoln Park,Residential,2021,Qtr 1,February,17,2021,10,Chicago,99.99999999999999,209.89999999999998
2021-02-17 00:00:00,Art & Crafts,PlayDoh Playset,Hollywood,Commercial,2021,Qtr 1,February,17,2021,17,Los Angeles,68,424.83
2021-02-17 00:00:00,Art & Crafts,PlayDoh Toolkit,Millenium,Downtown,2021,Qtr 1,February,17,2021,23,Chicago,23,114.77000000000001
2021-02-17 00:00:00,Games,Classic Dominoes,JFK,Airport,2021,Qtr 1,February,17,2021,4,New York,8,39.96
2021-02-17 00:00:00,Games,Monopoly,Times Square,Downtown,2021,Qtr 1,February,17,2021,11,New York,65.99999999999999,219.89
2021-02-17 00:00:00,Sports & Outdoors,Mini Ping Pong,Beverly Hills,Residential,2021,Qtr 1,February,17,2021,32,Los Angeles,96,319.68
2021-02-17 00:00:00,Toys,Action Figure,O'Hare,Airport,2021,Qtr 1,February,17,2021,86,Chicago,516,1375.14
2021-02-18 00:00:00,Art & Crafts,PlayDoh Toolkit,Hollywood,Commercial,2021,Qtr 1,February,18,2021,10,Los Angeles,10,49.900000000000006
2021-02-18 00:00:00,Electronics,Colorbuds,JFK,Airport,2021,Qtr 1,February,18,2021,43,New York,344,644.57
2021-02-18 00:00:00,Electronics,Gamer Headset,Lincoln Park,Residential,2021,Qtr 1,February,18,2021,23,Chicago,137.99999999999997,482.77
2021-02-18 00:00:00,Games,Rubik's Cube,Millenium,Downtown,2021,Qtr 1,February,18,2021,151,Chicago,302,3018.49
2021-02-18 00:00:00,Toys,Animal Figures,O'Hare,Airport,2021,Qtr 1,February,18,2021,56,Chicago,168,727.44
2021-02-18 00:00:00,Toys,Mr. Potatohead,Beverly Hills,Residential,2021,Qtr 1,February,18,2021,13,Los Angeles,65,129.87
2021-02-18 00:00:00,Toys,Mr. Potatohead,Times Square,Downtown,2021,Qtr 1,February,18,2021,22,New York,110,219.78
2021-02-19 00:00:00,Art & Crafts,Barrel O' Slime,O'Hare,Airport,2021,Qtr 1,February,19,2021,240,Chicago,480,957.6
2021-02-19 00:00:00,Games,Deck Of Cards,JFK,Airport,2021,Qtr 1,February,19,2021,133,New York,399,929.6700000000001
2021-02-19 00:00:00,Games,Glass Marbles,Lincoln Park,Residential,2021,Qtr 1,February,19,2021,100,Chicago,500,1099
2021-02-19 00:00:00,Sports & Outdoors,Nerf Gun,Beverly Hills,Residential,2021,Qtr 1,February,19,2021,32,Los Angeles,159.99999999999994,639.68
2021-02-19 00:00:00,Sports & Outdoors,Nerf Gun,Times Square,Downtown,2021,Qtr 1,February,19,2021,11,New York,54.99999999999998,219.89
2021-02-19 00:00:00,Sports & Outdoors,Splash Balls,Millenium,Downtown,2021,Qtr 1,February,19,2021,31,Chicago,31,278.69
2021-02-19 00:00:00,Toys,Plush Pony,Hollywood,Commercial,2021,Qtr 1,February,19,2021,3,Los Angeles,32.99999999999999,59.97
2021-02-20 00:00:00,Art & Crafts,PlayDoh Can,Beverly Hills,Residential,2021,Qtr 1,February,20,2021,53,Los Angeles,53.000000000000014,158.47
2021-02-20 00:00:00,Art & Crafts,PlayDoh Can,Times Square,Downtown,2021,Qtr 1,February,20,2021,147,New York,147.00000000000003,439.53000000000003
2021-02-20 00:00:00,Electronics,Colorbuds,O'Hare,Airport,2021,Qtr 1,February,20,2021,150,Chicago,1200,2248.5
2021-02-20 00:00:00,Games,Rubik's Cube,Hollywood,Commercial,2021,Qtr 1,February,20,2021,191,Los Angeles,382,3818.0899999999997
2021-02-20 00:00:00,Toys,Dino Egg,JFK,Airport,2021,Qtr 1,February,20,2021,39,New York,39,428.61
2021-02-20 00:00:00,Toys,Hot Wheels Pack,Lincoln Park,Residential,2021,Qtr 1,February,20,2021,23,Chicago,46,137.77
2021-02-20 00:00:00,Toys,Teddy Bear,Millenium,Downtown,2021,Qtr 1,February,20,2021,13,Chicago,26,168.87
2021-02-21 00:00:00,Art & Crafts,PlayDoh Toolkit,Beverly Hills,Residential,2021,Qtr 1,February,21,2021,8,Los Angeles,8,39.92
2021-02-21 00:00:00,Electronics,Toy Robot,Millenium,Downtown,2021,Qtr 1,February,21,2021,109,Chicago,545,2832.91
2021-02-21 00:00:00,Games,Jenga,Lincoln Park,Residential,2021,Qtr 1,February,21,2021,55,Chicago,385,549.45
2021-02-21 00:00:00,Games,Rubik's Cube,Times Square,Downtown,2021,Qtr 1,February,21,2021,311,New York,622,6216.889999999999
2021-02-21 00:00:00,Sports & Outdoors,Dart Gun,O'Hare,Airport,2021,Qtr 1,February,21,2021,6,Chicago,24,95.94
2021-02-21 00:00:00,Sports & Outdoors,Splash Balls,Hollywood,Commercial,2021,Qtr 1,February,21,2021,33,Los Angeles,33,296.67
2021-02-21 00:00:00,Toys,Dinosaur Figures,JFK,Airport,2021,Qtr 1,February,21,2021,39,New York,156,584.61
2021-02-22 00:00:00,Art & Crafts,Etch A Sketch,JFK,Airport,2021,Qtr 1,February,22,2021,18,New York,179.99999999999997,377.82
2021-02-22 00:00:00,Art & Crafts,Kids Makeup Kit,Lincoln Park,Residential,2021,Qtr 1,February,22,2021,18,Chicago,107.99999999999997,359.82
2021-02-22 00:00:00,Games,Deck Of Cards,O'Hare,Airport,2021,Qtr 1,February,22,2021,188,Chicago,564,1314.1200000000001
2021-02-22 00:00:00,Games,Rubik's Cube,Beverly Hills,Residential,2021,Qtr 1,February,22,2021,56,Los Angeles,112,1119.4399999999998
2021-02-22 00:00:00,Sports & Outdoors,Splash Balls,Times Square,Downtown,2021,Qtr 1,February,22,2021,12,New York,12,107.88
2021-02-22 00:00:00,Sports & Outdoors,Water Gun,Hollywood,Commercial,2021,Qtr 1,February,22,2021,30,Los Angeles,90,449.7
2021-02-22 00:00:00,Toys,Action Figure,LAX,Airport,2021,Qtr 1,February,22,2021,41,Los Angeles,246,655.59
2021-02-23 00:00:00,Electronics,Gamer Headset,JFK,Airport,2021,Qtr 1,February,23,2021,36,New York,215.99999999999994,755.64
2021-02-23 00:00:00,Electronics,Toy Robot,Hollywood,Commercial,2021,Qtr 1,February,23,2021,26,Los Angeles,130,675.74
2021-02-23 00:00:00,Sports & Outdoors,Splash Balls,Beverly Hills,Residential,2021,Qtr 1,February,23,2021,35,Los Angeles,35,314.65000000000003
2021-02-23 00:00:00,Toys,Action Figure,Millenium,Downtown,2021,Qtr 1,February,23,2021,93,Chicago,558,1487.07
2021-02-23 00:00:00,Toys,Animal Figures,LAX,Airport,2021,Qtr 1,February,23,2021,39,Los Angeles,117,506.61
2021-02-23 00:00:00,Toys,Dino Egg,O'Hare,Airport,2021,Qtr 1,February,23,2021,91,Chicago,91,1000.09
2021-02-23 00:00:00,Toys,Lego Bricks,Lincoln Park,Residential,2021,Qtr 1,February,23,2021,63,Chicago,315,2519.3700000000003
2021-02-24 00:00:00,Art & Crafts,Barrel O' Slime,LAX,Airport,2021,Qtr 1,February,24,2021,137,Los Angeles,274,546.63
2021-02-24 00:00:00,Art & Crafts,Magic Sand,Lincoln Park,Residential,2021,Qtr 1,February,24,2021,30,Chicago,60,479.7
2021-02-24 00:00:00,Electronics,Toy Robot,Beverly Hills,Residential,2021,Qtr 1,February,24,2021,9,Los Angeles,45,233.91
2021-02-24 00:00:00,Games,Glass Marbles,JFK,Airport,2021,Qtr 1,February,24,2021,164,New York,820,1802.3600000000001
2021-02-24 00:00:00,Toys,Action Figure,Times Square,Downtown,2021,Qtr 1,February,24,2021,32,New York,192,511.68
2021-02-24 00:00:00,Toys,Animal Figures,Millenium,Downtown,2021,Qtr 1,February,24,2021,23,Chicago,69,298.77
2021-02-24 00:00:00,Toys,Dinosaur Figures,O'Hare,Airport,2021,Qtr 1,February,24,2021,6,Chicago,24,89.94
2021-02-25 00:00:00,Art & Crafts,Barrel O' Slime,Millenium,Downtown,2021,Qtr 1,February,25,2021,365,Chicago,730,1456.3500000000001
2021-02-25 00:00:00,Art & Crafts,Etch A Sketch,O'Hare,Airport,2021,Qtr 1,February,25,2021,138,Chicago,1379.9999999999998,2896.62
2021-02-25 00:00:00,Electronics,Colorbuds,LAX,Airport,2021,Qtr 1,February,25,2021,52,Los Angeles,416,779.48
2021-02-25 00:00:00,Games,Uno Card Game,Beverly Hills,Residential,2021,Qtr 1,February,25,2021,14,Los Angeles,56,111.86
2021-02-25 00:00:00,Sports & Outdoors,Mini Ping Pong,Lincoln Park,Residential,2021,Qtr 1,February,25,2021,163,Chicago,489,1628.3700000000001
2021-02-25 00:00:00,Toys,Hot Wheels Pack,JFK,Airport,2021,Qtr 1,February,25,2021,9,New York,18,53.910000000000004
2021-02-26 00:00:00,Electronics,Gamer Headset,O'Hare,Airport,2021,Qtr 1,February,26,2021,119,Chicago,713.9999999999998,2497.81
2021-02-26 00:00:00,Games,Chutes & Ladders,Millenium,Downtown,2021,Qtr 1,February,26,2021,21,Chicago,63,272.79
2021-02-26 00:00:00,Games,Jenga,JFK,Airport,2021,Qtr 1,February,26,2021,11,New York,77,109.89
2021-02-26 00:00:00,Sports & Outdoors,Dart Gun,LAX,Airport,2021,Qtr 1,February,26,2021,54,Los Angeles,216,863.46
2021-02-26 00:00:00,Sports & Outdoors,Nerf Gun,Lincoln Park,Residential,2021,Qtr 1,February,26,2021,75,Chicago,374.9999999999999,1499.2499999999998
2021-02-26 00:00:00,Toys,Action Figure,Hollywood,Commercial,2021,Qtr 1,February,26,2021,102,Los Angeles,612,1630.98
2021-02-27 00:00:00,Art & Crafts,Kids Makeup Kit,JFK,Airport,2021,Qtr 1,February,27,2021,17,New York,101.99999999999997,339.83
2021-02-27 00:00:00,Art & Crafts,PlayDoh Can,Lincoln Park,Residential,2021,Qtr 1,February,27,2021,148,Chicago,148.00000000000003,442.52000000000004
2021-02-27 00:00:00,Games,Classic Dominoes,Millenium,Downtown,2021,Qtr 1,February,27,2021,13,Chicago,26,129.87
2021-02-27 00:00:00,Games,Glass Marbles,O'Hare,Airport,2021,Qtr 1,February,27,2021,142,Chicago,710,1560.58
2021-02-27 00:00:00,Toys,Animal Figures,Hollywood,Commercial,2021,Qtr 1,February,27,2021,103,Los Angeles,309,1337.97
2021-02-27 00:00:00,Toys,Dino Egg,LAX,Airport,2021,Qtr 1,February,27,2021,59,Los Angeles,59,648.41
2021-02-28 00:00:00,Art & Crafts,Barrel O' Slime,Hollywood,Commercial,2021,Qtr 1,February,28,2021,108,Los Angeles,216,430.92
2021-02-28 00:00:00,Art & Crafts,Magic Sand,JFK,Airport,2021,Qtr 1,February,28,2021,29,New York,58,463.71
2021-02-28 00:00:00,Art & Crafts,PlayDoh Playset,Lincoln Park,Residential,2021,Qtr 1,February,28,2021,3,Chicago,12,74.97
2021-02-28 00:00:00,Electronics,Colorbuds,Millenium,Downtown,2021,Qtr 1,February,28,2021,70,Chicago,560,1049.3
2021-02-28 00:00:00,Toys,Dinosaur Figures,LAX,Airport,2021,Qtr 1,February,28,2021,40,Los Angeles,160,599.6
2021-02-28 00:00:00,Toys,Hot Wheels Pack,O'Hare,Airport,2021,Qtr 1,February,28,2021,56,Chicago,112,335.44
2021-03-01 00:00:00,Art & Crafts,Barrel O' Slime,Fifth Avenue,Commercial,2021,Qtr 1,March,1,2021,53,New York,106,211.47
2021-03-01 00:00:00,Art & Crafts,Barrel O' Slime,Michigan Ave,Commercial,2021,Qtr 1,March,1,2021,282,Chicago,564,1125.18
2021-03-01 00:00:00,Art & Crafts,Barrel O' Slime,O'Hare,Airport,2021,Qtr 1,March,1,2021,382,Chicago,764,1524.18
2021-03-01 00:00:00,Art & Crafts,Etch A Sketch,Fifth Avenue,Commercial,2021,Qtr 1,March,1,2021,2,New York,19.999999999999996,41.98
2021-03-01 00:00:00,Art & Crafts,Etch A Sketch,Michigan Ave,Commercial,2021,Qtr 1,March,1,2021,13,Chicago,129.99999999999997,272.87
2021-03-01 00:00:00,Art & Crafts,Kids Makeup Kit,Fifth Avenue,Commercial,2021,Qtr 1,March,1,2021,59,New York,353.9999999999999,1179.4099999999999
2021-03-01 00:00:00,Art & Crafts,Kids Makeup Kit,Lincoln Park,Residential,2021,Qtr 1,March,1,2021,55,Chicago,329.9999999999999,1099.4499999999998
2021-03-01 00:00:00,Art & Crafts,Kids Makeup Kit,Michigan Ave,Commercial,2021,Qtr 1,March,1,2021,24,Chicago,143.99999999999994,479.76
2021-03-01 00:00:00,Art & Crafts,Magic Sand,Fifth Avenue,Commercial,2021,Qtr 1,March,1,2021,106,New York,212,1694.94
2021-03-01 00:00:00,Art & Crafts,Magic Sand,Lincoln Park,Residential,2021,Qtr 1,March,1,2021,77,Chicago,154,1231.23
2021-03-01 00:00:00,Art & Crafts,Magic Sand,Michigan Ave,Commercial,2021,Qtr 1,March,1,2021,121,Chicago,242,1934.79
2021-03-01 00:00:00,Art & Crafts,PlayDoh Can,Fifth Avenue,Commercial,2021,Qtr 1,March,1,2021,15,New York,15.000000000000004,44.85
2021-03-01 00:00:00,Art & Crafts,PlayDoh Can,Lincoln Park,Residential,2021,Qtr 1,March,1,2021,190,Chicago,190.00000000000003,568.1
2021-03-01 00:00:00,Art & Crafts,PlayDoh Can,Michigan Ave,Commercial,2021,Qtr 1,March,1,2021,227,Chicago,227.00000000000006,678.73
2021-03-01 00:00:00,Art & Crafts,PlayDoh Can,Millenium,Downtown,2021,Qtr 1,March,1,2021,201,Chicago,201.00000000000006,600.99
2021-03-01 00:00:00,Art & Crafts,PlayDoh Playset,Lincoln Park,Residential,2021,Qtr 1,March,1,2021,8,Chicago,32,199.92
2021-03-01 00:00:00,Art & Crafts,PlayDoh Playset,Michigan Ave,Commercial,2021,Qtr 1,March,1,2021,29,Chicago,116,724.7099999999999
2021-03-01 00:00:00,Art & Crafts,PlayDoh Toolkit,Lincoln Park,Residential,2021,Qtr 1,March,1,2021,57,Chicago,57,284.43
2021-03-01 00:00:00,Electronics,Colorbuds,Fifth Avenue,Commercial,2021,Qtr 1,March,1,2021,52,New York,416,779.48
2021-03-01 00:00:00,Electronics,Colorbuds,Michigan Ave,Commercial,2021,Qtr 1,March,1,2021,227,Chicago,1816,3402.73
2021-03-01 00:00:00,Electronics,Gamer Headset,Fifth Avenue,Commercial,2021,Qtr 1,March,1,2021,12,New York,71.99999999999997,251.88
2021-03-01 00:00:00,Electronics,Toy Robot,Fifth Avenue,Commercial,2021,Qtr 1,March,1,2021,14,New York,70,363.85999999999996
2021-03-01 00:00:00,Electronics,Toy Robot,Lincoln Park,Residential,2021,Qtr 1,March,1,2021,4,Chicago,20,103.96
2021-03-01 00:00:00,Electronics,Toy Robot,Michigan Ave,Commercial,2021,Qtr 1,March,1,2021,74,Chicago,370,1923.26
2021-03-01 00:00:00,Games,Deck Of Cards,Fifth Avenue,Commercial,2021,Qtr 1,March,1,2021,22,New York,66,153.78
2021-03-01 00:00:00,Games,Deck Of Cards,Hollywood,Commercial,2021,Qtr 1,March,1,2021,79,Los Angeles,237,552.21
2021-03-01 00:00:00,Games,Deck Of Cards,Michigan Ave,Commercial,2021,Qtr 1,March,1,2021,107,Chicago,321,747.9300000000001
2021-03-01 00:00:00,Games,Glass Marbles,Fifth Avenue,Commercial,2021,Qtr 1,March,1,2021,8,New York,40,87.92
2021-03-01 00:00:00,Games,Glass Marbles,Michigan Ave,Commercial,2021,Qtr 1,March,1,2021,96,Chicago,480,1055.04
2021-03-01 00:00:00,Games,Jenga,Fifth Avenue,Commercial,2021,Qtr 1,March,1,2021,16,New York,112,159.84
2021-03-01 00:00:00,Games,Jenga,Lincoln Park,Residential,2021,Qtr 1,March,1,2021,22,Chicago,154,219.78
2021-03-01 00:00:00,Games,Jenga,Michigan Ave,Commercial,2021,Qtr 1,March,1,2021,13,Chicago,91,129.87
2021-03-01 00:00:00,Games,Monopoly,Lincoln Park,Residential,2021,Qtr 1,March,1,2021,23,Chicago,137.99999999999997,459.77
2021-03-01 00:00:00,Games,Rubik's Cube,Fifth Avenue,Commercial,2021,Qtr 1,March,1,2021,29,New York,58,579.7099999999999
2021-03-01 00:00:00,Games,Rubik's Cube,Lincoln Park,Residential,2021,Qtr 1,March,1,2021,27,Chicago,54,539.7299999999999
2021-03-01 00:00:00,Games,Rubik's Cube,Michigan Ave,Commercial,2021,Qtr 1,March,1,2021,146,Chicago,292,2918.54
2021-03-01 00:00:00,Games,Uno Card Game,Lincoln Park,Residential,2021,Qtr 1,March,1,2021,16,Chicago,64,127.84
2021-03-01 00:00:00,Sports & Outdoors,Dart Gun,Fifth Avenue,Commercial,2021,Qtr 1,March,1,2021,26,New York,104,415.74
2021-03-01 00:00:00,Sports & Outdoors,Dart Gun,Michigan Ave,Commercial,2021,Qtr 1,March,1,2021,26,Chicago,104,415.74
2021-03-01 00:00:00,Sports & Outdoors,Disk Launcher,Fifth Avenue,Commercial,2021,Qtr 1,March,1,2021,27,New York,81,323.73
2021-03-01 00:00:00,Sports & Outdoors,Disk Launcher,Michigan Ave,Commercial,2021,Qtr 1,March,1,2021,2,Chicago,6,23.98
2021-03-01 00:00:00,Sports & Outdoors,Mini Ping Pong,Fifth Avenue,Commercial,2021,Qtr 1,March,1,2021,24,New York,72,239.76
2021-03-01 00:00:00,Sports & Outdoors,Mini Ping Pong,Lincoln Park,Residential,2021,Qtr 1,March,1,2021,302,Chicago,906,3016.98
2021-03-01 00:00:00,Sports & Outdoors,Mini Ping Pong,Michigan Ave,Commercial,2021,Qtr 1,March,1,2021,22,Chicago,66,219.78
2021-03-01 00:00:00,Sports & Outdoors,Nerf Gun,Fifth Avenue,Commercial,2021,Qtr 1,March,1,2021,77,New York,384.9999999999999,1539.2299999999998
2021-03-01 00:00:00,Sports & Outdoors,Nerf Gun,Lincoln Park,Residential,2021,Qtr 1,March,1,2021,134,Chicago,669.9999999999998,2678.66
2021-03-01 00:00:00,Sports & Outdoors,Nerf Gun,Michigan Ave,Commercial,2021,Qtr 1,March,1,2021,89,Chicago,444.99999999999983,1779.11
2021-03-01 00:00:00,Sports & Outdoors,Splash Balls,Fifth Avenue,Commercial,2021,Qtr 1,March,1,2021,176,New York,176,1582.24
2021-03-01 00:00:00,Sports & Outdoors,Splash Balls,Lincoln Park,Residential,2021,Qtr 1,March,1,2021,35,Chicago,35,314.65000000000003
2021-03-01 00:00:00,Sports & Outdoors,Splash Balls,Michigan Ave,Commercial,2021,Qtr 1,March,1,2021,107,Chicago,107,961.9300000000001
2021-03-01 00:00:00,Sports & Outdoors,Water Gun,Fifth Avenue,Commercial,2021,Qtr 1,March,1,2021,9,New York,27,134.91
2021-03-01 00:00:00,Sports & Outdoors,Water Gun,Michigan Ave,Commercial,2021,Qtr 1,March,1,2021,16,Chicago,48,239.84
2021-03-01 00:00:00,Toys,Action Figure,Beverly Hills,Residential,2021,Qtr 1,March,1,2021,90,Los Angeles,540,1439.1
2021-03-01 00:00:00,Toys,Action Figure,Fifth Avenue,Commercial,2021,Qtr 1,March,1,2021,38,New York,228,607.62
2021-03-01 00:00:00,Toys,Action Figure,Michigan Ave,Commercial,2021,Qtr 1,March,1,2021,47,Chicago,282,751.53
2021-03-01 00:00:00,Toys,Animal Figures,Fifth Avenue,Commercial,2021,Qtr 1,March,1,2021,66,New York,198,857.34
2021-03-01 00:00:00,Toys,Animal Figures,Michigan Ave,Commercial,2021,Qtr 1,March,1,2021,119,Chicago,357,1545.81
2021-03-01 00:00:00,Toys,Dino Egg,Fifth Avenue,Commercial,2021,Qtr 1,March,1,2021,119,New York,119,1307.81
2021-03-01 00:00:00,Toys,Dino Egg,JFK,Airport,2021,Qtr 1,March,1,2021,23,New York,23,252.77
2021-03-01 00:00:00,Toys,Dino Egg,Michigan Ave,Commercial,2021,Qtr 1,March,1,2021,69,Chicago,69,758.3100000000001
2021-03-01 00:00:00,Toys,Dinosaur Figures,Michigan Ave,Commercial,2021,Qtr 1,March,1,2021,74,Chicago,296,1109.26
2021-03-01 00:00:00,Toys,Hot Wheels Pack,Fifth Avenue,Commercial,2021,Qtr 1,March,1,2021,54,New York,108,323.46000000000004
2021-03-01 00:00:00,Toys,Hot Wheels Pack,Michigan Ave,Commercial,2021,Qtr 1,March,1,2021,73,Chicago,146,437.27000000000004
2021-03-01 00:00:00,Toys,Lego Bricks,Fifth Avenue,Commercial,2021,Qtr 1,March,1,2021,118,New York,590,4718.820000000001
2021-03-01 00:00:00,Toys,Lego Bricks,Lincoln Park,Residential,2021,Qtr 1,March,1,2021,26,Chicago,130,1039.74
2021-03-01 00:00:00,Toys,Lego Bricks,Michigan Ave,Commercial,2021,Qtr 1,March,1,2021,66,Chicago,330,2639.34
2021-03-01 00:00:00,Toys,Lego Bricks,Times Square,Downtown,2021,Qtr 1,March,1,2021,88,New York,440,3519.1200000000003
2021-03-01 00:00:00,Toys,Mr. Potatohead,Fifth Avenue,Commercial,2021,Qtr 1,March,1,2021,23,New York,115,229.77
2021-03-01 00:00:00,Toys,Mr. Potatohead,Michigan Ave,Commercial,2021,Qtr 1,March,1,2021,25,Chicago,125,249.75
2021-03-01 00:00:00,Toys,Plush Pony,Fifth Avenue,Commercial,2021,Qtr 1,March,1,2021,9,New York,98.99999999999999,179.91
2021-03-01 00:00:00,Toys,Teddy Bear,Fifth Avenue,Commercial,2021,Qtr 1,March,1,2021,5,New York,10,64.95
2021-03-01 00:00:00,Toys,Teddy Bear,Lincoln Park,Residential,2021,Qtr 1,March,1,2021,24,Chicago,48,311.76
2021-03-01 00:00:00,Toys,Teddy Bear,Michigan Ave,Commercial,2021,Qtr 1,March,1,2021,16,Chicago,32,207.84
2021-03-02 00:00:00,Art & Crafts,Etch A Sketch,JFK,Airport,2021,Qtr 1,March,2,2021,39,New York,389.99999999999994,818.6099999999999
2021-03-02 00:00:00,Art & Crafts,Magic Sand,Times Square,Downtown,2021,Qtr 1,March,2,2021,162,New York,324,2590.38
2021-03-02 00:00:00,Art & Crafts,PlayDoh Toolkit,Millenium,Downtown,2021,Qtr 1,March,2,2021,11,Chicago,11,54.89
2021-03-02 00:00:00,Electronics,Colorbuds,O'Hare,Airport,2021,Qtr 1,March,2,2021,171,Chicago,1368,2563.29
2021-03-02 00:00:00,Toys,Animal Figures,Beverly Hills,Residential,2021,Qtr 1,March,2,2021,30,Los Angeles,90,389.7
2021-03-02 00:00:00,Toys,Dino Egg,Hollywood,Commercial,2021,Qtr 1,March,2,2021,93,Los Angeles,93,1022.07
2021-03-03 00:00:00,Art & Crafts,Barrel O' Slime,Beverly Hills,Residential,2021,Qtr 1,March,3,2021,256,Los Angeles,512,1021.44
2021-03-03 00:00:00,Games,Rubik's Cube,Millenium,Downtown,2021,Qtr 1,March,3,2021,88,Chicago,176,1759.12
2021-03-03 00:00:00,Sports & Outdoors,Dart Gun,O'Hare,Airport,2021,Qtr 1,March,3,2021,20,Chicago,80,319.8
2021-03-03 00:00:00,Sports & Outdoors,Disk Launcher,JFK,Airport,2021,Qtr 1,March,3,2021,12,New York,36,143.88
2021-03-03 00:00:00,Sports & Outdoors,Mini Ping Pong,Times Square,Downtown,2021,Qtr 1,March,3,2021,37,New York,111,369.63
2021-03-03 00:00:00,Toys,Dinosaur Figures,Hollywood,Commercial,2021,Qtr 1,March,3,2021,19,Los Angeles,76,284.81
2021-03-04 00:00:00,Art & Crafts,Etch A Sketch,Hollywood,Commercial,2021,Qtr 1,March,4,2021,6,Los Angeles,59.999999999999986,125.94
2021-03-04 00:00:00,Electronics,Gamer Headset,JFK,Airport,2021,Qtr 1,March,4,2021,86,New York,515.9999999999999,1805.1399999999999
2021-03-04 00:00:00,Games,Classic Dominoes,Beverly Hills,Residential,2021,Qtr 1,March,4,2021,13,Los Angeles,26,129.87
2021-03-04 00:00:00,Games,Deck Of Cards,O'Hare,Airport,2021,Qtr 1,March,4,2021,297,Chicago,891,2076.03
2021-03-04 00:00:00,Sports & Outdoors,Nerf Gun,Times Square,Downtown,2021,Qtr 1,March,4,2021,10,New York,49.999999999999986,199.89999999999998
2021-03-04 00:00:00,Sports & Outdoors,Splash Balls,Millenium,Downtown,2021,Qtr 1,March,4,2021,66,Chicago,66,593.34
2021-03-05 00:00:00,Art & Crafts,PlayDoh Can,Times Square,Downtown,2021,Qtr 1,March,5,2021,221,New York,221.00000000000006,660.7900000000001
2021-03-05 00:00:00,Games,Glass Marbles,JFK,Airport,2021,Qtr 1,March,5,2021,373,New York,1865,4099.27
2021-03-05 00:00:00,Sports & Outdoors,Dart Gun,Beverly Hills,Residential,2021,Qtr 1,March,5,2021,29,Los Angeles,116,463.71
2021-03-05 00:00:00,Sports & Outdoors,Disk Launcher,Hollywood,Commercial,2021,Qtr 1,March,5,2021,46,Los Angeles,138,551.54
2021-03-05 00:00:00,Toys,Dino Egg,O'Hare,Airport,2021,Qtr 1,March,5,2021,61,Chicago,61,670.39
2021-03-05 00:00:00,Toys,Teddy Bear,Millenium,Downtown,2021,Qtr 1,March,5,2021,39,Chicago,78,506.61
2021-03-06 00:00:00,Art & Crafts,Etch A Sketch,O'Hare,Airport,2021,Qtr 1,March,6,2021,37,Chicago,369.99999999999994,776.63
2021-03-06 00:00:00,Art & Crafts,PlayDoh Toolkit,Times Square,Downtown,2021,Qtr 1,March,6,2021,31,New York,31,154.69
2021-03-06 00:00:00,Electronics,Gamer Headset,Hollywood,Commercial,2021,Qtr 1,March,6,2021,6,Los Angeles,35.999999999999986,125.94
2021-03-06 00:00:00,Games,Deck Of Cards,Beverly Hills,Residential,2021,Qtr 1,March,6,2021,101,Los Angeles,303,705.99
2021-03-06 00:00:00,Games,Uno Card Game,Millenium,Downtown,2021,Qtr 1,March,6,2021,1,Chicago,4,7.99
2021-03-06 00:00:00,Toys,Hot Wheels Pack,JFK,Airport,2021,Qtr 1,March,6,2021,26,New York,52,155.74
2021-03-07 00:00:00,Art & Crafts,Kids Makeup Kit,JFK,Airport,2021,Qtr 1,March,7,2021,27,New York,161.99999999999994,539.7299999999999
2021-03-07 00:00:00,Games,Rubik's Cube,Times Square,Downtown,2021,Qtr 1,March,7,2021,151,New York,302,3018.49
2021-03-07 00:00:00,Sports & Outdoors,Disk Launcher,O'Hare,Airport,2021,Qtr 1,March,7,2021,90,Chicago,270,1079.1
2021-03-07 00:00:00,Toys,Action Figure,LAX,Airport,2021,Qtr 1,March,7,2021,93,Los Angeles,558,1487.07
2021-03-07 00:00:00,Toys,Dino Egg,Beverly Hills,Residential,2021,Qtr 1,March,7,2021,38,Los Angeles,38,417.62
2021-03-07 00:00:00,Toys,Hot Wheels Pack,Hollywood,Commercial,2021,Qtr 1,March,7,2021,24,Los Angeles,48,143.76
2021-03-08 00:00:00,Art & Crafts,Magic Sand,Hollywood,Commercial,2021,Qtr 1,March,8,2021,126,Los Angeles,252,2014.74
2021-03-08 00:00:00,Electronics,Gamer Headset,O'Hare,Airport,2021,Qtr 1,March,8,2021,137,Chicago,821.9999999999998,2875.6299999999997
2021-03-08 00:00:00,Sports & Outdoors,Splash Balls,Times Square,Downtown,2021,Qtr 1,March,8,2021,37,New York,37,332.63
2021-03-08 00:00:00,Toys,Animal Figures,LAX,Airport,2021,Qtr 1,March,8,2021,104,Los Angeles,312,1350.96
2021-03-08 00:00:00,Toys,Dinosaur Figures,Beverly Hills,Residential,2021,Qtr 1,March,8,2021,43,Los Angeles,172,644.57
2021-03-08 00:00:00,Toys,Lego Bricks,JFK,Airport,2021,Qtr 1,March,8,2021,62,New York,310,2479.38
2021-03-09 00:00:00,Art & Crafts,Barrel O' Slime,LAX,Airport,2021,Qtr 1,March,9,2021,268,Los Angeles,536,1069.3200000000002
2021-03-09 00:00:00,Art & Crafts,Etch A Sketch,Beverly Hills,Residential,2021,Qtr 1,March,9,2021,27,Los Angeles,269.99999999999994,566.7299999999999
2021-03-09 00:00:00,Art & Crafts,Magic Sand,JFK,Airport,2021,Qtr 1,March,9,2021,25,New York,50,399.75
2021-03-09 00:00:00,Games,Glass Marbles,O'Hare,Airport,2021,Qtr 1,March,9,2021,130,Chicago,650,1428.7
2021-03-09 00:00:00,Games,Uno Card Game,Times Square,Downtown,2021,Qtr 1,March,9,2021,4,New York,16,31.96
2021-03-09 00:00:00,Sports & Outdoors,Mini Ping Pong,Hollywood,Commercial,2021,Qtr 1,March,9,2021,25,Los Angeles,75,249.75
2021-03-10 00:00:00,Electronics,Colorbuds,LAX,Airport,2021,Qtr 1,March,10,2021,81,Los Angeles,648,1214.19
2021-03-10 00:00:00,Sports & Outdoors,Basketball Hoop,JFK,Airport,2021,Qtr 1,March,10,2021,8,New York,127.99999999999999,199.92
2021-03-10 00:00:00,Sports & Outdoors,Disk Launcher,Beverly Hills,Residential,2021,Qtr 1,March,10,2021,9,Los Angeles,27,107.91
2021-03-10 00:00:00,Toys,Action Figure,Millenium,Downtown,2021,Qtr 1,March,10,2021,87,Chicago,522,1391.13
2021-03-10 00:00:00,Toys,Hot Wheels Pack,O'Hare,Airport,2021,Qtr 1,March,10,2021,49,Chicago,98,293.51
2021-03-10 00:00:00,Toys,Mr. Potatohead,Hollywood,Commercial,2021,Qtr 1,March,10,2021,28,Los Angeles,140,279.72
2021-03-11 00:00:00,Electronics,Gamer Headset,Beverly Hills,Residential,2021,Qtr 1,March,11,2021,33,Los Angeles,197.99999999999994,692.67
2021-03-11 00:00:00,Games,Jenga,O'Hare,Airport,2021,Qtr 1,March,11,2021,55,Chicago,385,549.45
2021-03-11 00:00:00,Sports & Outdoors,Dart Gun,LAX,Airport,2021,Qtr 1,March,11,2021,44,Los Angeles,176,703.5600000000001
2021-03-11 00:00:00,Sports & Outdoors,Mini Ping Pong,JFK,Airport,2021,Qtr 1,March,11,2021,4,New York,12,39.96
2021-03-11 00:00:00,Sports & Outdoors,Nerf Gun,Hollywood,Commercial,2021,Qtr 1,March,11,2021,20,Los Angeles,99.99999999999997,399.79999999999995
2021-03-11 00:00:00,Toys,Animal Figures,Millenium,Downtown,2021,Qtr 1,March,11,2021,39,Chicago,117,506.61
2021-03-12 00:00:00,Art & Crafts,Barrel O' Slime,Millenium,Downtown,2021,Qtr 1,March,12,2021,296,Chicago,592,1181.04
2021-03-12 00:00:00,Art & Crafts,Kids Makeup Kit,O'Hare,Airport,2021,Qtr 1,March,12,2021,21,Chicago,125.99999999999996,419.78999999999996
2021-03-12 00:00:00,Art & Crafts,PlayDoh Can,Hollywood,Commercial,2021,Qtr 1,March,12,2021,103,Los Angeles,103.00000000000003,307.97
2021-03-12 00:00:00,Games,Deck Of Cards,LAX,Airport,2021,Qtr 1,March,12,2021,32,Los Angeles,96,223.68
2021-03-12 00:00:00,Games,Glass Marbles,Beverly Hills,Residential,2021,Qtr 1,March,12,2021,40,Los Angeles,200,439.6
2021-03-12 00:00:00,Games,Monopoly,JFK,Airport,2021,Qtr 1,March,12,2021,14,New York,83.99999999999997,279.85999999999996
2021-03-13 00:00:00,Art & Crafts,PlayDoh Toolkit,Hollywood,Commercial,2021,Qtr 1,March,13,2021,20,Los Angeles,20,99.80000000000001
2021-03-13 00:00:00,Games,Chutes & Ladders,Millenium,Downtown,2021,Qtr 1,March,13,2021,11,Chicago,33,142.89000000000001
2021-03-13 00:00:00,Toys,Dino Egg,LAX,Airport,2021,Qtr 1,March,13,2021,125,Los Angeles,125,1373.75
2021-03-13 00:00:00,Toys,Hot Wheels Pack,Beverly Hills,Residential,2021,Qtr 1,March,13,2021,6,Los Angeles,12,35.94
2021-03-13 00:00:00,Toys,Lego Bricks,O'Hare,Airport,2021,Qtr 1,March,13,2021,118,Chicago,590,4718.820000000001
2021-03-13 00:00:00,Toys,Mr. Potatohead,JFK,Airport,2021,Qtr 1,March,13,2021,9,New York,45,89.91
2021-03-14 00:00:00,Art & Crafts,Magic Sand,O'Hare,Airport,2021,Qtr 1,March,14,2021,121,Chicago,242,1934.79
2021-03-14 00:00:00,Games,Classic Dominoes,Millenium,Downtown,2021,Qtr 1,March,14,2021,19,Chicago,38,189.81
2021-03-14 00:00:00,Games,Jenga,Beverly Hills,Residential,2021,Qtr 1,March,14,2021,30,Los Angeles,210,299.7
2021-03-14 00:00:00,Games,Rubik's Cube,Hollywood,Commercial,2021,Qtr 1,March,14,2021,111,Los Angeles,222,2218.89
2021-03-14 00:00:00,Sports & Outdoors,Nerf Gun,JFK,Airport,2021,Qtr 1,March,14,2021,149,New York,744.9999999999998,2978.5099999999998
2021-03-14 00:00:00,Toys,Dinosaur Figures,LAX,Airport,2021,Qtr 1,March,14,2021,20,Los Angeles,80,299.8
2021-03-15 00:00:00,Art & Crafts,Etch A Sketch,LAX,Airport,2021,Qtr 1,March,15,2021,5,Los Angeles,49.99999999999999,104.94999999999999
2021-03-15 00:00:00,Art & Crafts,Kids Makeup Kit,Beverly Hills,Residential,2021,Qtr 1,March,15,2021,14,Los Angeles,83.99999999999997,279.85999999999996
2021-03-15 00:00:00,Art & Crafts,PlayDoh Can,JFK,Airport,2021,Qtr 1,March,15,2021,99,New York,99.00000000000003,296.01000000000005
2021-03-15 00:00:00,Electronics,Colorbuds,Millenium,Downtown,2021,Qtr 1,March,15,2021,21,Chicago,168,314.79
2021-03-15 00:00:00,Sports & Outdoors,Mini Ping Pong,O'Hare,Airport,2021,Qtr 1,March,15,2021,97,Chicago,291,969.03
2021-03-15 00:00:00,Sports & Outdoors,Splash Balls,Hollywood,Commercial,2021,Qtr 1,March,15,2021,9,Los Angeles,9,80.91
2021-03-16 00:00:00,Art & Crafts,PlayDoh Toolkit,JFK,Airport,2021,Qtr 1,March,16,2021,12,New York,12,59.88
2021-03-16 00:00:00,Electronics,Toy Robot,Hollywood,Commercial,2021,Qtr 1,March,16,2021,21,Los Angeles,105,545.79
2021-03-16 00:00:00,Sports & Outdoors,Dart Gun,Millenium,Downtown,2021,Qtr 1,March,16,2021,65,Chicago,260,1039.35
2021-03-16 00:00:00,Sports & Outdoors,Disk Launcher,LAX,Airport,2021,Qtr 1,March,16,2021,20,Los Angeles,60,239.8
2021-03-16 00:00:00,Sports & Outdoors,Nerf Gun,O'Hare,Airport,2021,Qtr 1,March,16,2021,126,Chicago,629.9999999999998,2518.74
2021-03-16 00:00:00,Toys,Lego Bricks,Beverly Hills,Residential,2021,Qtr 1,March,16,2021,47,Los Angeles,235,1879.5300000000002
2021-03-17 00:00:00,Art & Crafts,Magic Sand,Beverly Hills,Residential,2021,Qtr 1,March,17,2021,120,Los Angeles,240,1918.8
2021-03-17 00:00:00,Art & Crafts,PlayDoh Can,O'Hare,Airport,2021,Qtr 1,March,17,2021,225,Chicago,225.00000000000006,672.75
2021-03-17 00:00:00,Electronics,Gamer Headset,LAX,Airport,2021,Qtr 1,March,17,2021,31,Los Angeles,185.99999999999994,650.6899999999999
2021-03-17 00:00:00,Games,Deck Of Cards,Millenium,Downtown,2021,Qtr 1,March,17,2021,100,Chicago,300,699
2021-03-17 00:00:00,Games,Rubik's Cube,JFK,Airport,2021,Qtr 1,March,17,2021,15,New York,30,299.84999999999997
2021-03-17 00:00:00,Toys,Action Figure,Times Square,Downtown,2021,Qtr 1,March,17,2021,33,New York,198,527.67
2021-03-18 00:00:00,Art & Crafts,PlayDoh Playset,O'Hare,Airport,2021,Qtr 1,March,18,2021,9,Chicago,36,224.91
2021-03-18 00:00:00,Games,Glass Marbles,LAX,Airport,2021,Qtr 1,March,18,2021,13,Los Angeles,65,142.87
2021-03-18 00:00:00,Sports & Outdoors,Mini Ping Pong,Beverly Hills,Residential,2021,Qtr 1,March,18,2021,31,Los Angeles,93,309.69
2021-03-18 00:00:00,Sports & Outdoors,Splash Balls,JFK,Airport,2021,Qtr 1,March,18,2021,69,New York,69,620.3100000000001
2021-03-18 00:00:00,Toys,Animal Figures,Times Square,Downtown,2021,Qtr 1,March,18,2021,87,New York,261,1130.13
2021-03-18 00:00:00,Toys,Dino Egg,Millenium,Downtown,2021,Qtr 1,March,18,2021,248,Chicago,248,2725.52
2021-03-19 00:00:00,Art & Crafts,Barrel O' Slime,Times Square,Downtown,2021,Qtr 1,March,19,2021,280,New York,560,1117.2
2021-03-19 00:00:00,Art & Crafts,PlayDoh Toolkit,O'Hare,Airport,2021,Qtr 1,March,19,2021,27,Chicago,27,134.73000000000002
2021-03-19 00:00:00,Toys,Action Figure,Lincoln Park,Residential,2021,Qtr 1,March,19,2021,32,Chicago,192,511.68
2021-03-19 00:00:00,Toys,Dinosaur Figures,Millenium,Downtown,2021,Qtr 1,March,19,2021,58,Chicago,232,869.42
2021-03-19 00:00:00,Toys,Hot Wheels Pack,LAX,Airport,2021,Qtr 1,March,19,2021,25,Los Angeles,50,149.75
2021-03-19 00:00:00,Toys,Mr. Potatohead,Beverly Hills,Residential,2021,Qtr 1,March,19,2021,20,Los Angeles,100,199.8
2021-03-20 00:00:00,Art & Crafts,Etch A Sketch,Millenium,Downtown,2021,Qtr 1,March,20,2021,16,Chicago,159.99999999999997,335.84
2021-03-20 00:00:00,Art & Crafts,Kids Makeup Kit,LAX,Airport,2021,Qtr 1,March,20,2021,29,Los Angeles,173.99999999999994,579.7099999999999
2021-03-20 00:00:00,Games,Chutes & Ladders,Times Square,Downtown,2021,Qtr 1,March,20,2021,25,New York,75,324.75
2021-03-20 00:00:00,Games,Rubik's Cube,O'Hare,Airport,2021,Qtr 1,March,20,2021,47,Chicago,94,939.53
2021-03-20 00:00:00,Sports & Outdoors,Nerf Gun,Beverly Hills,Residential,2021,Qtr 1,March,20,2021,176,Los Angeles,879.9999999999997,3518.24
2021-03-20 00:00:00,Toys,Animal Figures,Lincoln Park,Residential,2021,Qtr 1,March,20,2021,53,Chicago,159,688.47
2021-03-21 00:00:00,Art & Crafts,Barrel O' Slime,Lincoln Park,Residential,2021,Qtr 1,March,21,2021,594,Chicago,1188,2370.06
2021-03-21 00:00:00,Art & Crafts,PlayDoh Can,Beverly Hills,Residential,2021,Qtr 1,March,21,2021,119,Los Angeles,119.00000000000003,355.81
2021-03-21 00:00:00,Games,Classic Dominoes,Times Square,Downtown,2021,Qtr 1,March,21,2021,30,New York,60,299.7
2021-03-21 00:00:00,Sports & Outdoors,Disk Launcher,Millenium,Downtown,2021,Qtr 1,March,21,2021,17,Chicago,51,203.83
2021-03-21 00:00:00,Sports & Outdoors,Splash Balls,O'Hare,Airport,2021,Qtr 1,March,21,2021,77,Chicago,77,692.23
2021-03-21 00:00:00,Toys,Lego Bricks,LAX,Airport,2021,Qtr 1,March,21,2021,72,Los Angeles,360,2879.28
2021-03-22 00:00:00,Art & Crafts,Magic Sand,LAX,Airport,2021,Qtr 1,March,22,2021,171,Los Angeles,342,2734.29
2021-03-22 00:00:00,Electronics,Colorbuds,Times Square,Downtown,2021,Qtr 1,March,22,2021,74,New York,592,1109.26
2021-03-22 00:00:00,Electronics,Gamer Headset,Millenium,Downtown,2021,Qtr 1,March,22,2021,1,Chicago,5.999999999999998,20.99
2021-03-22 00:00:00,Games,Classic Dominoes,Lincoln Park,Residential,2021,Qtr 1,March,22,2021,34,Chicago,68,339.66
2021-03-22 00:00:00,Games,Rubik's Cube,Beverly Hills,Residential,2021,Qtr 1,March,22,2021,123,Los Angeles,246,2458.77
2021-03-22 00:00:00,Sports & Outdoors,Water Gun,O'Hare,Airport,2021,Qtr 1,March,22,2021,16,Chicago,48,239.84
2021-03-23 00:00:00,Electronics,Colorbuds,Lincoln Park,Residential,2021,Qtr 1,March,23,2021,76,Chicago,608,1139.24
2021-03-23 00:00:00,Electronics,Toy Robot,O'Hare,Airport,2021,Qtr 1,March,23,2021,3,Chicago,15,77.97
2021-03-23 00:00:00,Sports & Outdoors,Dart Gun,Times Square,Downtown,2021,Qtr 1,March,23,2021,38,New York,152,607.62
2021-03-23 00:00:00,Sports & Outdoors,Mini Ping Pong,LAX,Airport,2021,Qtr 1,March,23,2021,8,Los Angeles,24,79.92
2021-03-23 00:00:00,Sports & Outdoors,Water Gun,Beverly Hills,Residential,2021,Qtr 1,March,23,2021,7,Los Angeles,21,104.93
2021-03-23 00:00:00,Toys,Hot Wheels Pack,Millenium,Downtown,2021,Qtr 1,March,23,2021,20,Chicago,40,119.80000000000001
2021-03-24 00:00:00,Games,Deck Of Cards,Times Square,Downtown,2021,Qtr 1,March,24,2021,83,New York,249,580.1700000000001
2021-03-24 00:00:00,Games,Jenga,Millenium,Downtown,2021,Qtr 1,March,24,2021,13,Chicago,91,129.87
2021-03-24 00:00:00,Sports & Outdoors,Dart Gun,Lincoln Park,Residential,2021,Qtr 1,March,24,2021,28,Chicago,112,447.72
2021-03-24 00:00:00,Toys,Action Figure,JFK,Airport,2021,Qtr 1,March,24,2021,46,New York,276,735.54
2021-03-24 00:00:00,Toys,Mr. Potatohead,LAX,Airport,2021,Qtr 1,March,24,2021,4,Los Angeles,20,39.96
2021-03-24 00:00:00,Toys,Teddy Bear,Beverly Hills,Residential,2021,Qtr 1,March,24,2021,64,Los Angeles,128,831.36
2021-03-25 00:00:00,Art & Crafts,Kids Makeup Kit,Millenium,Downtown,2021,Qtr 1,March,25,2021,13,Chicago,77.99999999999997,259.87
2021-03-25 00:00:00,Electronics,Toy Robot,Beverly Hills,Residential,2021,Qtr 1,March,25,2021,15,Los Angeles,75,389.84999999999997
2021-03-25 00:00:00,Games,Deck Of Cards,Lincoln Park,Residential,2021,Qtr 1,March,25,2021,102,Chicago,306,712.98
2021-03-25 00:00:00,Sports & Outdoors,Nerf Gun,LAX,Airport,2021,Qtr 1,March,25,2021,111,Los Angeles,554.9999999999998,2218.89
2021-03-25 00:00:00,Toys,Animal Figures,JFK,Airport,2021,Qtr 1,March,25,2021,29,New York,87,376.71
2021-03-25 00:00:00,Toys,Dino Egg,Times Square,Downtown,2021,Qtr 1,March,25,2021,43,New York,43,472.57
2021-03-26 00:00:00,Art & Crafts,Barrel O' Slime,JFK,Airport,2021,Qtr 1,March,26,2021,52,New York,104,207.48000000000002
2021-03-26 00:00:00,Art & Crafts,PlayDoh Can,LAX,Airport,2021,Qtr 1,March,26,2021,221,Los Angeles,221.00000000000006,660.7900000000001
2021-03-26 00:00:00,Games,Uno Card Game,Beverly Hills,Residential,2021,Qtr 1,March,26,2021,8,Los Angeles,32,63.92
2021-03-26 00:00:00,Toys,Dino Egg,Lincoln Park,Residential,2021,Qtr 1,March,26,2021,146,Chicago,146,1604.54
2021-03-26 00:00:00,Toys,Dinosaur Figures,Times Square,Downtown,2021,Qtr 1,March,26,2021,114,New York,456,1708.8600000000001
2021-03-26 00:00:00,Toys,Lego Bricks,Millenium,Downtown,2021,Qtr 1,March,26,2021,160,Chicago,800,6398.400000000001
2021-03-27 00:00:00,Art & Crafts,Etch A Sketch,Times Square,Downtown,2021,Qtr 1,March,27,2021,37,New York,369.99999999999994,776.63
2021-03-27 00:00:00,Art & Crafts,Magic Sand,Millenium,Downtown,2021,Qtr 1,March,27,2021,182,Chicago,364,2910.18
2021-03-27 00:00:00,Art & Crafts,PlayDoh Toolkit,LAX,Airport,2021,Qtr 1,March,27,2021,47,Los Angeles,47,234.53
2021-03-27 00:00:00,Games,Chutes & Ladders,JFK,Airport,2021,Qtr 1,March,27,2021,28,New York,84,363.72
2021-03-27 00:00:00,Toys,Action Figure,Hollywood,Commercial,2021,Qtr 1,March,27,2021,112,Los Angeles,672,1790.88
2021-03-27 00:00:00,Toys,Dinosaur Figures,Lincoln Park,Residential,2021,Qtr 1,March,27,2021,16,Chicago,64,239.84
2021-03-28 00:00:00,Art & Crafts,Etch A Sketch,Lincoln Park,Residential,2021,Qtr 1,March,28,2021,53,Chicago,529.9999999999999,1112.47
2021-03-28 00:00:00,Games,Classic Dominoes,JFK,Airport,2021,Qtr 1,March,28,2021,26,New York,52,259.74
2021-03-28 00:00:00,Games,Rubik's Cube,LAX,Airport,2021,Qtr 1,March,28,2021,92,Los Angeles,184,1839.08
2021-03-28 00:00:00,Sports & Outdoors,Disk Launcher,Times Square,Downtown,2021,Qtr 1,March,28,2021,14,New York,42,167.86
2021-03-28 00:00:00,Sports & Outdoors,Mini Ping Pong,Millenium,Downtown,2021,Qtr 1,March,28,2021,124,Chicago,372,1238.76
2021-03-28 00:00:00,Toys,Animal Figures,Hollywood,Commercial,2021,Qtr 1,March,28,2021,33,Los Angeles,99,428.67
2021-03-29 00:00:00,Art & Crafts,Barrel O' Slime,Hollywood,Commercial,2021,Qtr 1,March,29,2021,145,Los Angeles,290,578.5500000000001
2021-03-29 00:00:00,Electronics,Colorbuds,JFK,Airport,2021,Qtr 1,March,29,2021,43,New York,344,644.57
2021-03-29 00:00:00,Electronics,Gamer Headset,Times Square,Downtown,2021,Qtr 1,March,29,2021,36,New York,215.99999999999994,755.64
2021-03-29 00:00:00,Games,Monopoly,Millenium,Downtown,2021,Qtr 1,March,29,2021,5,Chicago,29.999999999999993,99.94999999999999
2021-03-29 00:00:00,Sports & Outdoors,Disk Launcher,Lincoln Park,Residential,2021,Qtr 1,March,29,2021,19,Chicago,57,227.81
2021-03-29 00:00:00,Sports & Outdoors,Splash Balls,LAX,Airport,2021,Qtr 1,March,29,2021,58,Los Angeles,58,521.42
2021-03-30 00:00:00,Electronics,Colorbuds,Hollywood,Commercial,2021,Qtr 1,March,30,2021,68,Los Angeles,544,1019.32
2021-03-30 00:00:00,Games,Glass Marbles,Lincoln Park,Residential,2021,Qtr 1,March,30,2021,53,Chicago,265,582.47
2021-03-30 00:00:00,Games,Glass Marbles,Times Square,Downtown,2021,Qtr 1,March,30,2021,28,New York,140,307.72
2021-03-30 00:00:00,Sports & Outdoors,Dart Gun,JFK,Airport,2021,Qtr 1,March,30,2021,23,New York,92,367.77
2021-03-30 00:00:00,Toys,Action Figure,O'Hare,Airport,2021,Qtr 1,March,30,2021,130,Chicago,780,2078.7
2021-03-30 00:00:00,Toys,Mr. Potatohead,Millenium,Downtown,2021,Qtr 1,March,30,2021,33,Chicago,165,329.67
2021-03-31 00:00:00,Games,Deck Of Cards,JFK,Airport,2021,Qtr 1,March,31,2021,168,New York,504,1174.32
2021-03-31 00:00:00,Sports & Outdoors,Dart Gun,Hollywood,Commercial,2021,Qtr 1,March,31,2021,20,Los Angeles,80,319.8
2021-03-31 00:00:00,Sports & Outdoors,Nerf Gun,Millenium,Downtown,2021,Qtr 1,March,31,2021,61,Chicago,304.9999999999999,1219.3899999999999
2021-03-31 00:00:00,Toys,Animal Figures,O'Hare,Airport,2021,Qtr 1,March,31,2021,61,Chicago,183,792.39
2021-03-31 00:00:00,Toys,Hot Wheels Pack,Lincoln Park,Residential,2021,Qtr 1,March,31,2021,10,Chicago,20,59.900000000000006
2021-03-31 00:00:00,Toys,Hot Wheels Pack,Times Square,Downtown,2021,Qtr 1,March,31,2021,70,New York,140,419.3
2021-04-01 00:00:00,Art & Crafts,Barrel O' Slime,Fifth Avenue,Commercial,2021,Qtr 2,April,1,2021,71,New York,142,283.29
2021-04-01 00:00:00,Art & Crafts,Barrel O' Slime,JFK,Airport,2021,Qtr 2,April,1,2021,56,New York,112,223.44
2021-04-01 00:00:00,Art & Crafts,Barrel O' Slime,LAX,Airport,2021,Qtr 2,April,1,2021,274,Los Angeles,548,1093.26
2021-04-01 00:00:00,Art & Crafts,Barrel O' Slime,Lincoln Park,Residential,2021,Qtr 2,April,1,2021,355,Chicago,710,1416.45
2021-04-01 00:00:00,Art & Crafts,Barrel O' Slime,Michigan Ave,Commercial,2021,Qtr 2,April,1,2021,198,Chicago,396,790.0200000000001
2021-04-01 00:00:00,Art & Crafts,Barrel O' Slime,O'Hare,Airport,2021,Qtr 2,April,1,2021,221,Chicago,442,881.7900000000001
2021-04-01 00:00:00,Art & Crafts,Etch A Sketch,Fifth Avenue,Commercial,2021,Qtr 2,April,1,2021,36,New York,359.99999999999994,755.64
2021-04-01 00:00:00,Art & Crafts,Etch A Sketch,LAX,Airport,2021,Qtr 2,April,1,2021,66,Los Angeles,659.9999999999999,1385.34
2021-04-01 00:00:00,Art & Crafts,Etch A Sketch,Lincoln Park,Residential,2021,Qtr 2,April,1,2021,10,Chicago,99.99999999999999,209.89999999999998
2021-04-01 00:00:00,Art & Crafts,Etch A Sketch,Michigan Ave,Commercial,2021,Qtr 2,April,1,2021,26,Chicago,259.99999999999994,545.74
2021-04-01 00:00:00,Art & Crafts,Etch A Sketch,O'Hare,Airport,2021,Qtr 2,April,1,2021,45,Chicago,449.99999999999994,944.55
2021-04-01 00:00:00,Art & Crafts,Kids Makeup Kit,Fifth Avenue,Commercial,2021,Qtr 2,April,1,2021,24,New York,143.99999999999994,479.76
2021-04-01 00:00:00,Art & Crafts,Kids Makeup Kit,JFK,Airport,2021,Qtr 2,April,1,2021,43,New York,257.99999999999994,859.5699999999999
2021-04-01 00:00:00,Art & Crafts,Kids Makeup Kit,LAX,Airport,2021,Qtr 2,April,1,2021,12,Los Angeles,71.99999999999997,239.88
2021-04-01 00:00:00,Art & Crafts,Kids Makeup Kit,Lincoln Park,Residential,2021,Qtr 2,April,1,2021,188,Chicago,1127.9999999999998,3758.12
2021-04-01 00:00:00,Art & Crafts,Kids Makeup Kit,Michigan Ave,Commercial,2021,Qtr 2,April,1,2021,12,Chicago,71.99999999999997,239.88
2021-04-01 00:00:00,Art & Crafts,Kids Makeup Kit,O'Hare,Airport,2021,Qtr 2,April,1,2021,33,Chicago,197.99999999999994,659.67
2021-04-01 00:00:00,Art & Crafts,Magic Sand,Fifth Avenue,Commercial,2021,Qtr 2,April,1,2021,113,New York,226,1806.8700000000001
2021-04-01 00:00:00,Art & Crafts,Magic Sand,JFK,Airport,2021,Qtr 2,April,1,2021,61,New York,122,975.39
2021-04-01 00:00:00,Art & Crafts,Magic Sand,LAX,Airport,2021,Qtr 2,April,1,2021,238,Los Angeles,476,3805.62
2021-04-01 00:00:00,Art & Crafts,Magic Sand,Lincoln Park,Residential,2021,Qtr 2,April,1,2021,117,Chicago,234,1870.83
2021-04-01 00:00:00,Art & Crafts,Magic Sand,Michigan Ave,Commercial,2021,Qtr 2,April,1,2021,83,Chicago,166,1327.17
2021-04-01 00:00:00,Art & Crafts,Magic Sand,Millenium,Downtown,2021,Qtr 2,April,1,2021,202,Chicago,404,3229.98
2021-04-01 00:00:00,Art & Crafts,Magic Sand,O'Hare,Airport,2021,Qtr 2,April,1,2021,252,Chicago,504,4029.48
2021-04-01 00:00:00,Art & Crafts,PlayDoh Can,Fifth Avenue,Commercial,2021,Qtr 2,April,1,2021,35,New York,35.00000000000001,104.65
2021-04-01 00:00:00,Art & Crafts,PlayDoh Can,JFK,Airport,2021,Qtr 2,April,1,2021,230,New York,230.00000000000006,687.7
2021-04-01 00:00:00,Art & Crafts,PlayDoh Can,LAX,Airport,2021,Qtr 2,April,1,2021,204,Los Angeles,204.00000000000006,609.96
2021-04-01 00:00:00,Art & Crafts,PlayDoh Can,Lincoln Park,Residential,2021,Qtr 2,April,1,2021,273,Chicago,273.00000000000006,816.2700000000001
2021-04-01 00:00:00,Art & Crafts,PlayDoh Can,Michigan Ave,Commercial,2021,Qtr 2,April,1,2021,108,Chicago,108.00000000000003,322.92
2021-04-01 00:00:00,Art & Crafts,PlayDoh Can,Millenium,Downtown,2021,Qtr 2,April,1,2021,201,Chicago,201.00000000000006,600.99
2021-04-01 00:00:00,Art & Crafts,PlayDoh Can,O'Hare,Airport,2021,Qtr 2,April,1,2021,295,Chicago,295.00000000000006,882.0500000000001
2021-04-01 00:00:00,Art & Crafts,PlayDoh Playset,JFK,Airport,2021,Qtr 2,April,1,2021,17,New York,68,424.83
2021-04-01 00:00:00,Art & Crafts,PlayDoh Playset,LAX,Airport,2021,Qtr 2,April,1,2021,20,Los Angeles,80,499.79999999999995
2021-04-01 00:00:00,Art & Crafts,PlayDoh Playset,Lincoln Park,Residential,2021,Qtr 2,April,1,2021,19,Chicago,76,474.80999999999995
2021-04-01 00:00:00,Art & Crafts,PlayDoh Playset,Michigan Ave,Commercial,2021,Qtr 2,April,1,2021,13,Chicago,52,324.87
2021-04-01 00:00:00,Art & Crafts,PlayDoh Toolkit,Fifth Avenue,Commercial,2021,Qtr 2,April,1,2021,7,New York,7,34.93
2021-04-01 00:00:00,Art & Crafts,PlayDoh Toolkit,JFK,Airport,2021,Qtr 2,April,1,2021,41,New York,41,204.59
2021-04-01 00:00:00,Art & Crafts,PlayDoh Toolkit,LAX,Airport,2021,Qtr 2,April,1,2021,46,Los Angeles,46,229.54000000000002
2021-04-01 00:00:00,Art & Crafts,PlayDoh Toolkit,Lincoln Park,Residential,2021,Qtr 2,April,1,2021,27,Chicago,27,134.73000000000002
2021-04-01 00:00:00,Art & Crafts,PlayDoh Toolkit,Michigan Ave,Commercial,2021,Qtr 2,April,1,2021,9,Chicago,9,44.910000000000004
2021-04-01 00:00:00,Art & Crafts,PlayDoh Toolkit,Millenium,Downtown,2021,Qtr 2,April,1,2021,62,Chicago,62,309.38
2021-04-01 00:00:00,Art & Crafts,PlayDoh Toolkit,O'Hare,Airport,2021,Qtr 2,April,1,2021,13,Chicago,13,64.87
2021-04-01 00:00:00,Electronics,Colorbuds,Fifth Avenue,Commercial,2021,Qtr 2,April,1,2021,23,New York,184,344.77
2021-04-01 00:00:00,Electronics,Colorbuds,Hollywood,Commercial,2021,Qtr 2,April,1,2021,25,Los Angeles,200,374.75
2021-04-01 00:00:00,Electronics,Colorbuds,JFK,Airport,2021,Qtr 2,April,1,2021,67,New York,536,1004.33
2021-04-01 00:00:00,Electronics,Colorbuds,LAX,Airport,2021,Qtr 2,April,1,2021,80,Los Angeles,640,1199.2
2021-04-01 00:00:00,Electronics,Colorbuds,Lincoln Park,Residential,2021,Qtr 2,April,1,2021,87,Chicago,696,1304.13
2021-04-01 00:00:00,Electronics,Colorbuds,Michigan Ave,Commercial,2021,Qtr 2,April,1,2021,64,Chicago,512,959.36
2021-04-01 00:00:00,Electronics,Colorbuds,O'Hare,Airport,2021,Qtr 2,April,1,2021,196,Chicago,1568,2938.04
2021-04-01 00:00:00,Electronics,Gamer Headset,Fifth Avenue,Commercial,2021,Qtr 2,April,1,2021,19,New York,113.99999999999997,398.80999999999995
2021-04-01 00:00:00,Electronics,Gamer Headset,JFK,Airport,2021,Qtr 2,April,1,2021,23,New York,137.99999999999997,482.77
2021-04-01 00:00:00,Electronics,Gamer Headset,Michigan Ave,Commercial,2021,Qtr 2,April,1,2021,33,Chicago,197.99999999999994,692.67
2021-04-01 00:00:00,Electronics,Gamer Headset,O'Hare,Airport,2021,Qtr 2,April,1,2021,109,Chicago,653.9999999999998,2287.91
2021-04-01 00:00:00,Electronics,Gamer Headset,Times Square,Downtown,2021,Qtr 2,April,1,2021,57,New York,341.9999999999999,1196.4299999999998
2021-04-01 00:00:00,Electronics,Toy Robot,Fifth Avenue,Commercial,2021,Qtr 2,April,1,2021,33,New York,165,857.67
2021-04-01 00:00:00,Electronics,Toy Robot,LAX,Airport,2021,Qtr 2,April,1,2021,53,Los Angeles,265,1377.47
2021-04-01 00:00:00,Electronics,Toy Robot,Lincoln Park,Residential,2021,Qtr 2,April,1,2021,19,Chicago,95,493.80999999999995
2021-04-01 00:00:00,Electronics,Toy Robot,Michigan Ave,Commercial,2021,Qtr 2,April,1,2021,21,Chicago,105,545.79
2021-04-01 00:00:00,Electronics,Toy Robot,O'Hare,Airport,2021,Qtr 2,April,1,2021,29,Chicago,145,753.7099999999999
2021-04-01 00:00:00,Games,Chutes & Ladders,JFK,Airport,2021,Qtr 2,April,1,2021,10,New York,30,129.9
2021-04-01 00:00:00,Games,Classic Dominoes,JFK,Airport,2021,Qtr 2,April,1,2021,3,New York,6,29.97
2021-04-01 00:00:00,Games,Deck Of Cards,Fifth Avenue,Commercial,2021,Qtr 2,April,1,2021,18,New York,54,125.82000000000001
2021-04-01 00:00:00,Games,Deck Of Cards,JFK,Airport,2021,Qtr 2,April,1,2021,190,New York,570,1328.1000000000001
2021-04-01 00:00:00,Games,Deck Of Cards,LAX,Airport,2021,Qtr 2,April,1,2021,56,Los Angeles,168,391.44
2021-04-01 00:00:00,Games,Deck Of Cards,Lincoln Park,Residential,2021,Qtr 2,April,1,2021,93,Chicago,279,650.07
2021-04-01 00:00:00,Games,Deck Of Cards,Michigan Ave,Commercial,2021,Qtr 2,April,1,2021,26,Chicago,78,181.74
2021-04-01 00:00:00,Games,Deck Of Cards,O'Hare,Airport,2021,Qtr 2,April,1,2021,316,Chicago,948,2208.84
2021-04-01 00:00:00,Games,Glass Marbles,Fifth Avenue,Commercial,2021,Qtr 2,April,1,2021,82,New York,410,901.1800000000001
2021-04-01 00:00:00,Games,Glass Marbles,JFK,Airport,2021,Qtr 2,April,1,2021,873,New York,4365,9594.27
2021-04-01 00:00:00,Games,Glass Marbles,LAX,Airport,2021,Qtr 2,April,1,2021,79,Los Angeles,395,868.21
2021-04-01 00:00:00,Games,Glass Marbles,Lincoln Park,Residential,2021,Qtr 2,April,1,2021,67,Chicago,335,736.33
2021-04-01 00:00:00,Games,Glass Marbles,Michigan Ave,Commercial,2021,Qtr 2,April,1,2021,20,Chicago,100,219.8
2021-04-01 00:00:00,Games,Glass Marbles,O'Hare,Airport,2021,Qtr 2,April,1,2021,81,Chicago,405,890.19
2021-04-01 00:00:00,Games,Jenga,Fifth Avenue,Commercial,2021,Qtr 2,April,1,2021,12,New York,84,119.88
2021-04-01 00:00:00,Games,Jenga,LAX,Airport,2021,Qtr 2,April,1,2021,2,Los Angeles,14,19.98
2021-04-01 00:00:00,Games,Jenga,Lincoln Park,Residential,2021,Qtr 2,April,1,2021,28,Chicago,196,279.72
2021-04-01 00:00:00,Games,Jenga,O'Hare,Airport,2021,Qtr 2,April,1,2021,44,Chicago,308,439.56
2021-04-01 00:00:00,Games,Monopoly,Lincoln Park,Residential,2021,Qtr 2,April,1,2021,12,Chicago,71.99999999999997,239.88
2021-04-01 00:00:00,Games,Monopoly,Millenium,Downtown,2021,Qtr 2,April,1,2021,3,Chicago,17.999999999999993,59.97
2021-04-01 00:00:00,Games,Rubik's Cube,Fifth Avenue,Commercial,2021,Qtr 2,April,1,2021,5,New York,10,99.94999999999999
2021-04-01 00:00:00,Games,Rubik's Cube,LAX,Airport,2021,Qtr 2,April,1,2021,80,Los Angeles,160,1599.1999999999998
2021-04-01 00:00:00,Games,Rubik's Cube,Lincoln Park,Residential,2021,Qtr 2,April,1,2021,73,Chicago,146,1459.27
2021-04-01 00:00:00,Games,Rubik's Cube,Michigan Ave,Commercial,2021,Qtr 2,April,1,2021,161,Chicago,322,3218.39
2021-04-01 00:00:00,Games,Rubik's Cube,Millenium,Downtown,2021,Qtr 2,April,1,2021,59,Chicago,118,1179.4099999999999
2021-04-01 00:00:00,Games,Rubik's Cube,O'Hare,Airport,2021,Qtr 2,April,1,2021,48,Chicago,96,959.52
2021-04-01 00:00:00,Games,Uno Card Game,Millenium,Downtown,2021,Qtr 2,April,1,2021,10,Chicago,40,79.9
2021-04-01 00:00:00,Sports & Outdoors,Basketball Hoop,Millenium,Downtown,2021,Qtr 2,April,1,2021,4,Chicago,63.99999999999999,99.96
2021-04-01 00:00:00,Sports & Outdoors,Dart Gun,Fifth Avenue,Commercial,2021,Qtr 2,April,1,2021,10,New York,40,159.9
2021-04-01 00:00:00,Sports & Outdoors,Dart Gun,LAX,Airport,2021,Qtr 2,April,1,2021,59,Los Angeles,236,943.41
2021-04-01 00:00:00,Sports & Outdoors,Dart Gun,Lincoln Park,Residential,2021,Qtr 2,April,1,2021,25,Chicago,100,399.75
2021-04-01 00:00:00,Sports & Outdoors,Dart Gun,Michigan Ave,Commercial,2021,Qtr 2,April,1,2021,36,Chicago,144,575.64
2021-04-01 00:00:00,Sports & Outdoors,Dart Gun,O'Hare,Airport,2021,Qtr 2,April,1,2021,23,Chicago,92,367.77
2021-04-01 00:00:00,Sports & Outdoors,Disk Launcher,Fifth Avenue,Commercial,2021,Qtr 2,April,1,2021,52,New York,156,623.48
2021-04-01 00:00:00,Sports & Outdoors,Disk Launcher,JFK,Airport,2021,Qtr 2,April,1,2021,7,New York,21,83.93
2021-04-01 00:00:00,Sports & Outdoors,Disk Launcher,LAX,Airport,2021,Qtr 2,April,1,2021,25,Los Angeles,75,299.75
2021-04-01 00:00:00,Sports & Outdoors,Disk Launcher,Lincoln Park,Residential,2021,Qtr 2,April,1,2021,58,Chicago,174,695.42
2021-04-01 00:00:00,Sports & Outdoors,Disk Launcher,Michigan Ave,Commercial,2021,Qtr 2,April,1,2021,9,Chicago,27,107.91
2021-04-01 00:00:00,Sports & Outdoors,Disk Launcher,O'Hare,Airport,2021,Qtr 2,April,1,2021,88,Chicago,264,1055.1200000000001
2021-04-01 00:00:00,Sports & Outdoors,Mini Ping Pong,Lincoln Park,Residential,2021,Qtr 2,April,1,2021,161,Chicago,483,1608.39
2021-04-01 00:00:00,Sports & Outdoors,Mini Ping Pong,Michigan Ave,Commercial,2021,Qtr 2,April,1,2021,38,Chicago,114,379.62
2021-04-01 00:00:00,Sports & Outdoors,Mini Ping Pong,Millenium,Downtown,2021,Qtr 2,April,1,2021,34,Chicago,102,339.66
2021-04-01 00:00:00,Sports & Outdoors,Mini Ping Pong,O'Hare,Airport,2021,Qtr 2,April,1,2021,47,Chicago,141,469.53000000000003
2021-04-01 00:00:00,Sports & Outdoors,Nerf Gun,Fifth Avenue,Commercial,2021,Qtr 2,April,1,2021,106,New York,529.9999999999998,2118.94
2021-04-01 00:00:00,Sports & Outdoors,Nerf Gun,JFK,Airport,2021,Qtr 2,April,1,2021,41,New York,204.99999999999991,819.5899999999999
2021-04-01 00:00:00,Sports & Outdoors,Nerf Gun,LAX,Airport,2021,Qtr 2,April,1,2021,22,Los Angeles,109.99999999999996,439.78
2021-04-01 00:00:00,Sports & Outdoors,Nerf Gun,Lincoln Park,Residential,2021,Qtr 2,April,1,2021,65,Chicago,324.9999999999999,1299.35
2021-04-01 00:00:00,Sports & Outdoors,Nerf Gun,Michigan Ave,Commercial,2021,Qtr 2,April,1,2021,76,Chicago,379.9999999999999,1519.2399999999998
2021-04-01 00:00:00,Sports & Outdoors,Nerf Gun,Millenium,Downtown,2021,Qtr 2,April,1,2021,88,Chicago,439.99999999999983,1759.12
2021-04-01 00:00:00,Sports & Outdoors,Nerf Gun,O'Hare,Airport,2021,Qtr 2,April,1,2021,111,Chicago,554.9999999999998,2218.89
2021-04-01 00:00:00,Sports & Outdoors,Splash Balls,Fifth Avenue,Commercial,2021,Qtr 2,April,1,2021,259,New York,259,2328.41
2021-04-01 00:00:00,Sports & Outdoors,Splash Balls,JFK,Airport,2021,Qtr 2,April,1,2021,76,New York,76,683.24
2021-04-01 00:00:00,Sports & Outdoors,Splash Balls,LAX,Airport,2021,Qtr 2,April,1,2021,63,Los Angeles,63,566.37
2021-04-01 00:00:00,Sports & Outdoors,Splash Balls,Lincoln Park,Residential,2021,Qtr 2,April,1,2021,44,Chicago,44,395.56
2021-04-01 00:00:00,Sports & Outdoors,Splash Balls,Michigan Ave,Commercial,2021,Qtr 2,April,1,2021,2,Chicago,2,17.98
2021-04-01 00:00:00,Sports & Outdoors,Splash Balls,Millenium,Downtown,2021,Qtr 2,April,1,2021,42,Chicago,42,377.58
2021-04-01 00:00:00,Sports & Outdoors,Splash Balls,O'Hare,Airport,2021,Qtr 2,April,1,2021,178,Chicago,178,1600.22
2021-04-01 00:00:00,Sports & Outdoors,Water Gun,Fifth Avenue,Commercial,2021,Qtr 2,April,1,2021,23,New York,69,344.77
2021-04-01 00:00:00,Sports & Outdoors,Water Gun,JFK,Airport,2021,Qtr 2,April,1,2021,8,New York,24,119.92
2021-04-01 00:00:00,Sports & Outdoors,Water Gun,Lincoln Park,Residential,2021,Qtr 2,April,1,2021,19,Chicago,57,284.81
2021-04-01 00:00:00,Sports & Outdoors,Water Gun,Millenium,Downtown,2021,Qtr 2,April,1,2021,3,Chicago,9,44.97
2021-04-01 00:00:00,Sports & Outdoors,Water Gun,O'Hare,Airport,2021,Qtr 2,April,1,2021,41,Chicago,123,614.59
2021-04-01 00:00:00,Toys,Action Figure,Beverly Hills,Residential,2021,Qtr 2,April,1,2021,37,Los Angeles,222,591.63
2021-04-01 00:00:00,Toys,Action Figure,Fifth Avenue,Commercial,2021,Qtr 2,April,1,2021,47,New York,282,751.53
2021-04-01 00:00:00,Toys,Action Figure,JFK,Airport,2021,Qtr 2,April,1,2021,86,New York,516,1375.14
2021-04-01 00:00:00,Toys,Action Figure,LAX,Airport,2021,Qtr 2,April,1,2021,125,Los Angeles,750,1998.75
2021-04-01 00:00:00,Toys,Action Figure,Lincoln Park,Residential,2021,Qtr 2,April,1,2021,11,Chicago,66,175.89000000000001
2021-04-01 00:00:00,Toys,Action Figure,Michigan Ave,Commercial,2021,Qtr 2,April,1,2021,103,Chicago,618,1646.97
2021-04-01 00:00:00,Toys,Action Figure,O'Hare,Airport,2021,Qtr 2,April,1,2021,93,Chicago,558,1487.07
2021-04-01 00:00:00,Toys,Animal Figures,Fifth Avenue,Commercial,2021,Qtr 2,April,1,2021,52,New York,156,675.48
2021-04-01 00:00:00,Toys,Animal Figures,JFK,Airport,2021,Qtr 2,April,1,2021,25,New York,75,324.75
2021-04-01 00:00:00,Toys,Animal Figures,LAX,Airport,2021,Qtr 2,April,1,2021,21,Los Angeles,63,272.79
2021-04-01 00:00:00,Toys,Animal Figures,Lincoln Park,Residential,2021,Qtr 2,April,1,2021,63,Chicago,189,818.37
2021-04-01 00:00:00,Toys,Animal Figures,Michigan Ave,Commercial,2021,Qtr 2,April,1,2021,57,Chicago,171,740.4300000000001
2021-04-01 00:00:00,Toys,Animal Figures,O'Hare,Airport,2021,Qtr 2,April,1,2021,112,Chicago,336,1454.88
2021-04-01 00:00:00,Toys,Dino Egg,Fifth Avenue,Commercial,2021,Qtr 2,April,1,2021,14,New York,14,153.86
2021-04-01 00:00:00,Toys,Dino Egg,JFK,Airport,2021,Qtr 2,April,1,2021,61,New York,61,670.39
2021-04-01 00:00:00,Toys,Dino Egg,LAX,Airport,2021,Qtr 2,April,1,2021,124,Los Angeles,124,1362.76
2021-04-01 00:00:00,Toys,Dino Egg,Lincoln Park,Residential,2021,Qtr 2,April,1,2021,106,Chicago,106,1164.94
2021-04-01 00:00:00,Toys,Dino Egg,Michigan Ave,Commercial,2021,Qtr 2,April,1,2021,77,Chicago,77,846.23
2021-04-01 00:00:00,Toys,Dino Egg,O'Hare,Airport,2021,Qtr 2,April,1,2021,97,Chicago,97,1066.03
2021-04-01 00:00:00,Toys,Dinosaur Figures,JFK,Airport,2021,Qtr 2,April,1,2021,3,New York,12,44.97
2021-04-01 00:00:00,Toys,Dinosaur Figures,LAX,Airport,2021,Qtr 2,April,1,2021,97,Los Angeles,388,1454.03
2021-04-01 00:00:00,Toys,Dinosaur Figures,Lincoln Park,Residential,2021,Qtr 2,April,1,2021,27,Chicago,108,404.73
2021-04-01 00:00:00,Toys,Dinosaur Figures,Michigan Ave,Commercial,2021,Qtr 2,April,1,2021,45,Chicago,180,674.55
2021-04-01 00:00:00,Toys,Hot Wheels Pack,Fifth Avenue,Commercial,2021,Qtr 2,April,1,2021,12,New York,24,71.88
2021-04-01 00:00:00,Toys,Hot Wheels Pack,JFK,Airport,2021,Qtr 2,April,1,2021,10,New York,20,59.900000000000006
2021-04-01 00:00:00,Toys,Hot Wheels Pack,LAX,Airport,2021,Qtr 2,April,1,2021,13,Los Angeles,26,77.87
2021-04-01 00:00:00,Toys,Hot Wheels Pack,Lincoln Park,Residential,2021,Qtr 2,April,1,2021,17,Chicago,34,101.83
2021-04-01 00:00:00,Toys,Hot Wheels Pack,Michigan Ave,Commercial,2021,Qtr 2,April,1,2021,48,Chicago,96,287.52
2021-04-01 00:00:00,Toys,Hot Wheels Pack,O'Hare,Airport,2021,Qtr 2,April,1,2021,58,Chicago,116,347.42
2021-04-01 00:00:00,Toys,Lego Bricks,Fifth Avenue,Commercial,2021,Qtr 2,April,1,2021,99,New York,495,3959.01
2021-04-01 00:00:00,Toys,Lego Bricks,JFK,Airport,2021,Qtr 2,April,1,2021,117,New York,585,4678.83
2021-04-01 00:00:00,Toys,Lego Bricks,LAX,Airport,2021,Qtr 2,April,1,2021,110,Los Angeles,550,4398.900000000001
2021-04-01 00:00:00,Toys,Lego Bricks,Lincoln Park,Residential,2021,Qtr 2,April,1,2021,95,Chicago,475,3799.05
2021-04-01 00:00:00,Toys,Lego Bricks,Michigan Ave,Commercial,2021,Qtr 2,April,1,2021,66,Chicago,330,2639.34
2021-04-01 00:00:00,Toys,Lego Bricks,O'Hare,Airport,2021,Qtr 2,April,1,2021,54,Chicago,270,2159.46
2021-04-01 00:00:00,Toys,Mr. Potatohead,Fifth Avenue,Commercial,2021,Qtr 2,April,1,2021,4,New York,20,39.96
2021-04-01 00:00:00,Toys,Mr. Potatohead,JFK,Airport,2021,Qtr 2,April,1,2021,21,New York,105,209.79
2021-04-01 00:00:00,Toys,Mr. Potatohead,Lincoln Park,Residential,2021,Qtr 2,April,1,2021,7,Chicago,35,69.93
2021-04-01 00:00:00,Toys,Mr. Potatohead,Michigan Ave,Commercial,2021,Qtr 2,April,1,2021,34,Chicago,170,339.66
2021-04-01 00:00:00,Toys,Mr. Potatohead,Millenium,Downtown,2021,Qtr 2,April,1,2021,62,Chicago,310,619.38
2021-04-01 00:00:00,Toys,Mr. Potatohead,O'Hare,Airport,2021,Qtr 2,April,1,2021,13,Chicago,65,129.87
2021-04-01 00:00:00,Toys,Plush Pony,Fifth Avenue,Commercial,2021,Qtr 2,April,1,2021,11,New York,120.99999999999999,219.89
2021-04-01 00:00:00,Toys,Plush Pony,JFK,Airport,2021,Qtr 2,April,1,2021,12,New York,131.99999999999997,239.88
2021-04-01 00:00:00,Toys,Plush Pony,LAX,Airport,2021,Qtr 2,April,1,2021,13,Los Angeles,142.99999999999997,259.87
2021-04-01 00:00:00,Toys,Plush Pony,Lincoln Park,Residential,2021,Qtr 2,April,1,2021,25,Chicago,274.99999999999994,499.74999999999994
2021-04-01 00:00:00,Toys,Plush Pony,Millenium,Downtown,2021,Qtr 2,April,1,2021,22,Chicago,241.99999999999997,439.78
2021-04-01 00:00:00,Toys,Plush Pony,O'Hare,Airport,2021,Qtr 2,April,1,2021,9,Chicago,98.99999999999999,179.91
2021-04-01 00:00:00,Toys,Teddy Bear,LAX,Airport,2021,Qtr 2,April,1,2021,13,Los Angeles,26,168.87
2021-04-01 00:00:00,Toys,Teddy Bear,Lincoln Park,Residential,2021,Qtr 2,April,1,2021,8,Chicago,16,103.92
2021-04-01 00:00:00,Toys,Teddy Bear,Millenium,Downtown,2021,Qtr 2,April,1,2021,23,Chicago,46,298.77
2021-04-01 00:00:00,Toys,Teddy Bear,O'Hare,Airport,2021,Qtr 2,April,1,2021,11,Chicago,22,142.89000000000001
2021-04-02 00:00:00,Games,Glass Marbles,Times Square,Downtown,2021,Qtr 2,April,2,2021,1,New York,5,10.99
2021-04-02 00:00:00,Sports & Outdoors,Dart Gun,Hollywood,Commercial,2021,Qtr 2,April,2,2021,28,Los Angeles,112,447.72
2021-04-02 00:00:00,Toys,Animal Figures,Beverly Hills,Residential,2021,Qtr 2,April,2,2021,11,Los Angeles,33,142.89000000000001
2021-04-03 00:00:00,Art & Crafts,Barrel O' Slime,Beverly Hills,Residential,2021,Qtr 2,April,3,2021,173,Los Angeles,346,690.27
2021-04-03 00:00:00,Games,Deck Of Cards,Hollywood,Commercial,2021,Qtr 2,April,3,2021,21,Los Angeles,63,146.79
2021-04-03 00:00:00,Toys,Hot Wheels Pack,Times Square,Downtown,2021,Qtr 2,April,3,2021,64,New York,128,383.36
2021-04-04 00:00:00,Games,Classic Dominoes,Beverly Hills,Residential,2021,Qtr 2,April,4,2021,10,Los Angeles,20,99.9
2021-04-04 00:00:00,Toys,Dino Egg,Hollywood,Commercial,2021,Qtr 2,April,4,2021,21,Los Angeles,21,230.79
2021-04-04 00:00:00,Toys,Lego Bricks,Times Square,Downtown,2021,Qtr 2,April,4,2021,73,New York,365,2919.27
2021-04-05 00:00:00,Art & Crafts,Magic Sand,Times Square,Downtown,2021,Qtr 2,April,5,2021,207,New York,414,3309.93
2021-04-05 00:00:00,Sports & Outdoors,Dart Gun,Beverly Hills,Residential,2021,Qtr 2,April,5,2021,34,Los Angeles,136,543.66
2021-04-05 00:00:00,Toys,Dinosaur Figures,Hollywood,Commercial,2021,Qtr 2,April,5,2021,4,Los Angeles,16,59.96
2021-04-06 00:00:00,Art & Crafts,Etch A Sketch,Hollywood,Commercial,2021,Qtr 2,April,6,2021,40,Los Angeles,399.99999999999994,839.5999999999999
2021-04-06 00:00:00,Games,Deck Of Cards,Beverly Hills,Residential,2021,Qtr 2,April,6,2021,67,Los Angeles,201,468.33000000000004
2021-04-06 00:00:00,Sports & Outdoors,Mini Ping Pong,Times Square,Downtown,2021,Qtr 2,April,6,2021,13,New York,39,129.87
2021-04-07 00:00:00,Games,Monopoly,Times Square,Downtown,2021,Qtr 2,April,7,2021,36,New York,215.99999999999994,719.64
2021-04-07 00:00:00,Sports & Outdoors,Disk Launcher,Hollywood,Commercial,2021,Qtr 2,April,7,2021,14,Los Angeles,42,167.86
2021-04-07 00:00:00,Toys,Dino Egg,Beverly Hills,Residential,2021,Qtr 2,April,7,2021,14,Los Angeles,14,153.86
2021-04-08 00:00:00,Electronics,Gamer Headset,Hollywood,Commercial,2021,Qtr 2,April,8,2021,26,Los Angeles,155.99999999999994,545.74
2021-04-08 00:00:00,Toys,Dinosaur Figures,Beverly Hills,Residential,2021,Qtr 2,April,8,2021,20,Los Angeles,80,299.8
2021-04-08 00:00:00,Toys,Mr. Potatohead,Times Square,Downtown,2021,Qtr 2,April,8,2021,15,New York,75,149.85
2021-04-09 00:00:00,Art & Crafts,Etch A Sketch,Beverly Hills,Residential,2021,Qtr 2,April,9,2021,63,Los Angeles,629.9999999999999,1322.37
2021-04-09 00:00:00,Games,Glass Marbles,Hollywood,Commercial,2021,Qtr 2,April,9,2021,30,Los Angeles,150,329.7
2021-04-09 00:00:00,Sports & Outdoors,Nerf Gun,Times Square,Downtown,2021,Qtr 2,April,9,2021,41,New York,204.99999999999991,819.5899999999999
2021-04-10 00:00:00,Art & Crafts,PlayDoh Can,Times Square,Downtown,2021,Qtr 2,April,10,2021,435,New York,435.0000000000001,1300.65
2021-04-10 00:00:00,Sports & Outdoors,Disk Launcher,Beverly Hills,Residential,2021,Qtr 2,April,10,2021,36,Los Angeles,108,431.64
2021-04-10 00:00:00,Toys,Hot Wheels Pack,Hollywood,Commercial,2021,Qtr 2,April,10,2021,3,Los Angeles,6,17.97
2021-04-11 00:00:00,Art & Crafts,Kids Makeup Kit,Hollywood,Commercial,2021,Qtr 2,April,11,2021,34,Los Angeles,203.99999999999994,679.66
2021-04-11 00:00:00,Art & Crafts,PlayDoh Playset,Times Square,Downtown,2021,Qtr 2,April,11,2021,11,New York,44,274.89
2021-04-11 00:00:00,Electronics,Gamer Headset,Beverly Hills,Residential,2021,Qtr 2,April,11,2021,26,Los Angeles,155.99999999999994,545.74
2021-04-12 00:00:00,Art & Crafts,Magic Sand,Hollywood,Commercial,2021,Qtr 2,April,12,2021,124,Los Angeles,248,1982.76
2021-04-12 00:00:00,Art & Crafts,PlayDoh Toolkit,Times Square,Downtown,2021,Qtr 2,April,12,2021,6,New York,6,29.94
2021-04-12 00:00:00,Games,Glass Marbles,Beverly Hills,Residential,2021,Qtr 2,April,12,2021,32,Los Angeles,160,351.68
2021-04-13 00:00:00,Games,Rubik's Cube,Times Square,Downtown,2021,Qtr 2,April,13,2021,61,New York,122,1219.3899999999999
2021-04-13 00:00:00,Sports & Outdoors,Mini Ping Pong,Hollywood,Commercial,2021,Qtr 2,April,13,2021,30,Los Angeles,90,299.7
2021-04-13 00:00:00,Toys,Hot Wheels Pack,Beverly Hills,Residential,2021,Qtr 2,April,13,2021,10,Los Angeles,20,59.900000000000006
2021-04-14 00:00:00,Games,Jenga,Beverly Hills,Residential,2021,Qtr 2,April,14,2021,4,Los Angeles,28,39.96
2021-04-14 00:00:00,Sports & Outdoors,Splash Balls,Times Square,Downtown,2021,Qtr 2,April,14,2021,81,New York,81,728.19
2021-04-14 00:00:00,Toys,Mr. Potatohead,Hollywood,Commercial,2021,Qtr 2,April,14,2021,12,Los Angeles,60,119.88
2021-04-15 00:00:00,Games,Uno Card Game,Times Square,Downtown,2021,Qtr 2,April,15,2021,21,New York,84,167.79
2021-04-15 00:00:00,Sports & Outdoors,Nerf Gun,Hollywood,Commercial,2021,Qtr 2,April,15,2021,49,Los Angeles,244.99999999999991,979.5099999999999
2021-04-15 00:00:00,Toys,Lego Bricks,Beverly Hills,Residential,2021,Qtr 2,April,15,2021,46,Los Angeles,230,1839.5400000000002
2021-04-16 00:00:00,Art & Crafts,Magic Sand,Beverly Hills,Residential,2021,Qtr 2,April,16,2021,172,Los Angeles,344,2750.28
2021-04-16 00:00:00,Art & Crafts,PlayDoh Can,Hollywood,Commercial,2021,Qtr 2,April,16,2021,97,Los Angeles,97.00000000000003,290.03000000000003
2021-04-16 00:00:00,Toys,Action Figure,Millenium,Downtown,2021,Qtr 2,April,16,2021,104,Chicago,624,1662.96
2021-04-17 00:00:00,Art & Crafts,PlayDoh Toolkit,Hollywood,Commercial,2021,Qtr 2,April,17,2021,34,Los Angeles,34,169.66
2021-04-17 00:00:00,Sports & Outdoors,Mini Ping Pong,Beverly Hills,Residential,2021,Qtr 2,April,17,2021,8,Los Angeles,24,79.92
2021-04-17 00:00:00,Toys,Animal Figures,Millenium,Downtown,2021,Qtr 2,April,17,2021,58,Chicago,174,753.42
2021-04-18 00:00:00,Art & Crafts,Barrel O' Slime,Millenium,Downtown,2021,Qtr 2,April,18,2021,325,Chicago,650,1296.75
2021-04-18 00:00:00,Games,Monopoly,Beverly Hills,Residential,2021,Qtr 2,April,18,2021,6,Los Angeles,35.999999999999986,119.94
2021-04-18 00:00:00,Games,Rubik's Cube,Hollywood,Commercial,2021,Qtr 2,April,18,2021,60,Los Angeles,120,1199.3999999999999
2021-04-19 00:00:00,Games,Classic Dominoes,Millenium,Downtown,2021,Qtr 2,April,19,2021,21,Chicago,42,209.79
2021-04-19 00:00:00,Sports & Outdoors,Splash Balls,Hollywood,Commercial,2021,Qtr 2,April,19,2021,28,Los Angeles,28,251.72
2021-04-19 00:00:00,Toys,Mr. Potatohead,Beverly Hills,Residential,2021,Qtr 2,April,19,2021,9,Los Angeles,45,89.91
2021-04-20 00:00:00,Sports & Outdoors,Dart Gun,Millenium,Downtown,2021,Qtr 2,April,20,2021,60,Chicago,240,959.4
2021-04-20 00:00:00,Sports & Outdoors,Nerf Gun,Beverly Hills,Residential,2021,Qtr 2,April,20,2021,26,Los Angeles,129.99999999999994,519.74
2021-04-20 00:00:00,Toys,Action Figure,Times Square,Downtown,2021,Qtr 2,April,20,2021,89,New York,534,1423.1100000000001
2021-04-21 00:00:00,Art & Crafts,PlayDoh Can,Beverly Hills,Residential,2021,Qtr 2,April,21,2021,48,Los Angeles,48.000000000000014,143.52
2021-04-21 00:00:00,Games,Deck Of Cards,Millenium,Downtown,2021,Qtr 2,April,21,2021,162,Chicago,486,1132.38
2021-04-21 00:00:00,Toys,Animal Figures,Times Square,Downtown,2021,Qtr 2,April,21,2021,44,New York,132,571.5600000000001
2021-04-22 00:00:00,Art & Crafts,Barrel O' Slime,Times Square,Downtown,2021,Qtr 2,April,22,2021,305,New York,610,1216.95
2021-04-22 00:00:00,Art & Crafts,PlayDoh Toolkit,Beverly Hills,Residential,2021,Qtr 2,April,22,2021,14,Los Angeles,14,69.86
2021-04-22 00:00:00,Toys,Dino Egg,Millenium,Downtown,2021,Qtr 2,April,22,2021,201,Chicago,201,2208.9900000000002
2021-04-23 00:00:00,Art & Crafts,Etch A Sketch,Millenium,Downtown,2021,Qtr 2,April,23,2021,19,Chicago,189.99999999999997,398.80999999999995
2021-04-23 00:00:00,Games,Chutes & Ladders,Times Square,Downtown,2021,Qtr 2,April,23,2021,19,New York,57,246.81
2021-04-23 00:00:00,Games,Rubik's Cube,Beverly Hills,Residential,2021,Qtr 2,April,23,2021,70,Los Angeles,140,1399.3
2021-04-24 00:00:00,Electronics,Colorbuds,Times Square,Downtown,2021,Qtr 2,April,24,2021,93,New York,744,1394.07
2021-04-24 00:00:00,Sports & Outdoors,Disk Launcher,Millenium,Downtown,2021,Qtr 2,April,24,2021,14,Chicago,42,167.86
2021-04-24 00:00:00,Sports & Outdoors,Splash Balls,Beverly Hills,Residential,2021,Qtr 2,April,24,2021,26,Los Angeles,26,233.74
2021-04-25 00:00:00,Electronics,Gamer Headset,Millenium,Downtown,2021,Qtr 2,April,25,2021,43,Chicago,257.99999999999994,902.5699999999999
2021-04-25 00:00:00,Sports & Outdoors,Dart Gun,Times Square,Downtown,2021,Qtr 2,April,25,2021,37,New York,148,591.63
2021-04-25 00:00:00,Sports & Outdoors,Water Gun,Beverly Hills,Residential,2021,Qtr 2,April,25,2021,21,Los Angeles,63,314.79
2021-04-26 00:00:00,Electronics,Toy Robot,Beverly Hills,Residential,2021,Qtr 2,April,26,2021,4,Los Angeles,20,103.96
2021-04-26 00:00:00,Games,Deck Of Cards,Times Square,Downtown,2021,Qtr 2,April,26,2021,80,New York,240,559.2
2021-04-26 00:00:00,Games,Glass Marbles,Millenium,Downtown,2021,Qtr 2,April,26,2021,30,Chicago,150,329.7
2021-04-27 00:00:00,Games,Uno Card Game,Beverly Hills,Residential,2021,Qtr 2,April,27,2021,27,Los Angeles,108,215.73000000000002
2021-04-27 00:00:00,Toys,Dino Egg,Times Square,Downtown,2021,Qtr 2,April,27,2021,60,New York,60,659.4
2021-04-27 00:00:00,Toys,Hot Wheels Pack,Millenium,Downtown,2021,Qtr 2,April,27,2021,22,Chicago,44,131.78
2021-04-28 00:00:00,Games,Jenga,Millenium,Downtown,2021,Qtr 2,April,28,2021,11,Chicago,77,109.89
2021-04-28 00:00:00,Toys,Action Figure,Hollywood,Commercial,2021,Qtr 2,April,28,2021,51,Los Angeles,306,815.49
2021-04-28 00:00:00,Toys,Dinosaur Figures,Times Square,Downtown,2021,Qtr 2,April,28,2021,96,New York,384,1439.04
2021-04-29 00:00:00,Art & Crafts,Etch A Sketch,Times Square,Downtown,2021,Qtr 2,April,29,2021,30,New York,299.99999999999994,629.6999999999999
2021-04-29 00:00:00,Art & Crafts,Kids Makeup Kit,Millenium,Downtown,2021,Qtr 2,April,29,2021,53,Chicago,317.9999999999999,1059.47
2021-04-29 00:00:00,Toys,Animal Figures,Hollywood,Commercial,2021,Qtr 2,April,29,2021,51,Los Angeles,153,662.49
2021-04-30 00:00:00,Art & Crafts,Barrel O' Slime,Hollywood,Commercial,2021,Qtr 2,April,30,2021,201,Los Angeles,402,801.99
2021-04-30 00:00:00,Sports & Outdoors,Disk Launcher,Times Square,Downtown,2021,Qtr 2,April,30,2021,101,New York,303,1210.99
2021-04-30 00:00:00,Toys,Lego Bricks,Millenium,Downtown,2021,Qtr 2,April,30,2021,70,Chicago,350,2799.3
2021-05-01 00:00:00,Art & Crafts,Barrel O' Slime,Fifth Avenue,Commercial,2021,Qtr 2,May,1,2021,17,New York,34,67.83
2021-05-01 00:00:00,Art & Crafts,Barrel O' Slime,JFK,Airport,2021,Qtr 2,May,1,2021,64,New York,128,255.36
2021-05-01 00:00:00,Art & Crafts,Barrel O' Slime,LAX,Airport,2021,Qtr 2,May,1,2021,158,Los Angeles,316,630.4200000000001
2021-05-01 00:00:00,Art & Crafts,Barrel O' Slime,Lincoln Park,Residential,2021,Qtr 2,May,1,2021,259,Chicago,518,1033.41
2021-05-01 00:00:00,Art & Crafts,Barrel O' Slime,Michigan Ave,Commercial,2021,Qtr 2,May,1,2021,121,Chicago,242,482.79
2021-05-01 00:00:00,Art & Crafts,Barrel O' Slime,Millenium,Downtown,2021,Qtr 2,May,1,2021,259,Chicago,518,1033.41
2021-05-01 00:00:00,Art & Crafts,Barrel O' Slime,O'Hare,Airport,2021,Qtr 2,May,1,2021,268,Chicago,536,1069.3200000000002
2021-05-01 00:00:00,Art & Crafts,Barrel O' Slime,Times Square,Downtown,2021,Qtr 2,May,1,2021,161,New York,322,642.39
2021-05-01 00:00:00,Art & Crafts,Etch A Sketch,Fifth Avenue,Commercial,2021,Qtr 2,May,1,2021,62,New York,619.9999999999999,1301.3799999999999
2021-05-01 00:00:00,Art & Crafts,Etch A Sketch,Hollywood,Commercial,2021,Qtr 2,May,1,2021,34,Los Angeles,339.99999999999994,713.66
2021-05-01 00:00:00,Art & Crafts,Etch A Sketch,LAX,Airport,2021,Qtr 2,May,1,2021,35,Los Angeles,349.99999999999994,734.65
2021-05-01 00:00:00,Art & Crafts,Etch A Sketch,Michigan Ave,Commercial,2021,Qtr 2,May,1,2021,15,Chicago,149.99999999999997,314.84999999999997
2021-05-01 00:00:00,Art & Crafts,Etch A Sketch,Millenium,Downtown,2021,Qtr 2,May,1,2021,39,Chicago,389.99999999999994,818.6099999999999
2021-05-01 00:00:00,Art & Crafts,Etch A Sketch,O'Hare,Airport,2021,Qtr 2,May,1,2021,58,Chicago,579.9999999999999,1217.4199999999998
2021-05-01 00:00:00,Art & Crafts,Etch A Sketch,Times Square,Downtown,2021,Qtr 2,May,1,2021,19,New York,189.99999999999997,398.80999999999995
2021-05-01 00:00:00,Art & Crafts,Kids Makeup Kit,Fifth Avenue,Commercial,2021,Qtr 2,May,1,2021,54,New York,323.9999999999999,1079.4599999999998
2021-05-01 00:00:00,Art & Crafts,Kids Makeup Kit,Hollywood,Commercial,2021,Qtr 2,May,1,2021,22,Los Angeles,131.99999999999997,439.78
2021-05-01 00:00:00,Art & Crafts,Kids Makeup Kit,JFK,Airport,2021,Qtr 2,May,1,2021,75,New York,449.9999999999999,1499.2499999999998
2021-05-01 00:00:00,Art & Crafts,Kids Makeup Kit,LAX,Airport,2021,Qtr 2,May,1,2021,64,Los Angeles,383.9999999999999,1279.36
2021-05-01 00:00:00,Art & Crafts,Kids Makeup Kit,Lincoln Park,Residential,2021,Qtr 2,May,1,2021,93,Chicago,557.9999999999999,1859.07
2021-05-01 00:00:00,Art & Crafts,Kids Makeup Kit,Millenium,Downtown,2021,Qtr 2,May,1,2021,80,Chicago,479.9999999999999,1599.1999999999998
2021-05-01 00:00:00,Art & Crafts,Kids Makeup Kit,O'Hare,Airport,2021,Qtr 2,May,1,2021,101,Chicago,605.9999999999998,2018.9899999999998
2021-05-01 00:00:00,Art & Crafts,Kids Makeup Kit,Times Square,Downtown,2021,Qtr 2,May,1,2021,34,New York,203.99999999999994,679.66
2021-05-01 00:00:00,Art & Crafts,Magic Sand,Fifth Avenue,Commercial,2021,Qtr 2,May,1,2021,193,New York,386,3086.07
2021-05-01 00:00:00,Art & Crafts,Magic Sand,Hollywood,Commercial,2021,Qtr 2,May,1,2021,153,Los Angeles,306,2446.4700000000003
2021-05-01 00:00:00,Art & Crafts,Magic Sand,JFK,Airport,2021,Qtr 2,May,1,2021,43,New York,86,687.57
2021-05-01 00:00:00,Art & Crafts,Magic Sand,LAX,Airport,2021,Qtr 2,May,1,2021,99,Los Angeles,198,1583.01
2021-05-01 00:00:00,Art & Crafts,Magic Sand,Lincoln Park,Residential,2021,Qtr 2,May,1,2021,159,Chicago,318,2542.41
2021-05-01 00:00:00,Art & Crafts,Magic Sand,Michigan Ave,Commercial,2021,Qtr 2,May,1,2021,80,Chicago,160,1279.2
2021-05-01 00:00:00,Art & Crafts,Magic Sand,Millenium,Downtown,2021,Qtr 2,May,1,2021,246,Chicago,492,3933.54
2021-05-01 00:00:00,Art & Crafts,Magic Sand,O'Hare,Airport,2021,Qtr 2,May,1,2021,255,Chicago,510,4077.4500000000003
2021-05-01 00:00:00,Art & Crafts,Magic Sand,Times Square,Downtown,2021,Qtr 2,May,1,2021,187,New York,374,2990.13
2021-05-01 00:00:00,Art & Crafts,PlayDoh Can,Hollywood,Commercial,2021,Qtr 2,May,1,2021,116,Los Angeles,116.00000000000003,346.84000000000003
2021-05-01 00:00:00,Art & Crafts,PlayDoh Can,JFK,Airport,2021,Qtr 2,May,1,2021,136,New York,136.00000000000003,406.64000000000004
2021-05-01 00:00:00,Art & Crafts,PlayDoh Can,LAX,Airport,2021,Qtr 2,May,1,2021,240,Los Angeles,240.00000000000006,717.6
2021-05-01 00:00:00,Art & Crafts,PlayDoh Can,Lincoln Park,Residential,2021,Qtr 2,May,1,2021,193,Chicago,193.00000000000006,577.07
2021-05-01 00:00:00,Art & Crafts,PlayDoh Can,Michigan Ave,Commercial,2021,Qtr 2,May,1,2021,44,Chicago,44.00000000000001,131.56
2021-05-01 00:00:00,Art & Crafts,PlayDoh Can,Millenium,Downtown,2021,Qtr 2,May,1,2021,203,Chicago,203.00000000000006,606.97
2021-05-01 00:00:00,Art & Crafts,PlayDoh Can,O'Hare,Airport,2021,Qtr 2,May,1,2021,248,Chicago,248.00000000000006,741.5200000000001
2021-05-01 00:00:00,Art & Crafts,PlayDoh Can,Times Square,Downtown,2021,Qtr 2,May,1,2021,220,New York,220.00000000000006,657.8000000000001
2021-05-01 00:00:00,Art & Crafts,PlayDoh Playset,Fifth Avenue,Commercial,2021,Qtr 2,May,1,2021,11,New York,44,274.89
2021-05-01 00:00:00,Art & Crafts,PlayDoh Playset,JFK,Airport,2021,Qtr 2,May,1,2021,5,New York,20,124.94999999999999
2021-05-01 00:00:00,Art & Crafts,PlayDoh Playset,LAX,Airport,2021,Qtr 2,May,1,2021,51,Los Angeles,204,1274.49
2021-05-01 00:00:00,Art & Crafts,PlayDoh Playset,Lincoln Park,Residential,2021,Qtr 2,May,1,2021,2,Chicago,8,49.98
2021-05-01 00:00:00,Art & Crafts,PlayDoh Playset,Michigan Ave,Commercial,2021,Qtr 2,May,1,2021,15,Chicago,60,374.84999999999997
2021-05-01 00:00:00,Art & Crafts,PlayDoh Playset,O'Hare,Airport,2021,Qtr 2,May,1,2021,15,Chicago,60,374.84999999999997
2021-05-01 00:00:00,Art & Crafts,PlayDoh Playset,Times Square,Downtown,2021,Qtr 2,May,1,2021,11,New York,44,274.89
2021-05-01 00:00:00,Art & Crafts,PlayDoh Toolkit,Fifth Avenue,Commercial,2021,Qtr 2,May,1,2021,14,New York,14,69.86
2021-05-01 00:00:00,Art & Crafts,PlayDoh Toolkit,Hollywood,Commercial,2021,Qtr 2,May,1,2021,40,Los Angeles,40,199.60000000000002
2021-05-01 00:00:00,Art & Crafts,PlayDoh Toolkit,JFK,Airport,2021,Qtr 2,May,1,2021,20,New York,20,99.80000000000001
2021-05-01 00:00:00,Art & Crafts,PlayDoh Toolkit,LAX,Airport,2021,Qtr 2,May,1,2021,44,Los Angeles,44,219.56
2021-05-01 00:00:00,Art & Crafts,PlayDoh Toolkit,Lincoln Park,Residential,2021,Qtr 2,May,1,2021,19,Chicago,19,94.81
2021-05-01 00:00:00,Art & Crafts,PlayDoh Toolkit,Michigan Ave,Commercial,2021,Qtr 2,May,1,2021,19,Chicago,19,94.81
2021-05-01 00:00:00,Art & Crafts,PlayDoh Toolkit,Millenium,Downtown,2021,Qtr 2,May,1,2021,44,Chicago,44,219.56
2021-05-01 00:00:00,Art & Crafts,PlayDoh Toolkit,O'Hare,Airport,2021,Qtr 2,May,1,2021,54,Chicago,54,269.46000000000004
2021-05-01 00:00:00,Art & Crafts,PlayDoh Toolkit,Times Square,Downtown,2021,Qtr 2,May,1,2021,5,New York,5,24.950000000000003
2021-05-01 00:00:00,Electronics,Colorbuds,Fifth Avenue,Commercial,2021,Qtr 2,May,1,2021,37,New York,296,554.63
2021-05-01 00:00:00,Electronics,Colorbuds,JFK,Airport,2021,Qtr 2,May,1,2021,55,New York,440,824.45
2021-05-01 00:00:00,Electronics,Colorbuds,LAX,Airport,2021,Qtr 2,May,1,2021,78,Los Angeles,624,1169.22
2021-05-01 00:00:00,Electronics,Colorbuds,Lincoln Park,Residential,2021,Qtr 2,May,1,2021,113,Chicago,904,1693.8700000000001
2021-05-01 00:00:00,Electronics,Colorbuds,Michigan Ave,Commercial,2021,Qtr 2,May,1,2021,127,Chicago,1016,1903.73
2021-05-01 00:00:00,Electronics,Colorbuds,Millenium,Downtown,2021,Qtr 2,May,1,2021,36,Chicago,288,539.64
2021-05-01 00:00:00,Electronics,Colorbuds,O'Hare,Airport,2021,Qtr 2,May,1,2021,91,Chicago,728,1364.09
2021-05-01 00:00:00,Electronics,Colorbuds,Times Square,Downtown,2021,Qtr 2,May,1,2021,139,New York,1112,2083.61
2021-05-01 00:00:00,Electronics,Gamer Headset,Fifth Avenue,Commercial,2021,Qtr 2,May,1,2021,64,New York,383.9999999999999,1343.36
2021-05-01 00:00:00,Electronics,Gamer Headset,Hollywood,Commercial,2021,Qtr 2,May,1,2021,69,Los Angeles,413.9999999999999,1448.31
2021-05-01 00:00:00,Electronics,Gamer Headset,JFK,Airport,2021,Qtr 2,May,1,2021,33,New York,197.99999999999994,692.67
2021-05-01 00:00:00,Electronics,Gamer Headset,LAX,Airport,2021,Qtr 2,May,1,2021,32,Los Angeles,191.99999999999994,671.68
2021-05-01 00:00:00,Electronics,Gamer Headset,Lincoln Park,Residential,2021,Qtr 2,May,1,2021,23,Chicago,137.99999999999997,482.77
2021-05-01 00:00:00,Electronics,Gamer Headset,Millenium,Downtown,2021,Qtr 2,May,1,2021,22,Chicago,131.99999999999997,461.78
2021-05-01 00:00:00,Electronics,Gamer Headset,O'Hare,Airport,2021,Qtr 2,May,1,2021,79,Chicago,473.9999999999999,1658.2099999999998
2021-05-01 00:00:00,Electronics,Gamer Headset,Times Square,Downtown,2021,Qtr 2,May,1,2021,16,New York,95.99999999999997,335.84
2021-05-01 00:00:00,Electronics,Toy Robot,LAX,Airport,2021,Qtr 2,May,1,2021,48,Los Angeles,240,1247.52
2021-05-01 00:00:00,Electronics,Toy Robot,Millenium,Downtown,2021,Qtr 2,May,1,2021,8,Chicago,40,207.92
2021-05-01 00:00:00,Electronics,Toy Robot,Times Square,Downtown,2021,Qtr 2,May,1,2021,14,New York,70,363.85999999999996
2021-05-01 00:00:00,Games,Chutes & Ladders,JFK,Airport,2021,Qtr 2,May,1,2021,10,New York,30,129.9
2021-05-01 00:00:00,Games,Chutes & Ladders,Millenium,Downtown,2021,Qtr 2,May,1,2021,7,Chicago,21,90.93
2021-05-01 00:00:00,Games,Chutes & Ladders,Times Square,Downtown,2021,Qtr 2,May,1,2021,35,New York,105,454.65000000000003
2021-05-01 00:00:00,Games,Classic Dominoes,Millenium,Downtown,2021,Qtr 2,May,1,2021,36,Chicago,72,359.64
2021-05-01 00:00:00,Games,Classic Dominoes,Times Square,Downtown,2021,Qtr 2,May,1,2021,9,New York,18,89.91
2021-05-01 00:00:00,Games,Deck Of Cards,Fifth Avenue,Commercial,2021,Qtr 2,May,1,2021,99,New York,297,692.01
2021-05-01 00:00:00,Games,Deck Of Cards,JFK,Airport,2021,Qtr 2,May,1,2021,73,New York,219,510.27000000000004
2021-05-01 00:00:00,Games,Deck Of Cards,LAX,Airport,2021,Qtr 2,May,1,2021,6,Los Angeles,18,41.94
2021-05-01 00:00:00,Games,Deck Of Cards,Lincoln Park,Residential,2021,Qtr 2,May,1,2021,175,Chicago,525,1223.25
2021-05-01 00:00:00,Games,Deck Of Cards,Michigan Ave,Commercial,2021,Qtr 2,May,1,2021,55,Chicago,165,384.45
2021-05-01 00:00:00,Games,Deck Of Cards,Millenium,Downtown,2021,Qtr 2,May,1,2021,89,Chicago,267,622.11
2021-05-01 00:00:00,Games,Deck Of Cards,O'Hare,Airport,2021,Qtr 2,May,1,2021,188,Chicago,564,1314.1200000000001
2021-05-01 00:00:00,Games,Deck Of Cards,Times Square,Downtown,2021,Qtr 2,May,1,2021,28,New York,84,195.72
2021-05-01 00:00:00,Games,Glass Marbles,Fifth Avenue,Commercial,2021,Qtr 2,May,1,2021,17,New York,85,186.83
2021-05-01 00:00:00,Games,Glass Marbles,Hollywood,Commercial,2021,Qtr 2,May,1,2021,32,Los Angeles,160,351.68
2021-05-01 00:00:00,Games,Glass Marbles,JFK,Airport,2021,Qtr 2,May,1,2021,324,New York,1620,3560.76
2021-05-01 00:00:00,Games,Glass Marbles,LAX,Airport,2021,Qtr 2,May,1,2021,80,Los Angeles,400,879.2
2021-05-01 00:00:00,Games,Glass Marbles,Lincoln Park,Residential,2021,Qtr 2,May,1,2021,37,Chicago,185,406.63
2021-05-01 00:00:00,Games,Glass Marbles,Michigan Ave,Commercial,2021,Qtr 2,May,1,2021,32,Chicago,160,351.68
2021-05-01 00:00:00,Games,Glass Marbles,Millenium,Downtown,2021,Qtr 2,May,1,2021,2,Chicago,10,21.98
2021-05-01 00:00:00,Games,Glass Marbles,O'Hare,Airport,2021,Qtr 2,May,1,2021,111,Chicago,555,1219.89
2021-05-01 00:00:00,Games,Glass Marbles,Times Square,Downtown,2021,Qtr 2,May,1,2021,8,New York,40,87.92
2021-05-01 00:00:00,Games,Jenga,Hollywood,Commercial,2021,Qtr 2,May,1,2021,12,Los Angeles,84,119.88
2021-05-01 00:00:00,Games,Jenga,LAX,Airport,2021,Qtr 2,May,1,2021,15,Los Angeles,105,149.85
2021-05-01 00:00:00,Games,Jenga,Lincoln Park,Residential,2021,Qtr 2,May,1,2021,15,Chicago,105,149.85
2021-05-01 00:00:00,Games,Jenga,Millenium,Downtown,2021,Qtr 2,May,1,2021,76,Chicago,532,759.24
2021-05-01 00:00:00,Games,Jenga,O'Hare,Airport,2021,Qtr 2,May,1,2021,40,Chicago,280,399.6
2021-05-01 00:00:00,Games,Jenga,Times Square,Downtown,2021,Qtr 2,May,1,2021,8,New York,56,79.92
2021-05-01 00:00:00,Games,Monopoly,JFK,Airport,2021,Qtr 2,May,1,2021,14,New York,83.99999999999997,279.85999999999996
2021-05-01 00:00:00,Games,Monopoly,Millenium,Downtown,2021,Qtr 2,May,1,2021,10,Chicago,59.999999999999986,199.89999999999998
2021-05-01 00:00:00,Games,Monopoly,Times Square,Downtown,2021,Qtr 2,May,1,2021,33,New York,197.99999999999994,659.67
2021-05-01 00:00:00,Games,Rubik's Cube,Fifth Avenue,Commercial,2021,Qtr 2,May,1,2021,77,New York,154,1539.2299999999998
2021-05-01 00:00:00,Games,Rubik's Cube,Hollywood,Commercial,2021,Qtr 2,May,1,2021,47,Los Angeles,94,939.53
2021-05-01 00:00:00,Games,Rubik's Cube,JFK,Airport,2021,Qtr 2,May,1,2021,7,New York,14,139.92999999999998
2021-05-01 00:00:00,Games,Rubik's Cube,LAX,Airport,2021,Qtr 2,May,1,2021,149,Los Angeles,298,2978.5099999999998
2021-05-01 00:00:00,Games,Rubik's Cube,Lincoln Park,Residential,2021,Qtr 2,May,1,2021,57,Chicago,114,1139.4299999999998
2021-05-01 00:00:00,Games,Rubik's Cube,Michigan Ave,Commercial,2021,Qtr 2,May,1,2021,62,Chicago,124,1239.3799999999999
2021-05-01 00:00:00,Games,Rubik's Cube,Millenium,Downtown,2021,Qtr 2,May,1,2021,90,Chicago,180,1799.1
2021-05-01 00:00:00,Games,Rubik's Cube,O'Hare,Airport,2021,Qtr 2,May,1,2021,43,Chicago,86,859.5699999999999
2021-05-01 00:00:00,Games,Rubik's Cube,Times Square,Downtown,2021,Qtr 2,May,1,2021,83,New York,166,1659.1699999999998
2021-05-01 00:00:00,Sports & Outdoors,Basketball Hoop,Millenium,Downtown,2021,Qtr 2,May,1,2021,8,Chicago,127.99999999999999,199.92
2021-05-01 00:00:00,Sports & Outdoors,Basketball Hoop,Times Square,Downtown,2021,Qtr 2,May,1,2021,24,New York,383.99999999999994,599.76
2021-05-01 00:00:00,Sports & Outdoors,Dart Gun,Fifth Avenue,Commercial,2021,Qtr 2,May,1,2021,8,New York,32,127.92
2021-05-01 00:00:00,Sports & Outdoors,Dart Gun,JFK,Airport,2021,Qtr 2,May,1,2021,28,New York,112,447.72
2021-05-01 00:00:00,Sports & Outdoors,Dart Gun,LAX,Airport,2021,Qtr 2,May,1,2021,104,Los Angeles,416,1662.96
2021-05-01 00:00:00,Sports & Outdoors,Dart Gun,Michigan Ave,Commercial,2021,Qtr 2,May,1,2021,19,Chicago,76,303.81
2021-05-01 00:00:00,Sports & Outdoors,Dart Gun,Millenium,Downtown,2021,Qtr 2,May,1,2021,97,Chicago,388,1551.03
2021-05-01 00:00:00,Sports & Outdoors,Dart Gun,O'Hare,Airport,2021,Qtr 2,May,1,2021,26,Chicago,104,415.74
2021-05-01 00:00:00,Sports & Outdoors,Dart Gun,Times Square,Downtown,2021,Qtr 2,May,1,2021,22,New York,88,351.78000000000003
2021-05-01 00:00:00,Sports & Outdoors,Disk Launcher,Fifth Avenue,Commercial,2021,Qtr 2,May,1,2021,37,New York,111,443.63
2021-05-01 00:00:00,Sports & Outdoors,Disk Launcher,Hollywood,Commercial,2021,Qtr 2,May,1,2021,45,Los Angeles,135,539.55
2021-05-01 00:00:00,Sports & Outdoors,Disk Launcher,JFK,Airport,2021,Qtr 2,May,1,2021,45,New York,135,539.55
2021-05-01 00:00:00,Sports & Outdoors,Disk Launcher,LAX,Airport,2021,Qtr 2,May,1,2021,46,Los Angeles,138,551.54
2021-05-01 00:00:00,Sports & Outdoors,Disk Launcher,Lincoln Park,Residential,2021,Qtr 2,May,1,2021,22,Chicago,66,263.78000000000003
2021-05-01 00:00:00,Sports & Outdoors,Disk Launcher,Michigan Ave,Commercial,2021,Qtr 2,May,1,2021,42,Chicago,126,503.58
2021-05-01 00:00:00,Sports & Outdoors,Disk Launcher,Millenium,Downtown,2021,Qtr 2,May,1,2021,50,Chicago,150,599.5
2021-05-01 00:00:00,Sports & Outdoors,Disk Launcher,O'Hare,Airport,2021,Qtr 2,May,1,2021,66,Chicago,198,791.34
2021-05-01 00:00:00,Sports & Outdoors,Disk Launcher,Times Square,Downtown,2021,Qtr 2,May,1,2021,74,New York,222,887.26
2021-05-01 00:00:00,Sports & Outdoors,Mini Ping Pong,JFK,Airport,2021,Qtr 2,May,1,2021,13,New York,39,129.87
2021-05-01 00:00:00,Sports & Outdoors,Mini Ping Pong,LAX,Airport,2021,Qtr 2,May,1,2021,9,Los Angeles,27,89.91
2021-05-01 00:00:00,Sports & Outdoors,Mini Ping Pong,Lincoln Park,Residential,2021,Qtr 2,May,1,2021,148,Chicago,444,1478.52
2021-05-01 00:00:00,Sports & Outdoors,Mini Ping Pong,Michigan Ave,Commercial,2021,Qtr 2,May,1,2021,16,Chicago,48,159.84
2021-05-01 00:00:00,Sports & Outdoors,Mini Ping Pong,Millenium,Downtown,2021,Qtr 2,May,1,2021,112,Chicago,336,1118.88
2021-05-01 00:00:00,Sports & Outdoors,Mini Ping Pong,O'Hare,Airport,2021,Qtr 2,May,1,2021,72,Chicago,216,719.28
2021-05-01 00:00:00,Sports & Outdoors,Mini Ping Pong,Times Square,Downtown,2021,Qtr 2,May,1,2021,37,New York,111,369.63
2021-05-01 00:00:00,Sports & Outdoors,Nerf Gun,Fifth Avenue,Commercial,2021,Qtr 2,May,1,2021,35,New York,174.99999999999994,699.65
2021-05-01 00:00:00,Sports & Outdoors,Nerf Gun,Hollywood,Commercial,2021,Qtr 2,May,1,2021,102,Los Angeles,509.99999999999983,2038.9799999999998
2021-05-01 00:00:00,Sports & Outdoors,Nerf Gun,JFK,Airport,2021,Qtr 2,May,1,2021,116,New York,579.9999999999998,2318.8399999999997
2021-05-01 00:00:00,Sports & Outdoors,Nerf Gun,LAX,Airport,2021,Qtr 2,May,1,2021,73,Los Angeles,364.9999999999999,1459.27
2021-05-01 00:00:00,Sports & Outdoors,Nerf Gun,Lincoln Park,Residential,2021,Qtr 2,May,1,2021,96,Chicago,479.99999999999983,1919.04
2021-05-01 00:00:00,Sports & Outdoors,Nerf Gun,Michigan Ave,Commercial,2021,Qtr 2,May,1,2021,83,Chicago,414.99999999999983,1659.1699999999998
2021-05-01 00:00:00,Sports & Outdoors,Nerf Gun,Millenium,Downtown,2021,Qtr 2,May,1,2021,18,Chicago,89.99999999999997,359.82
2021-05-01 00:00:00,Sports & Outdoors,Nerf Gun,O'Hare,Airport,2021,Qtr 2,May,1,2021,52,Chicago,259.9999999999999,1039.48
2021-05-01 00:00:00,Sports & Outdoors,Nerf Gun,Times Square,Downtown,2021,Qtr 2,May,1,2021,58,New York,289.9999999999999,1159.4199999999998
2021-05-01 00:00:00,Sports & Outdoors,Splash Balls,Fifth Avenue,Commercial,2021,Qtr 2,May,1,2021,243,New York,243,2184.57
2021-05-01 00:00:00,Sports & Outdoors,Splash Balls,Hollywood,Commercial,2021,Qtr 2,May,1,2021,30,Los Angeles,30,269.7
2021-05-01 00:00:00,Sports & Outdoors,Splash Balls,JFK,Airport,2021,Qtr 2,May,1,2021,106,New York,106,952.94
2021-05-01 00:00:00,Sports & Outdoors,Splash Balls,LAX,Airport,2021,Qtr 2,May,1,2021,138,Los Angeles,138,1240.6200000000001
2021-05-01 00:00:00,Sports & Outdoors,Splash Balls,Lincoln Park,Residential,2021,Qtr 2,May,1,2021,41,Chicago,41,368.59000000000003
2021-05-01 00:00:00,Sports & Outdoors,Splash Balls,Michigan Ave,Commercial,2021,Qtr 2,May,1,2021,9,Chicago,9,80.91
2021-05-01 00:00:00,Sports & Outdoors,Splash Balls,Millenium,Downtown,2021,Qtr 2,May,1,2021,22,Chicago,22,197.78
2021-05-01 00:00:00,Sports & Outdoors,Splash Balls,O'Hare,Airport,2021,Qtr 2,May,1,2021,128,Chicago,128,1150.72
2021-05-01 00:00:00,Sports & Outdoors,Splash Balls,Times Square,Downtown,2021,Qtr 2,May,1,2021,19,New York,19,170.81
2021-05-01 00:00:00,Sports & Outdoors,Water Gun,Fifth Avenue,Commercial,2021,Qtr 2,May,1,2021,40,New York,120,599.6
2021-05-01 00:00:00,Sports & Outdoors,Water Gun,JFK,Airport,2021,Qtr 2,May,1,2021,9,New York,27,134.91
2021-05-01 00:00:00,Sports & Outdoors,Water Gun,LAX,Airport,2021,Qtr 2,May,1,2021,7,Los Angeles,21,104.93
2021-05-01 00:00:00,Sports & Outdoors,Water Gun,Michigan Ave,Commercial,2021,Qtr 2,May,1,2021,44,Chicago,132,659.5600000000001
2021-05-01 00:00:00,Sports & Outdoors,Water Gun,Millenium,Downtown,2021,Qtr 2,May,1,2021,11,Chicago,33,164.89000000000001
2021-05-01 00:00:00,Sports & Outdoors,Water Gun,O'Hare,Airport,2021,Qtr 2,May,1,2021,12,Chicago,36,179.88
2021-05-01 00:00:00,Sports & Outdoors,Water Gun,Times Square,Downtown,2021,Qtr 2,May,1,2021,6,New York,18,89.94
2021-05-01 00:00:00,Toys,Action Figure,Beverly Hills,Residential,2021,Qtr 2,May,1,2021,79,Los Angeles,474,1263.21
2021-05-01 00:00:00,Toys,Action Figure,Fifth Avenue,Commercial,2021,Qtr 2,May,1,2021,23,New York,138,367.77
2021-05-01 00:00:00,Toys,Action Figure,JFK,Airport,2021,Qtr 2,May,1,2021,48,New York,288,767.52
2021-05-01 00:00:00,Toys,Action Figure,LAX,Airport,2021,Qtr 2,May,1,2021,72,Los Angeles,432,1151.28
2021-05-01 00:00:00,Toys,Action Figure,Lincoln Park,Residential,2021,Qtr 2,May,1,2021,80,Chicago,480,1279.2
2021-05-01 00:00:00,Toys,Action Figure,Michigan Ave,Commercial,2021,Qtr 2,May,1,2021,62,Chicago,372,991.38
2021-05-01 00:00:00,Toys,Action Figure,Millenium,Downtown,2021,Qtr 2,May,1,2021,50,Chicago,300,799.5
2021-05-01 00:00:00,Toys,Action Figure,O'Hare,Airport,2021,Qtr 2,May,1,2021,197,Chicago,1182,3150.03
2021-05-01 00:00:00,Toys,Action Figure,Times Square,Downtown,2021,Qtr 2,May,1,2021,71,New York,426,1135.29
2021-05-01 00:00:00,Toys,Animal Figures,Fifth Avenue,Commercial,2021,Qtr 2,May,1,2021,27,New York,81,350.73
2021-05-01 00:00:00,Toys,Animal Figures,JFK,Airport,2021,Qtr 2,May,1,2021,39,New York,117,506.61
2021-05-01 00:00:00,Toys,Animal Figures,LAX,Airport,2021,Qtr 2,May,1,2021,94,Los Angeles,282,1221.06
2021-05-01 00:00:00,Toys,Animal Figures,Lincoln Park,Residential,2021,Qtr 2,May,1,2021,67,Chicago,201,870.33
2021-05-01 00:00:00,Toys,Animal Figures,Michigan Ave,Commercial,2021,Qtr 2,May,1,2021,31,Chicago,93,402.69
2021-05-01 00:00:00,Toys,Animal Figures,Millenium,Downtown,2021,Qtr 2,May,1,2021,53,Chicago,159,688.47
2021-05-01 00:00:00,Toys,Animal Figures,O'Hare,Airport,2021,Qtr 2,May,1,2021,208,Chicago,624,2701.92
2021-05-01 00:00:00,Toys,Animal Figures,Times Square,Downtown,2021,Qtr 2,May,1,2021,61,New York,183,792.39
2021-05-01 00:00:00,Toys,Dino Egg,Fifth Avenue,Commercial,2021,Qtr 2,May,1,2021,19,New York,19,208.81
2021-05-01 00:00:00,Toys,Dino Egg,Hollywood,Commercial,2021,Qtr 2,May,1,2021,96,Los Angeles,96,1055.04
2021-05-01 00:00:00,Toys,Dino Egg,JFK,Airport,2021,Qtr 2,May,1,2021,28,New York,28,307.72
2021-05-01 00:00:00,Toys,Dino Egg,LAX,Airport,2021,Qtr 2,May,1,2021,73,Los Angeles,73,802.27
2021-05-01 00:00:00,Toys,Dino Egg,Lincoln Park,Residential,2021,Qtr 2,May,1,2021,157,Chicago,157,1725.43
2021-05-01 00:00:00,Toys,Dino Egg,Michigan Ave,Commercial,2021,Qtr 2,May,1,2021,82,Chicago,82,901.1800000000001
2021-05-01 00:00:00,Toys,Dino Egg,Millenium,Downtown,2021,Qtr 2,May,1,2021,162,Chicago,162,1780.38
2021-05-01 00:00:00,Toys,Dino Egg,O'Hare,Airport,2021,Qtr 2,May,1,2021,53,Chicago,53,582.47
2021-05-01 00:00:00,Toys,Dino Egg,Times Square,Downtown,2021,Qtr 2,May,1,2021,63,New York,63,692.37
2021-05-01 00:00:00,Toys,Dinosaur Figures,Hollywood,Commercial,2021,Qtr 2,May,1,2021,26,Los Angeles,104,389.74
2021-05-01 00:00:00,Toys,Dinosaur Figures,JFK,Airport,2021,Qtr 2,May,1,2021,46,New York,184,689.54
2021-05-01 00:00:00,Toys,Dinosaur Figures,LAX,Airport,2021,Qtr 2,May,1,2021,105,Los Angeles,420,1573.95
2021-05-01 00:00:00,Toys,Dinosaur Figures,Lincoln Park,Residential,2021,Qtr 2,May,1,2021,24,Chicago,96,359.76
2021-05-01 00:00:00,Toys,Dinosaur Figures,Michigan Ave,Commercial,2021,Qtr 2,May,1,2021,90,Chicago,360,1349.1
2021-05-01 00:00:00,Toys,Dinosaur Figures,Millenium,Downtown,2021,Qtr 2,May,1,2021,13,Chicago,52,194.87
2021-05-01 00:00:00,Toys,Dinosaur Figures,Times Square,Downtown,2021,Qtr 2,May,1,2021,90,New York,360,1349.1
2021-05-01 00:00:00,Toys,Hot Wheels Pack,Fifth Avenue,Commercial,2021,Qtr 2,May,1,2021,12,New York,24,71.88
2021-05-01 00:00:00,Toys,Hot Wheels Pack,Hollywood,Commercial,2021,Qtr 2,May,1,2021,12,Los Angeles,24,71.88
2021-05-01 00:00:00,Toys,Hot Wheels Pack,JFK,Airport,2021,Qtr 2,May,1,2021,3,New York,6,17.97
2021-05-01 00:00:00,Toys,Hot Wheels Pack,LAX,Airport,2021,Qtr 2,May,1,2021,65,Los Angeles,130,389.35
2021-05-01 00:00:00,Toys,Hot Wheels Pack,Lincoln Park,Residential,2021,Qtr 2,May,1,2021,18,Chicago,36,107.82000000000001
2021-05-01 00:00:00,Toys,Hot Wheels Pack,Michigan Ave,Commercial,2021,Qtr 2,May,1,2021,90,Chicago,180,539.1
2021-05-01 00:00:00,Toys,Hot Wheels Pack,Millenium,Downtown,2021,Qtr 2,May,1,2021,33,Chicago,66,197.67000000000002
2021-05-01 00:00:00,Toys,Hot Wheels Pack,O'Hare,Airport,2021,Qtr 2,May,1,2021,45,Chicago,90,269.55
2021-05-01 00:00:00,Toys,Hot Wheels Pack,Times Square,Downtown,2021,Qtr 2,May,1,2021,120,New York,240,718.8000000000001
2021-05-01 00:00:00,Toys,Lego Bricks,Fifth Avenue,Commercial,2021,Qtr 2,May,1,2021,27,New York,135,1079.73
2021-05-01 00:00:00,Toys,Lego Bricks,Hollywood,Commercial,2021,Qtr 2,May,1,2021,22,Los Angeles,110,879.7800000000001
2021-05-01 00:00:00,Toys,Lego Bricks,JFK,Airport,2021,Qtr 2,May,1,2021,85,New York,425,3399.15
2021-05-01 00:00:00,Toys,Lego Bricks,LAX,Airport,2021,Qtr 2,May,1,2021,140,Los Angeles,700,5598.6
2021-05-01 00:00:00,Toys,Lego Bricks,Lincoln Park,Residential,2021,Qtr 2,May,1,2021,53,Chicago,265,2119.4700000000003
2021-05-01 00:00:00,Toys,Lego Bricks,Michigan Ave,Commercial,2021,Qtr 2,May,1,2021,50,Chicago,250,1999.5
2021-05-01 00:00:00,Toys,Lego Bricks,Millenium,Downtown,2021,Qtr 2,May,1,2021,47,Chicago,235,1879.5300000000002
2021-05-01 00:00:00,Toys,Lego Bricks,O'Hare,Airport,2021,Qtr 2,May,1,2021,79,Chicago,395,3159.21
2021-05-01 00:00:00,Toys,Lego Bricks,Times Square,Downtown,2021,Qtr 2,May,1,2021,176,New York,880,7038.240000000001
2021-05-01 00:00:00,Toys,Mr. Potatohead,Fifth Avenue,Commercial,2021,Qtr 2,May,1,2021,3,New York,15,29.97
2021-05-01 00:00:00,Toys,Mr. Potatohead,Hollywood,Commercial,2021,Qtr 2,May,1,2021,23,Los Angeles,115,229.77
2021-05-01 00:00:00,Toys,Mr. Potatohead,JFK,Airport,2021,Qtr 2,May,1,2021,14,New York,70,139.86
2021-05-01 00:00:00,Toys,Mr. Potatohead,LAX,Airport,2021,Qtr 2,May,1,2021,8,Los Angeles,40,79.92
2021-05-01 00:00:00,Toys,Mr. Potatohead,Lincoln Park,Residential,2021,Qtr 2,May,1,2021,11,Chicago,55,109.89
2021-05-01 00:00:00,Toys,Mr. Potatohead,Michigan Ave,Commercial,2021,Qtr 2,May,1,2021,34,Chicago,170,339.66
2021-05-01 00:00:00,Toys,Mr. Potatohead,Millenium,Downtown,2021,Qtr 2,May,1,2021,25,Chicago,125,249.75
2021-05-01 00:00:00,Toys,Mr. Potatohead,O'Hare,Airport,2021,Qtr 2,May,1,2021,36,Chicago,180,359.64
2021-05-01 00:00:00,Toys,Plush Pony,Fifth Avenue,Commercial,2021,Qtr 2,May,1,2021,12,New York,131.99999999999997,239.88
2021-05-01 00:00:00,Toys,Plush Pony,JFK,Airport,2021,Qtr 2,May,1,2021,15,New York,164.99999999999997,299.84999999999997
2021-05-01 00:00:00,Toys,Plush Pony,LAX,Airport,2021,Qtr 2,May,1,2021,6,Los Angeles,65.99999999999999,119.94
2021-05-01 00:00:00,Toys,Plush Pony,Lincoln Park,Residential,2021,Qtr 2,May,1,2021,7,Chicago,76.99999999999999,139.92999999999998
2021-05-01 00:00:00,Toys,Plush Pony,Millenium,Downtown,2021,Qtr 2,May,1,2021,12,Chicago,131.99999999999997,239.88
2021-05-01 00:00:00,Toys,Plush Pony,O'Hare,Airport,2021,Qtr 2,May,1,2021,11,Chicago,120.99999999999999,219.89
2021-05-01 00:00:00,Toys,Plush Pony,Times Square,Downtown,2021,Qtr 2,May,1,2021,14,New York,153.99999999999997,279.85999999999996
2021-05-01 00:00:00,Toys,Teddy Bear,LAX,Airport,2021,Qtr 2,May,1,2021,22,Los Angeles,44,285.78000000000003
2021-05-01 00:00:00,Toys,Teddy Bear,Lincoln Park,Residential,2021,Qtr 2,May,1,2021,16,Chicago,32,207.84
2021-05-01 00:00:00,Toys,Teddy Bear,Times Square,Downtown,2021,Qtr 2,May,1,2021,10,New York,20,129.9
2021-05-02 00:00:00,Toys,Animal Figures,Beverly Hills,Residential,2021,Qtr 2,May,2,2021,19,Los Angeles,57,246.81
2021-05-03 00:00:00,Art & Crafts,Barrel O' Slime,Beverly Hills,Residential,2021,Qtr 2,May,3,2021,81,Los Angeles,162,323.19
2021-05-04 00:00:00,Electronics,Colorbuds,Beverly Hills,Residential,2021,Qtr 2,May,4,2021,47,Los Angeles,376,704.53
2021-05-05 00:00:00,Sports & Outdoors,Dart Gun,Beverly Hills,Residential,2021,Qtr 2,May,5,2021,12,Los Angeles,48,191.88
2021-05-06 00:00:00,Games,Deck Of Cards,Beverly Hills,Residential,2021,Qtr 2,May,6,2021,132,Los Angeles,396,922.6800000000001
2021-05-07 00:00:00,Toys,Dino Egg,Beverly Hills,Residential,2021,Qtr 2,May,7,2021,89,Los Angeles,89,978.11
2021-05-08 00:00:00,Toys,Dinosaur Figures,Beverly Hills,Residential,2021,Qtr 2,May,8,2021,28,Los Angeles,112,419.72
2021-05-09 00:00:00,Art & Crafts,Etch A Sketch,Beverly Hills,Residential,2021,Qtr 2,May,9,2021,103,Los Angeles,1029.9999999999998,2161.97
2021-05-10 00:00:00,Sports & Outdoors,Disk Launcher,Beverly Hills,Residential,2021,Qtr 2,May,10,2021,4,Los Angeles,12,47.96
2021-05-11 00:00:00,Electronics,Gamer Headset,Beverly Hills,Residential,2021,Qtr 2,May,11,2021,27,Los Angeles,161.99999999999994,566.7299999999999
2021-05-12 00:00:00,Games,Glass Marbles,Beverly Hills,Residential,2021,Qtr 2,May,12,2021,40,Los Angeles,200,439.6
2021-05-13 00:00:00,Toys,Hot Wheels Pack,Beverly Hills,Residential,2021,Qtr 2,May,13,2021,16,Los Angeles,32,95.84
2021-05-14 00:00:00,Toys,Lego Bricks,Beverly Hills,Residential,2021,Qtr 2,May,14,2021,82,Los Angeles,410,3279.1800000000003
2021-05-15 00:00:00,Art & Crafts,Magic Sand,Beverly Hills,Residential,2021,Qtr 2,May,15,2021,223,Los Angeles,446,3565.77
2021-05-16 00:00:00,Sports & Outdoors,Mini Ping Pong,Beverly Hills,Residential,2021,Qtr 2,May,16,2021,40,Los Angeles,120,399.6
2021-05-17 00:00:00,Toys,Mr. Potatohead,Beverly Hills,Residential,2021,Qtr 2,May,17,2021,65,Los Angeles,325,649.35
2021-05-18 00:00:00,Sports & Outdoors,Nerf Gun,Beverly Hills,Residential,2021,Qtr 2,May,18,2021,15,Los Angeles,74.99999999999997,299.84999999999997
2021-05-19 00:00:00,Art & Crafts,PlayDoh Can,Beverly Hills,Residential,2021,Qtr 2,May,19,2021,215,Los Angeles,215.00000000000006,642.85
2021-05-20 00:00:00,Art & Crafts,PlayDoh Playset,Beverly Hills,Residential,2021,Qtr 2,May,20,2021,14,Los Angeles,56,349.85999999999996
2021-05-21 00:00:00,Art & Crafts,PlayDoh Toolkit,Beverly Hills,Residential,2021,Qtr 2,May,21,2021,8,Los Angeles,8,39.92
2021-05-22 00:00:00,Games,Rubik's Cube,Beverly Hills,Residential,2021,Qtr 2,May,22,2021,26,Los Angeles,52,519.74
2021-05-23 00:00:00,Sports & Outdoors,Splash Balls,Beverly Hills,Residential,2021,Qtr 2,May,23,2021,57,Los Angeles,57,512.4300000000001
2021-05-24 00:00:00,Toys,Teddy Bear,Beverly Hills,Residential,2021,Qtr 2,May,24,2021,38,Los Angeles,76,493.62
2021-05-25 00:00:00,Games,Uno Card Game,Beverly Hills,Residential,2021,Qtr 2,May,25,2021,14,Los Angeles,56,111.86
2021-05-26 00:00:00,Toys,Action Figure,Hollywood,Commercial,2021,Qtr 2,May,26,2021,104,Los Angeles,624,1662.96
2021-05-27 00:00:00,Toys,Animal Figures,Hollywood,Commercial,2021,Qtr 2,May,27,2021,64,Los Angeles,192,831.36
2021-05-28 00:00:00,Art & Crafts,Barrel O' Slime,Hollywood,Commercial,2021,Qtr 2,May,28,2021,221,Los Angeles,442,881.7900000000001
2021-05-29 00:00:00,Electronics,Colorbuds,Hollywood,Commercial,2021,Qtr 2,May,29,2021,47,Los Angeles,376,704.53
2021-05-30 00:00:00,Sports & Outdoors,Dart Gun,Hollywood,Commercial,2021,Qtr 2,May,30,2021,37,Los Angeles,148,591.63
2021-05-31 00:00:00,Games,Deck Of Cards,Hollywood,Commercial,2021,Qtr 2,May,31,2021,94,Los Angeles,282,657.0600000000001
2021-06-01 00:00:00,Art & Crafts,Barrel O' Slime,Fifth Avenue,Commercial,2021,Qtr 2,June,1,2021,30,New York,60,119.7
2021-06-01 00:00:00,Art & Crafts,Barrel O' Slime,Hollywood,Commercial,2021,Qtr 2,June,1,2021,54,Los Angeles,108,215.46
2021-06-01 00:00:00,Art & Crafts,Barrel O' Slime,JFK,Airport,2021,Qtr 2,June,1,2021,68,New York,136,271.32
2021-06-01 00:00:00,Art & Crafts,Barrel O' Slime,Lincoln Park,Residential,2021,Qtr 2,June,1,2021,61,Chicago,122,243.39000000000001
2021-06-01 00:00:00,Art & Crafts,Barrel O' Slime,Michigan Ave,Commercial,2021,Qtr 2,June,1,2021,106,Chicago,212,422.94
2021-06-01 00:00:00,Art & Crafts,Barrel O' Slime,O'Hare,Airport,2021,Qtr 2,June,1,2021,217,Chicago,434,865.83
2021-06-01 00:00:00,Art & Crafts,Etch A Sketch,Fifth Avenue,Commercial,2021,Qtr 2,June,1,2021,45,New York,449.99999999999994,944.55
2021-06-01 00:00:00,Art & Crafts,Etch A Sketch,Lincoln Park,Residential,2021,Qtr 2,June,1,2021,4,Chicago,39.99999999999999,83.96
2021-06-01 00:00:00,Art & Crafts,Etch A Sketch,Michigan Ave,Commercial,2021,Qtr 2,June,1,2021,14,Chicago,139.99999999999997,293.85999999999996
2021-06-01 00:00:00,Art & Crafts,Etch A Sketch,O'Hare,Airport,2021,Qtr 2,June,1,2021,37,Chicago,369.99999999999994,776.63
2021-06-01 00:00:00,Art & Crafts,Kids Makeup Kit,Fifth Avenue,Commercial,2021,Qtr 2,June,1,2021,62,New York,371.9999999999999,1239.3799999999999
2021-06-01 00:00:00,Art & Crafts,Kids Makeup Kit,JFK,Airport,2021,Qtr 2,June,1,2021,17,New York,101.99999999999997,339.83
2021-06-01 00:00:00,Art & Crafts,Kids Makeup Kit,LAX,Airport,2021,Qtr 2,June,1,2021,32,Los Angeles,191.99999999999994,639.68
2021-06-01 00:00:00,Art & Crafts,Kids Makeup Kit,Lincoln Park,Residential,2021,Qtr 2,June,1,2021,34,Chicago,203.99999999999994,679.66
2021-06-01 00:00:00,Art & Crafts,Kids Makeup Kit,O'Hare,Airport,2021,Qtr 2,June,1,2021,29,Chicago,173.99999999999994,579.7099999999999
2021-06-01 00:00:00,Art & Crafts,Magic Sand,Fifth Avenue,Commercial,2021,Qtr 2,June,1,2021,143,New York,286,2286.57
2021-06-01 00:00:00,Art & Crafts,Magic Sand,JFK,Airport,2021,Qtr 2,June,1,2021,53,New York,106,847.47
2021-06-01 00:00:00,Art & Crafts,Magic Sand,LAX,Airport,2021,Qtr 2,June,1,2021,121,Los Angeles,242,1934.79
2021-06-01 00:00:00,Art & Crafts,Magic Sand,Lincoln Park,Residential,2021,Qtr 2,June,1,2021,155,Chicago,310,2478.45
2021-06-01 00:00:00,Art & Crafts,Magic Sand,Michigan Ave,Commercial,2021,Qtr 2,June,1,2021,116,Chicago,232,1854.84
2021-06-01 00:00:00,Art & Crafts,Magic Sand,O'Hare,Airport,2021,Qtr 2,June,1,2021,157,Chicago,314,2510.43
2021-06-01 00:00:00,Art & Crafts,PlayDoh Can,Fifth Avenue,Commercial,2021,Qtr 2,June,1,2021,121,New York,121.00000000000003,361.79
2021-06-01 00:00:00,Art & Crafts,PlayDoh Can,JFK,Airport,2021,Qtr 2,June,1,2021,138,New York,138.00000000000003,412.62
2021-06-01 00:00:00,Art & Crafts,PlayDoh Can,LAX,Airport,2021,Qtr 2,June,1,2021,164,Los Angeles,164.00000000000003,490.36
2021-06-01 00:00:00,Art & Crafts,PlayDoh Can,Lincoln Park,Residential,2021,Qtr 2,June,1,2021,172,Chicago,172.00000000000003,514.2800000000001
2021-06-01 00:00:00,Art & Crafts,PlayDoh Can,Michigan Ave,Commercial,2021,Qtr 2,June,1,2021,253,Chicago,253.00000000000006,756.47
2021-06-01 00:00:00,Art & Crafts,PlayDoh Can,O'Hare,Airport,2021,Qtr 2,June,1,2021,245,Chicago,245.00000000000006,732.5500000000001
2021-06-01 00:00:00,Art & Crafts,PlayDoh Playset,Fifth Avenue,Commercial,2021,Qtr 2,June,1,2021,14,New York,56,349.85999999999996
2021-06-01 00:00:00,Art & Crafts,PlayDoh Playset,JFK,Airport,2021,Qtr 2,June,1,2021,10,New York,40,249.89999999999998
2021-06-01 00:00:00,Art & Crafts,PlayDoh Playset,LAX,Airport,2021,Qtr 2,June,1,2021,29,Los Angeles,116,724.7099999999999
2021-06-01 00:00:00,Art & Crafts,PlayDoh Playset,Lincoln Park,Residential,2021,Qtr 2,June,1,2021,13,Chicago,52,324.87
2021-06-01 00:00:00,Art & Crafts,PlayDoh Playset,O'Hare,Airport,2021,Qtr 2,June,1,2021,4,Chicago,16,99.96
2021-06-01 00:00:00,Art & Crafts,PlayDoh Toolkit,Fifth Avenue,Commercial,2021,Qtr 2,June,1,2021,11,New York,11,54.89
2021-06-01 00:00:00,Art & Crafts,PlayDoh Toolkit,JFK,Airport,2021,Qtr 2,June,1,2021,30,New York,30,149.70000000000002
2021-06-01 00:00:00,Art & Crafts,PlayDoh Toolkit,LAX,Airport,2021,Qtr 2,June,1,2021,50,Los Angeles,50,249.5
2021-06-01 00:00:00,Art & Crafts,PlayDoh Toolkit,Lincoln Park,Residential,2021,Qtr 2,June,1,2021,4,Chicago,4,19.96
2021-06-01 00:00:00,Art & Crafts,PlayDoh Toolkit,Michigan Ave,Commercial,2021,Qtr 2,June,1,2021,7,Chicago,7,34.93
2021-06-01 00:00:00,Art & Crafts,PlayDoh Toolkit,O'Hare,Airport,2021,Qtr 2,June,1,2021,41,Chicago,41,204.59
2021-06-01 00:00:00,Electronics,Colorbuds,Fifth Avenue,Commercial,2021,Qtr 2,June,1,2021,43,New York,344,644.57
2021-06-01 00:00:00,Electronics,Colorbuds,JFK,Airport,2021,Qtr 2,June,1,2021,60,New York,480,899.4
2021-06-01 00:00:00,Electronics,Colorbuds,Lincoln Park,Residential,2021,Qtr 2,June,1,2021,20,Chicago,160,299.8
2021-06-01 00:00:00,Electronics,Colorbuds,Michigan Ave,Commercial,2021,Qtr 2,June,1,2021,223,Chicago,1784,3342.77
2021-06-01 00:00:00,Electronics,Colorbuds,O'Hare,Airport,2021,Qtr 2,June,1,2021,152,Chicago,1216,2278.48
2021-06-01 00:00:00,Electronics,Gamer Headset,Fifth Avenue,Commercial,2021,Qtr 2,June,1,2021,28,New York,167.99999999999994,587.7199999999999
2021-06-01 00:00:00,Electronics,Gamer Headset,JFK,Airport,2021,Qtr 2,June,1,2021,21,New York,125.99999999999996,440.78999999999996
2021-06-01 00:00:00,Electronics,Gamer Headset,LAX,Airport,2021,Qtr 2,June,1,2021,32,Los Angeles,191.99999999999994,671.68
2021-06-01 00:00:00,Electronics,Gamer Headset,Lincoln Park,Residential,2021,Qtr 2,June,1,2021,6,Chicago,35.999999999999986,125.94
2021-06-01 00:00:00,Electronics,Gamer Headset,O'Hare,Airport,2021,Qtr 2,June,1,2021,31,Chicago,185.99999999999994,650.6899999999999
2021-06-01 00:00:00,Electronics,Toy Robot,LAX,Airport,2021,Qtr 2,June,1,2021,13,Los Angeles,65,337.87
2021-06-01 00:00:00,Electronics,Toy Robot,Lincoln Park,Residential,2021,Qtr 2,June,1,2021,10,Chicago,50,259.9
2021-06-01 00:00:00,Electronics,Toy Robot,Michigan Ave,Commercial,2021,Qtr 2,June,1,2021,17,Chicago,85,441.83
2021-06-01 00:00:00,Electronics,Toy Robot,O'Hare,Airport,2021,Qtr 2,June,1,2021,52,Chicago,260,1351.48
2021-06-01 00:00:00,Games,Chutes & Ladders,JFK,Airport,2021,Qtr 2,June,1,2021,21,New York,63,272.79
2021-06-01 00:00:00,Games,Chutes & Ladders,Lincoln Park,Residential,2021,Qtr 2,June,1,2021,5,Chicago,15,64.95
2021-06-01 00:00:00,Games,Classic Dominoes,JFK,Airport,2021,Qtr 2,June,1,2021,18,New York,36,179.82
2021-06-01 00:00:00,Games,Deck Of Cards,Fifth Avenue,Commercial,2021,Qtr 2,June,1,2021,21,New York,63,146.79
2021-06-01 00:00:00,Games,Deck Of Cards,JFK,Airport,2021,Qtr 2,June,1,2021,99,New York,297,692.01
2021-06-01 00:00:00,Games,Deck Of Cards,Lincoln Park,Residential,2021,Qtr 2,June,1,2021,147,Chicago,441,1027.53
2021-06-01 00:00:00,Games,Deck Of Cards,Michigan Ave,Commercial,2021,Qtr 2,June,1,2021,55,Chicago,165,384.45
2021-06-01 00:00:00,Games,Deck Of Cards,O'Hare,Airport,2021,Qtr 2,June,1,2021,174,Chicago,522,1216.26
2021-06-01 00:00:00,Games,Glass Marbles,JFK,Airport,2021,Qtr 2,June,1,2021,398,New York,1990,4374.02
2021-06-01 00:00:00,Games,Glass Marbles,LAX,Airport,2021,Qtr 2,June,1,2021,13,Los Angeles,65,142.87
2021-06-01 00:00:00,Games,Glass Marbles,Lincoln Park,Residential,2021,Qtr 2,June,1,2021,11,Chicago,55,120.89
2021-06-01 00:00:00,Games,Glass Marbles,Michigan Ave,Commercial,2021,Qtr 2,June,1,2021,9,Chicago,45,98.91
2021-06-01 00:00:00,Games,Glass Marbles,O'Hare,Airport,2021,Qtr 2,June,1,2021,128,Chicago,640,1406.72
2021-06-01 00:00:00,Games,Jenga,Fifth Avenue,Commercial,2021,Qtr 2,June,1,2021,13,New York,91,129.87
2021-06-01 00:00:00,Games,Jenga,JFK,Airport,2021,Qtr 2,June,1,2021,8,New York,56,79.92
2021-06-01 00:00:00,Games,Jenga,LAX,Airport,2021,Qtr 2,June,1,2021,24,Los Angeles,168,239.76
2021-06-01 00:00:00,Games,Jenga,Michigan Ave,Commercial,2021,Qtr 2,June,1,2021,9,Chicago,63,89.91
2021-06-01 00:00:00,Games,Jenga,O'Hare,Airport,2021,Qtr 2,June,1,2021,45,Chicago,315,449.55
2021-06-01 00:00:00,Games,Monopoly,Lincoln Park,Residential,2021,Qtr 2,June,1,2021,8,Chicago,47.999999999999986,159.92
2021-06-01 00:00:00,Games,Rubik's Cube,Fifth Avenue,Commercial,2021,Qtr 2,June,1,2021,22,New York,44,439.78
2021-06-01 00:00:00,Games,Rubik's Cube,JFK,Airport,2021,Qtr 2,June,1,2021,47,New York,94,939.53
2021-06-01 00:00:00,Games,Rubik's Cube,LAX,Airport,2021,Qtr 2,June,1,2021,33,Los Angeles,66,659.67
2021-06-01 00:00:00,Games,Rubik's Cube,Lincoln Park,Residential,2021,Qtr 2,June,1,2021,53,Chicago,106,1059.47
2021-06-01 00:00:00,Games,Rubik's Cube,Michigan Ave,Commercial,2021,Qtr 2,June,1,2021,89,Chicago,178,1779.11
2021-06-01 00:00:00,Games,Rubik's Cube,O'Hare,Airport,2021,Qtr 2,June,1,2021,35,Chicago,70,699.65
2021-06-01 00:00:00,Games,Uno Card Game,Lincoln Park,Residential,2021,Qtr 2,June,1,2021,34,Chicago,136,271.66
2021-06-01 00:00:00,Sports & Outdoors,Basketball Hoop,Lincoln Park,Residential,2021,Qtr 2,June,1,2021,6,Chicago,95.99999999999999,149.94
2021-06-01 00:00:00,Sports & Outdoors,Dart Gun,Fifth Avenue,Commercial,2021,Qtr 2,June,1,2021,6,New York,24,95.94
2021-06-01 00:00:00,Sports & Outdoors,Dart Gun,JFK,Airport,2021,Qtr 2,June,1,2021,24,New York,96,383.76
2021-06-01 00:00:00,Sports & Outdoors,Dart Gun,Lincoln Park,Residential,2021,Qtr 2,June,1,2021,34,Chicago,136,543.66
2021-06-01 00:00:00,Sports & Outdoors,Dart Gun,Michigan Ave,Commercial,2021,Qtr 2,June,1,2021,37,Chicago,148,591.63
2021-06-01 00:00:00,Sports & Outdoors,Dart Gun,O'Hare,Airport,2021,Qtr 2,June,1,2021,27,Chicago,108,431.73
2021-06-01 00:00:00,Sports & Outdoors,Disk Launcher,Fifth Avenue,Commercial,2021,Qtr 2,June,1,2021,47,New York,141,563.53
2021-06-01 00:00:00,Sports & Outdoors,Disk Launcher,JFK,Airport,2021,Qtr 2,June,1,2021,56,New York,168,671.44
2021-06-01 00:00:00,Sports & Outdoors,Disk Launcher,Lincoln Park,Residential,2021,Qtr 2,June,1,2021,32,Chicago,96,383.68
2021-06-01 00:00:00,Sports & Outdoors,Disk Launcher,Michigan Ave,Commercial,2021,Qtr 2,June,1,2021,5,Chicago,15,59.95
2021-06-01 00:00:00,Sports & Outdoors,Disk Launcher,Millenium,Downtown,2021,Qtr 2,June,1,2021,39,Chicago,117,467.61
2021-06-01 00:00:00,Sports & Outdoors,Disk Launcher,O'Hare,Airport,2021,Qtr 2,June,1,2021,62,Chicago,186,743.38
2021-06-01 00:00:00,Sports & Outdoors,Disk Launcher,Times Square,Downtown,2021,Qtr 2,June,1,2021,2,New York,6,23.98
2021-06-01 00:00:00,Sports & Outdoors,Mini Ping Pong,Lincoln Park,Residential,2021,Qtr 2,June,1,2021,157,Chicago,471,1568.43
2021-06-01 00:00:00,Sports & Outdoors,Mini Ping Pong,Michigan Ave,Commercial,2021,Qtr 2,June,1,2021,36,Chicago,108,359.64
2021-06-01 00:00:00,Sports & Outdoors,Mini Ping Pong,O'Hare,Airport,2021,Qtr 2,June,1,2021,56,Chicago,168,559.44
2021-06-01 00:00:00,Sports & Outdoors,Nerf Gun,Fifth Avenue,Commercial,2021,Qtr 2,June,1,2021,14,New York,69.99999999999997,279.85999999999996
2021-06-01 00:00:00,Sports & Outdoors,Nerf Gun,JFK,Airport,2021,Qtr 2,June,1,2021,15,New York,74.99999999999997,299.84999999999997
2021-06-01 00:00:00,Sports & Outdoors,Nerf Gun,LAX,Airport,2021,Qtr 2,June,1,2021,31,Los Angeles,154.99999999999994,619.6899999999999
2021-06-01 00:00:00,Sports & Outdoors,Nerf Gun,Lincoln Park,Residential,2021,Qtr 2,June,1,2021,27,Chicago,134.99999999999994,539.7299999999999
2021-06-01 00:00:00,Sports & Outdoors,Nerf Gun,Michigan Ave,Commercial,2021,Qtr 2,June,1,2021,34,Chicago,169.99999999999994,679.66
2021-06-01 00:00:00,Sports & Outdoors,Nerf Gun,O'Hare,Airport,2021,Qtr 2,June,1,2021,41,Chicago,204.99999999999991,819.5899999999999
2021-06-01 00:00:00,Sports & Outdoors,Splash Balls,JFK,Airport,2021,Qtr 2,June,1,2021,197,New York,197,1771.03
2021-06-01 00:00:00,Sports & Outdoors,Splash Balls,LAX,Airport,2021,Qtr 2,June,1,2021,27,Los Angeles,27,242.73000000000002
2021-06-01 00:00:00,Sports & Outdoors,Splash Balls,Lincoln Park,Residential,2021,Qtr 2,June,1,2021,89,Chicago,89,800.11
2021-06-01 00:00:00,Sports & Outdoors,Splash Balls,Michigan Ave,Commercial,2021,Qtr 2,June,1,2021,8,Chicago,8,71.92
2021-06-01 00:00:00,Sports & Outdoors,Splash Balls,O'Hare,Airport,2021,Qtr 2,June,1,2021,124,Chicago,124,1114.76
2021-06-01 00:00:00,Sports & Outdoors,Water Gun,Lincoln Park,Residential,2021,Qtr 2,June,1,2021,6,Chicago,18,89.94
2021-06-01 00:00:00,Sports & Outdoors,Water Gun,Michigan Ave,Commercial,2021,Qtr 2,June,1,2021,8,Chicago,24,119.92
2021-06-01 00:00:00,Sports & Outdoors,Water Gun,O'Hare,Airport,2021,Qtr 2,June,1,2021,21,Chicago,63,314.79
2021-06-01 00:00:00,Toys,Action Figure,Beverly Hills,Residential,2021,Qtr 2,June,1,2021,26,Los Angeles,156,415.74
2021-06-01 00:00:00,Toys,Action Figure,Fifth Avenue,Commercial,2021,Qtr 2,June,1,2021,87,New York,522,1391.13
2021-06-01 00:00:00,Toys,Action Figure,JFK,Airport,2021,Qtr 2,June,1,2021,47,New York,282,751.53
2021-06-01 00:00:00,Toys,Action Figure,Lincoln Park,Residential,2021,Qtr 2,June,1,2021,104,Chicago,624,1662.96
2021-06-01 00:00:00,Toys,Action Figure,Michigan Ave,Commercial,2021,Qtr 2,June,1,2021,41,Chicago,246,655.59
2021-06-01 00:00:00,Toys,Action Figure,O'Hare,Airport,2021,Qtr 2,June,1,2021,157,Chicago,942,2510.43
2021-06-01 00:00:00,Toys,Animal Figures,Fifth Avenue,Commercial,2021,Qtr 2,June,1,2021,16,New York,48,207.84
2021-06-01 00:00:00,Toys,Animal Figures,JFK,Airport,2021,Qtr 2,June,1,2021,32,New York,96,415.68
2021-06-01 00:00:00,Toys,Animal Figures,Lincoln Park,Residential,2021,Qtr 2,June,1,2021,42,Chicago,126,545.58
2021-06-01 00:00:00,Toys,Animal Figures,Michigan Ave,Commercial,2021,Qtr 2,June,1,2021,92,Chicago,276,1195.08
2021-06-01 00:00:00,Toys,Animal Figures,O'Hare,Airport,2021,Qtr 2,June,1,2021,50,Chicago,150,649.5
2021-06-01 00:00:00,Toys,Dino Egg,Fifth Avenue,Commercial,2021,Qtr 2,June,1,2021,68,New York,68,747.32
2021-06-01 00:00:00,Toys,Dino Egg,JFK,Airport,2021,Qtr 2,June,1,2021,54,New York,54,593.46
2021-06-01 00:00:00,Toys,Dino Egg,Lincoln Park,Residential,2021,Qtr 2,June,1,2021,85,Chicago,85,934.15
2021-06-01 00:00:00,Toys,Dino Egg,Michigan Ave,Commercial,2021,Qtr 2,June,1,2021,89,Chicago,89,978.11
2021-06-01 00:00:00,Toys,Dino Egg,O'Hare,Airport,2021,Qtr 2,June,1,2021,153,Chicago,153,1681.47
2021-06-01 00:00:00,Toys,Dinosaur Figures,Fifth Avenue,Commercial,2021,Qtr 2,June,1,2021,15,New York,60,224.85
2021-06-01 00:00:00,Toys,Dinosaur Figures,JFK,Airport,2021,Qtr 2,June,1,2021,27,New York,108,404.73
2021-06-01 00:00:00,Toys,Dinosaur Figures,Lincoln Park,Residential,2021,Qtr 2,June,1,2021,34,Chicago,136,509.66
2021-06-01 00:00:00,Toys,Dinosaur Figures,Michigan Ave,Commercial,2021,Qtr 2,June,1,2021,39,Chicago,156,584.61
2021-06-01 00:00:00,Toys,Hot Wheels Pack,Fifth Avenue,Commercial,2021,Qtr 2,June,1,2021,31,New York,62,185.69
2021-06-01 00:00:00,Toys,Hot Wheels Pack,JFK,Airport,2021,Qtr 2,June,1,2021,18,New York,36,107.82000000000001
2021-06-01 00:00:00,Toys,Hot Wheels Pack,LAX,Airport,2021,Qtr 2,June,1,2021,10,Los Angeles,20,59.900000000000006
2021-06-01 00:00:00,Toys,Hot Wheels Pack,Lincoln Park,Residential,2021,Qtr 2,June,1,2021,9,Chicago,18,53.910000000000004
2021-06-01 00:00:00,Toys,Hot Wheels Pack,Michigan Ave,Commercial,2021,Qtr 2,June,1,2021,32,Chicago,64,191.68
2021-06-01 00:00:00,Toys,Hot Wheels Pack,O'Hare,Airport,2021,Qtr 2,June,1,2021,35,Chicago,70,209.65
2021-06-01 00:00:00,Toys,Lego Bricks,Fifth Avenue,Commercial,2021,Qtr 2,June,1,2021,96,New York,480,3839.04
2021-06-01 00:00:00,Toys,Lego Bricks,JFK,Airport,2021,Qtr 2,June,1,2021,153,New York,765,6118.47
2021-06-01 00:00:00,Toys,Lego Bricks,LAX,Airport,2021,Qtr 2,June,1,2021,181,Los Angeles,905,7238.1900000000005
2021-06-01 00:00:00,Toys,Lego Bricks,Lincoln Park,Residential,2021,Qtr 2,June,1,2021,35,Chicago,175,1399.65
2021-06-01 00:00:00,Toys,Lego Bricks,Michigan Ave,Commercial,2021,Qtr 2,June,1,2021,96,Chicago,480,3839.04
2021-06-01 00:00:00,Toys,Lego Bricks,O'Hare,Airport,2021,Qtr 2,June,1,2021,171,Chicago,855,6838.29
2021-06-01 00:00:00,Toys,Mr. Potatohead,Fifth Avenue,Commercial,2021,Qtr 2,June,1,2021,3,New York,15,29.97
2021-06-01 00:00:00,Toys,Mr. Potatohead,JFK,Airport,2021,Qtr 2,June,1,2021,41,New York,205,409.59000000000003
2021-06-01 00:00:00,Toys,Mr. Potatohead,LAX,Airport,2021,Qtr 2,June,1,2021,9,Los Angeles,45,89.91
2021-06-01 00:00:00,Toys,Mr. Potatohead,Lincoln Park,Residential,2021,Qtr 2,June,1,2021,15,Chicago,75,149.85
2021-06-01 00:00:00,Toys,Mr. Potatohead,Michigan Ave,Commercial,2021,Qtr 2,June,1,2021,40,Chicago,200,399.6
2021-06-01 00:00:00,Toys,Mr. Potatohead,O'Hare,Airport,2021,Qtr 2,June,1,2021,55,Chicago,275,549.45
2021-06-01 00:00:00,Toys,Plush Pony,Fifth Avenue,Commercial,2021,Qtr 2,June,1,2021,44,New York,483.99999999999994,879.56
2021-06-01 00:00:00,Toys,Plush Pony,JFK,Airport,2021,Qtr 2,June,1,2021,5,New York,54.99999999999999,99.94999999999999
2021-06-01 00:00:00,Toys,Plush Pony,LAX,Airport,2021,Qtr 2,June,1,2021,45,Los Angeles,494.99999999999994,899.55
2021-06-01 00:00:00,Toys,Plush Pony,Lincoln Park,Residential,2021,Qtr 2,June,1,2021,29,Chicago,318.99999999999994,579.7099999999999
2021-06-01 00:00:00,Toys,Plush Pony,Michigan Ave,Commercial,2021,Qtr 2,June,1,2021,21,Chicago,230.99999999999997,419.78999999999996
2021-06-01 00:00:00,Toys,Teddy Bear,LAX,Airport,2021,Qtr 2,June,1,2021,11,Los Angeles,22,142.89000000000001
2021-06-02 00:00:00,Electronics,Colorbuds,Hollywood,Commercial,2021,Qtr 2,June,2,2021,46,Los Angeles,368,689.54
2021-06-02 00:00:00,Electronics,Gamer Headset,Millenium,Downtown,2021,Qtr 2,June,2,2021,9,Chicago,53.999999999999986,188.91
2021-06-02 00:00:00,Electronics,Gamer Headset,Times Square,Downtown,2021,Qtr 2,June,2,2021,23,New York,137.99999999999997,482.77
2021-06-02 00:00:00,Toys,Animal Figures,Beverly Hills,Residential,2021,Qtr 2,June,2,2021,21,Los Angeles,63,272.79
2021-06-03 00:00:00,Art & Crafts,Barrel O' Slime,Beverly Hills,Residential,2021,Qtr 2,June,3,2021,133,Los Angeles,266,530.6700000000001
2021-06-03 00:00:00,Games,Deck Of Cards,Hollywood,Commercial,2021,Qtr 2,June,3,2021,89,Los Angeles,267,622.11
2021-06-03 00:00:00,Games,Glass Marbles,Times Square,Downtown,2021,Qtr 2,June,3,2021,88,New York,440,967.12
2021-06-03 00:00:00,Toys,Hot Wheels Pack,Millenium,Downtown,2021,Qtr 2,June,3,2021,46,Chicago,92,275.54
2021-06-04 00:00:00,Games,Classic Dominoes,Beverly Hills,Residential,2021,Qtr 2,June,4,2021,23,Los Angeles,46,229.77
2021-06-04 00:00:00,Games,Jenga,Millenium,Downtown,2021,Qtr 2,June,4,2021,19,Chicago,133,189.81
2021-06-04 00:00:00,Toys,Dino Egg,Hollywood,Commercial,2021,Qtr 2,June,4,2021,70,Los Angeles,70,769.3000000000001
2021-06-04 00:00:00,Toys,Hot Wheels Pack,Times Square,Downtown,2021,Qtr 2,June,4,2021,95,New York,190,569.0500000000001
2021-06-05 00:00:00,Art & Crafts,Kids Makeup Kit,Millenium,Downtown,2021,Qtr 2,June,5,2021,9,Chicago,53.999999999999986,179.91
2021-06-05 00:00:00,Electronics,Colorbuds,Beverly Hills,Residential,2021,Qtr 2,June,5,2021,36,Los Angeles,288,539.64
2021-06-05 00:00:00,Games,Jenga,Times Square,Downtown,2021,Qtr 2,June,5,2021,26,New York,182,259.74
2021-06-05 00:00:00,Toys,Dinosaur Figures,Hollywood,Commercial,2021,Qtr 2,June,5,2021,24,Los Angeles,96,359.76
2021-06-06 00:00:00,Art & Crafts,Etch A Sketch,Hollywood,Commercial,2021,Qtr 2,June,6,2021,4,Los Angeles,39.99999999999999,83.96
2021-06-06 00:00:00,Art & Crafts,Kids Makeup Kit,Times Square,Downtown,2021,Qtr 2,June,6,2021,35,New York,209.99999999999994,699.65
2021-06-06 00:00:00,Sports & Outdoors,Dart Gun,Beverly Hills,Residential,2021,Qtr 2,June,6,2021,6,Los Angeles,24,95.94
2021-06-06 00:00:00,Toys,Lego Bricks,Millenium,Downtown,2021,Qtr 2,June,6,2021,56,Chicago,280,2239.44
2021-06-07 00:00:00,Art & Crafts,Magic Sand,Millenium,Downtown,2021,Qtr 2,June,7,2021,230,Chicago,460,3677.7000000000003
2021-06-07 00:00:00,Electronics,Gamer Headset,Hollywood,Commercial,2021,Qtr 2,June,7,2021,41,Los Angeles,245.99999999999991,860.5899999999999
2021-06-07 00:00:00,Games,Deck Of Cards,Beverly Hills,Residential,2021,Qtr 2,June,7,2021,62,Los Angeles,186,433.38
2021-06-07 00:00:00,Toys,Lego Bricks,Times Square,Downtown,2021,Qtr 2,June,7,2021,44,New York,220,1759.5600000000002
2021-06-08 00:00:00,Art & Crafts,Magic Sand,Times Square,Downtown,2021,Qtr 2,June,8,2021,237,New York,474,3789.63
2021-06-08 00:00:00,Games,Glass Marbles,Hollywood,Commercial,2021,Qtr 2,June,8,2021,13,Los Angeles,65,142.87
2021-06-08 00:00:00,Sports & Outdoors,Mini Ping Pong,Millenium,Downtown,2021,Qtr 2,June,8,2021,127,Chicago,381,1268.73
2021-06-08 00:00:00,Toys,Dino Egg,Beverly Hills,Residential,2021,Qtr 2,June,8,2021,44,Los Angeles,44,483.56
2021-06-09 00:00:00,Sports & Outdoors,Mini Ping Pong,Times Square,Downtown,2021,Qtr 2,June,9,2021,23,New York,69,229.77
2021-06-09 00:00:00,Toys,Dinosaur Figures,Beverly Hills,Residential,2021,Qtr 2,June,9,2021,5,Los Angeles,20,74.95
2021-06-09 00:00:00,Toys,Hot Wheels Pack,Hollywood,Commercial,2021,Qtr 2,June,9,2021,19,Los Angeles,38,113.81
2021-06-09 00:00:00,Toys,Mr. Potatohead,Millenium,Downtown,2021,Qtr 2,June,9,2021,30,Chicago,150,299.7
2021-06-10 00:00:00,Art & Crafts,Etch A Sketch,Beverly Hills,Residential,2021,Qtr 2,June,10,2021,5,Los Angeles,49.99999999999999,104.94999999999999
2021-06-10 00:00:00,Games,Jenga,Hollywood,Commercial,2021,Qtr 2,June,10,2021,9,Los Angeles,63,89.91
2021-06-10 00:00:00,Games,Monopoly,Times Square,Downtown,2021,Qtr 2,June,10,2021,14,New York,83.99999999999997,279.85999999999996
2021-06-10 00:00:00,Sports & Outdoors,Nerf Gun,Millenium,Downtown,2021,Qtr 2,June,10,2021,52,Chicago,259.9999999999999,1039.48
2021-06-11 00:00:00,Art & Crafts,Kids Makeup Kit,Hollywood,Commercial,2021,Qtr 2,June,11,2021,8,Los Angeles,47.999999999999986,159.92
2021-06-11 00:00:00,Art & Crafts,PlayDoh Can,Millenium,Downtown,2021,Qtr 2,June,11,2021,146,Chicago,146.00000000000003,436.54
2021-06-11 00:00:00,Sports & Outdoors,Disk Launcher,Beverly Hills,Residential,2021,Qtr 2,June,11,2021,7,Los Angeles,21,83.93
2021-06-11 00:00:00,Toys,Mr. Potatohead,Times Square,Downtown,2021,Qtr 2,June,11,2021,2,New York,10,19.98
2021-06-12 00:00:00,Art & Crafts,PlayDoh Playset,Millenium,Downtown,2021,Qtr 2,June,12,2021,5,Chicago,20,124.94999999999999
2021-06-12 00:00:00,Electronics,Gamer Headset,Beverly Hills,Residential,2021,Qtr 2,June,12,2021,9,Los Angeles,53.999999999999986,188.91
2021-06-12 00:00:00,Sports & Outdoors,Nerf Gun,Times Square,Downtown,2021,Qtr 2,June,12,2021,55,New York,274.9999999999999,1099.4499999999998
2021-06-12 00:00:00,Toys,Lego Bricks,Hollywood,Commercial,2021,Qtr 2,June,12,2021,14,Los Angeles,70,559.86
2021-06-13 00:00:00,Art & Crafts,Magic Sand,Hollywood,Commercial,2021,Qtr 2,June,13,2021,92,Los Angeles,184,1471.08
2021-06-13 00:00:00,Art & Crafts,PlayDoh Can,Times Square,Downtown,2021,Qtr 2,June,13,2021,382,New York,382.00000000000006,1142.18
2021-06-13 00:00:00,Art & Crafts,PlayDoh Toolkit,Millenium,Downtown,2021,Qtr 2,June,13,2021,44,Chicago,44,219.56
2021-06-13 00:00:00,Games,Glass Marbles,Beverly Hills,Residential,2021,Qtr 2,June,13,2021,23,Los Angeles,115,252.77
2021-06-14 00:00:00,Art & Crafts,Kids Makeup Kit,Beverly Hills,Residential,2021,Qtr 2,June,14,2021,25,Los Angeles,149.99999999999994,499.74999999999994
2021-06-14 00:00:00,Art & Crafts,PlayDoh Toolkit,Times Square,Downtown,2021,Qtr 2,June,14,2021,9,New York,9,44.910000000000004
2021-06-14 00:00:00,Sports & Outdoors,Mini Ping Pong,Hollywood,Commercial,2021,Qtr 2,June,14,2021,50,Los Angeles,150,499.5
2021-06-14 00:00:00,Toys,Plush Pony,Millenium,Downtown,2021,Qtr 2,June,14,2021,42,Chicago,461.99999999999994,839.5799999999999
2021-06-15 00:00:00,Games,Rubik's Cube,Millenium,Downtown,2021,Qtr 2,June,15,2021,55,Chicago,110,1099.4499999999998
2021-06-15 00:00:00,Toys,Lego Bricks,Beverly Hills,Residential,2021,Qtr 2,June,15,2021,59,Los Angeles,295,2359.4100000000003
2021-06-15 00:00:00,Toys,Mr. Potatohead,Hollywood,Commercial,2021,Qtr 2,June,15,2021,31,Los Angeles,155,309.69
2021-06-15 00:00:00,Toys,Plush Pony,Times Square,Downtown,2021,Qtr 2,June,15,2021,6,New York,65.99999999999999,119.94
2021-06-16 00:00:00,Art & Crafts,Magic Sand,Beverly Hills,Residential,2021,Qtr 2,June,16,2021,132,Los Angeles,264,2110.68
2021-06-16 00:00:00,Games,Rubik's Cube,Times Square,Downtown,2021,Qtr 2,June,16,2021,18,New York,36,359.82
2021-06-16 00:00:00,Sports & Outdoors,Nerf Gun,Hollywood,Commercial,2021,Qtr 2,June,16,2021,13,Los Angeles,64.99999999999997,259.87
2021-06-16 00:00:00,Sports & Outdoors,Splash Balls,Millenium,Downtown,2021,Qtr 2,June,16,2021,208,Chicago,208,1869.92
2021-06-17 00:00:00,Art & Crafts,PlayDoh Can,Hollywood,Commercial,2021,Qtr 2,June,17,2021,49,Los Angeles,49.000000000000014,146.51000000000002
2021-06-17 00:00:00,Sports & Outdoors,Basketball Hoop,Beverly Hills,Residential,2021,Qtr 2,June,17,2021,5,Los Angeles,79.99999999999999,124.94999999999999
2021-06-17 00:00:00,Sports & Outdoors,Splash Balls,Times Square,Downtown,2021,Qtr 2,June,17,2021,33,New York,33,296.67
2021-06-17 00:00:00,Sports & Outdoors,Water Gun,Millenium,Downtown,2021,Qtr 2,June,17,2021,11,Chicago,33,164.89000000000001
2021-06-18 00:00:00,Art & Crafts,PlayDoh Toolkit,Hollywood,Commercial,2021,Qtr 2,June,18,2021,17,Los Angeles,17,84.83
2021-06-18 00:00:00,Sports & Outdoors,Mini Ping Pong,Beverly Hills,Residential,2021,Qtr 2,June,18,2021,20,Los Angeles,60,199.8
2021-06-18 00:00:00,Sports & Outdoors,Water Gun,Times Square,Downtown,2021,Qtr 2,June,18,2021,15,New York,45,224.85
2021-06-18 00:00:00,Toys,Teddy Bear,Millenium,Downtown,2021,Qtr 2,June,18,2021,17,Chicago,34,220.83
2021-06-19 00:00:00,Electronics,Toy Robot,Millenium,Downtown,2021,Qtr 2,June,19,2021,37,Chicago,185,961.63
2021-06-19 00:00:00,Electronics,Toy Robot,Times Square,Downtown,2021,Qtr 2,June,19,2021,14,New York,70,363.85999999999996
2021-06-19 00:00:00,Games,Monopoly,Beverly Hills,Residential,2021,Qtr 2,June,19,2021,6,Los Angeles,35.999999999999986,119.94
2021-06-19 00:00:00,Games,Rubik's Cube,Hollywood,Commercial,2021,Qtr 2,June,19,2021,42,Los Angeles,84,839.5799999999999
2021-06-20 00:00:00,Games,Uno Card Game,Millenium,Downtown,2021,Qtr 2,June,20,2021,10,Chicago,40,79.9
2021-06-20 00:00:00,Games,Uno Card Game,Times Square,Downtown,2021,Qtr 2,June,20,2021,18,New York,72,143.82
2021-06-20 00:00:00,Toys,Action Figure,Times Square,Downtown,2021,Qtr 2,June,20,2021,31,New York,186,495.69
2021-06-20 00:00:00,Toys,Mr. Potatohead,Beverly Hills,Residential,2021,Qtr 2,June,20,2021,12,Los Angeles,60,119.88
2021-06-21 00:00:00,Sports & Outdoors,Nerf Gun,Beverly Hills,Residential,2021,Qtr 2,June,21,2021,6,Los Angeles,29.99999999999999,119.94
2021-06-21 00:00:00,Toys,Action Figure,LAX,Airport,2021,Qtr 2,June,21,2021,142,Los Angeles,852,2270.58
2021-06-21 00:00:00,Toys,Action Figure,Millenium,Downtown,2021,Qtr 2,June,21,2021,92,Chicago,552,1471.08
2021-06-21 00:00:00,Toys,Animal Figures,Times Square,Downtown,2021,Qtr 2,June,21,2021,67,New York,201,870.33
2021-06-22 00:00:00,Art & Crafts,Barrel O' Slime,Times Square,Downtown,2021,Qtr 2,June,22,2021,168,New York,336,670.32
2021-06-22 00:00:00,Art & Crafts,PlayDoh Can,Beverly Hills,Residential,2021,Qtr 2,June,22,2021,136,Los Angeles,136.00000000000003,406.64000000000004
2021-06-22 00:00:00,Toys,Animal Figures,LAX,Airport,2021,Qtr 2,June,22,2021,68,Los Angeles,204,883.32
2021-06-22 00:00:00,Toys,Animal Figures,Millenium,Downtown,2021,Qtr 2,June,22,2021,65,Chicago,195,844.35
2021-06-23 00:00:00,Art & Crafts,Barrel O' Slime,LAX,Airport,2021,Qtr 2,June,23,2021,189,Los Angeles,378,754.11
2021-06-23 00:00:00,Art & Crafts,Barrel O' Slime,Millenium,Downtown,2021,Qtr 2,June,23,2021,596,Chicago,1192,2378.04
2021-06-23 00:00:00,Art & Crafts,PlayDoh Toolkit,Beverly Hills,Residential,2021,Qtr 2,June,23,2021,14,Los Angeles,14,69.86
2021-06-23 00:00:00,Games,Chutes & Ladders,Times Square,Downtown,2021,Qtr 2,June,23,2021,9,New York,27,116.91
2021-06-24 00:00:00,Electronics,Colorbuds,LAX,Airport,2021,Qtr 2,June,24,2021,121,Los Angeles,968,1813.79
2021-06-24 00:00:00,Games,Classic Dominoes,Millenium,Downtown,2021,Qtr 2,June,24,2021,13,Chicago,26,129.87
2021-06-24 00:00:00,Games,Classic Dominoes,Times Square,Downtown,2021,Qtr 2,June,24,2021,24,New York,48,239.76
2021-06-24 00:00:00,Games,Rubik's Cube,Beverly Hills,Residential,2021,Qtr 2,June,24,2021,37,Los Angeles,74,739.63
2021-06-25 00:00:00,Electronics,Colorbuds,Millenium,Downtown,2021,Qtr 2,June,25,2021,46,Chicago,368,689.54
2021-06-25 00:00:00,Electronics,Colorbuds,Times Square,Downtown,2021,Qtr 2,June,25,2021,105,New York,840,1573.95
2021-06-25 00:00:00,Sports & Outdoors,Dart Gun,LAX,Airport,2021,Qtr 2,June,25,2021,35,Los Angeles,140,559.65
2021-06-25 00:00:00,Sports & Outdoors,Splash Balls,Beverly Hills,Residential,2021,Qtr 2,June,25,2021,79,Los Angeles,79,710.21
2021-06-26 00:00:00,Games,Deck Of Cards,LAX,Airport,2021,Qtr 2,June,26,2021,22,Los Angeles,66,153.78
2021-06-26 00:00:00,Sports & Outdoors,Dart Gun,Millenium,Downtown,2021,Qtr 2,June,26,2021,35,Chicago,140,559.65
2021-06-26 00:00:00,Sports & Outdoors,Dart Gun,Times Square,Downtown,2021,Qtr 2,June,26,2021,62,New York,248,991.38
2021-06-26 00:00:00,Sports & Outdoors,Water Gun,Beverly Hills,Residential,2021,Qtr 2,June,26,2021,14,Los Angeles,42,209.86
2021-06-27 00:00:00,Games,Deck Of Cards,Millenium,Downtown,2021,Qtr 2,June,27,2021,95,Chicago,285,664.0500000000001
2021-06-27 00:00:00,Games,Deck Of Cards,Times Square,Downtown,2021,Qtr 2,June,27,2021,140,New York,420,978.6
2021-06-27 00:00:00,Toys,Dino Egg,LAX,Airport,2021,Qtr 2,June,27,2021,137,Los Angeles,137,1505.63
2021-06-27 00:00:00,Toys,Teddy Bear,Beverly Hills,Residential,2021,Qtr 2,June,27,2021,7,Los Angeles,14,90.93
2021-06-28 00:00:00,Games,Uno Card Game,Beverly Hills,Residential,2021,Qtr 2,June,28,2021,11,Los Angeles,44,87.89
2021-06-28 00:00:00,Toys,Dino Egg,Millenium,Downtown,2021,Qtr 2,June,28,2021,84,Chicago,84,923.16
2021-06-28 00:00:00,Toys,Dino Egg,Times Square,Downtown,2021,Qtr 2,June,28,2021,70,New York,70,769.3000000000001
2021-06-28 00:00:00,Toys,Dinosaur Figures,LAX,Airport,2021,Qtr 2,June,28,2021,90,Los Angeles,360,1349.1
2021-06-29 00:00:00,Art & Crafts,Etch A Sketch,LAX,Airport,2021,Qtr 2,June,29,2021,15,Los Angeles,149.99999999999997,314.84999999999997
2021-06-29 00:00:00,Toys,Action Figure,Hollywood,Commercial,2021,Qtr 2,June,29,2021,52,Los Angeles,312,831.48
2021-06-29 00:00:00,Toys,Dinosaur Figures,Millenium,Downtown,2021,Qtr 2,June,29,2021,16,Chicago,64,239.84
2021-06-29 00:00:00,Toys,Dinosaur Figures,Times Square,Downtown,2021,Qtr 2,June,29,2021,25,New York,100,374.75
2021-06-30 00:00:00,Art & Crafts,Etch A Sketch,Millenium,Downtown,2021,Qtr 2,June,30,2021,17,Chicago,169.99999999999997,356.83
2021-06-30 00:00:00,Art & Crafts,Etch A Sketch,Times Square,Downtown,2021,Qtr 2,June,30,2021,10,New York,99.99999999999999,209.89999999999998
2021-06-30 00:00:00,Sports & Outdoors,Disk Launcher,LAX,Airport,2021,Qtr 2,June,30,2021,20,Los Angeles,60,239.8
2021-06-30 00:00:00,Toys,Animal Figures,Hollywood,Commercial,2021,Qtr 2,June,30,2021,14,Los Angeles,42,181.86
2021-07-01 00:00:00,Art & Crafts,Barrel O' Slime,Fifth Avenue,Commercial,2021,Qtr 3,July,1,2021,37,New York,74,147.63
2021-07-01 00:00:00,Art & Crafts,Barrel O' Slime,Hollywood,Commercial,2021,Qtr 3,July,1,2021,37,Los Angeles,74,147.63
2021-07-01 00:00:00,Art & Crafts,Barrel O' Slime,JFK,Airport,2021,Qtr 3,July,1,2021,66,New York,132,263.34000000000003
2021-07-01 00:00:00,Art & Crafts,Barrel O' Slime,LAX,Airport,2021,Qtr 3,July,1,2021,138,Los Angeles,276,550.62
2021-07-01 00:00:00,Art & Crafts,Barrel O' Slime,Lincoln Park,Residential,2021,Qtr 3,July,1,2021,132,Chicago,264,526.6800000000001
2021-07-01 00:00:00,Art & Crafts,Barrel O' Slime,Michigan Ave,Commercial,2021,Qtr 3,July,1,2021,71,Chicago,142,283.29
2021-07-01 00:00:00,Art & Crafts,Barrel O' Slime,O'Hare,Airport,2021,Qtr 3,July,1,2021,379,Chicago,758,1512.21
2021-07-01 00:00:00,Art & Crafts,Etch A Sketch,Fifth Avenue,Commercial,2021,Qtr 3,July,1,2021,58,New York,579.9999999999999,1217.4199999999998
2021-07-01 00:00:00,Art & Crafts,Etch A Sketch,JFK,Airport,2021,Qtr 3,July,1,2021,32,New York,319.99999999999994,671.68
2021-07-01 00:00:00,Art & Crafts,Etch A Sketch,LAX,Airport,2021,Qtr 3,July,1,2021,84,Los Angeles,839.9999999999999,1763.1599999999999
2021-07-01 00:00:00,Art & Crafts,Etch A Sketch,Lincoln Park,Residential,2021,Qtr 3,July,1,2021,43,Chicago,429.99999999999994,902.5699999999999
2021-07-01 00:00:00,Art & Crafts,Etch A Sketch,Michigan Ave,Commercial,2021,Qtr 3,July,1,2021,10,Chicago,99.99999999999999,209.89999999999998
2021-07-01 00:00:00,Art & Crafts,Etch A Sketch,Millenium,Downtown,2021,Qtr 3,July,1,2021,32,Chicago,319.99999999999994,671.68
2021-07-01 00:00:00,Art & Crafts,Etch A Sketch,O'Hare,Airport,2021,Qtr 3,July,1,2021,125,Chicago,1249.9999999999998,2623.75
2021-07-01 00:00:00,Art & Crafts,Kids Makeup Kit,Fifth Avenue,Commercial,2021,Qtr 3,July,1,2021,71,New York,425.9999999999999,1419.29
2021-07-01 00:00:00,Art & Crafts,Kids Makeup Kit,JFK,Airport,2021,Qtr 3,July,1,2021,30,New York,179.99999999999994,599.6999999999999
2021-07-01 00:00:00,Art & Crafts,Kids Makeup Kit,LAX,Airport,2021,Qtr 3,July,1,2021,101,Los Angeles,605.9999999999998,2018.9899999999998
2021-07-01 00:00:00,Art & Crafts,Kids Makeup Kit,Lincoln Park,Residential,2021,Qtr 3,July,1,2021,61,Chicago,365.9999999999999,1219.3899999999999
2021-07-01 00:00:00,Art & Crafts,Kids Makeup Kit,Michigan Ave,Commercial,2021,Qtr 3,July,1,2021,35,Chicago,209.99999999999994,699.65
2021-07-01 00:00:00,Art & Crafts,Kids Makeup Kit,Millenium,Downtown,2021,Qtr 3,July,1,2021,38,Chicago,227.99999999999994,759.6199999999999
2021-07-01 00:00:00,Art & Crafts,Kids Makeup Kit,O'Hare,Airport,2021,Qtr 3,July,1,2021,21,Chicago,125.99999999999996,419.78999999999996
2021-07-01 00:00:00,Art & Crafts,Magic Sand,Fifth Avenue,Commercial,2021,Qtr 3,July,1,2021,243,New York,486,3885.57
2021-07-01 00:00:00,Art & Crafts,Magic Sand,JFK,Airport,2021,Qtr 3,July,1,2021,111,New York,222,1774.89
2021-07-01 00:00:00,Art & Crafts,Magic Sand,LAX,Airport,2021,Qtr 3,July,1,2021,84,Los Angeles,168,1343.16
2021-07-01 00:00:00,Art & Crafts,Magic Sand,Lincoln Park,Residential,2021,Qtr 3,July,1,2021,94,Chicago,188,1503.06
2021-07-01 00:00:00,Art & Crafts,Magic Sand,Michigan Ave,Commercial,2021,Qtr 3,July,1,2021,64,Chicago,128,1023.36
2021-07-01 00:00:00,Art & Crafts,Magic Sand,Millenium,Downtown,2021,Qtr 3,July,1,2021,189,Chicago,378,3022.11
2021-07-01 00:00:00,Art & Crafts,Magic Sand,O'Hare,Airport,2021,Qtr 3,July,1,2021,106,Chicago,212,1694.94
2021-07-01 00:00:00,Art & Crafts,PlayDoh Can,Fifth Avenue,Commercial,2021,Qtr 3,July,1,2021,59,New York,59.000000000000014,176.41000000000003
2021-07-01 00:00:00,Art & Crafts,PlayDoh Can,JFK,Airport,2021,Qtr 3,July,1,2021,119,New York,119.00000000000003,355.81
2021-07-01 00:00:00,Art & Crafts,PlayDoh Can,LAX,Airport,2021,Qtr 3,July,1,2021,108,Los Angeles,108.00000000000003,322.92
2021-07-01 00:00:00,Art & Crafts,PlayDoh Can,Lincoln Park,Residential,2021,Qtr 3,July,1,2021,68,Chicago,68.00000000000001,203.32000000000002
2021-07-01 00:00:00,Art & Crafts,PlayDoh Can,Michigan Ave,Commercial,2021,Qtr 3,July,1,2021,233,Chicago,233.00000000000006,696.6700000000001
2021-07-01 00:00:00,Art & Crafts,PlayDoh Can,Millenium,Downtown,2021,Qtr 3,July,1,2021,185,Chicago,185.00000000000003,553.1500000000001
2021-07-01 00:00:00,Art & Crafts,PlayDoh Can,O'Hare,Airport,2021,Qtr 3,July,1,2021,349,Chicago,349.00000000000006,1043.51
2021-07-01 00:00:00,Art & Crafts,PlayDoh Playset,JFK,Airport,2021,Qtr 3,July,1,2021,22,New York,88,549.78
2021-07-01 00:00:00,Art & Crafts,PlayDoh Playset,LAX,Airport,2021,Qtr 3,July,1,2021,33,Los Angeles,132,824.67
2021-07-01 00:00:00,Art & Crafts,PlayDoh Playset,Millenium,Downtown,2021,Qtr 3,July,1,2021,8,Chicago,32,199.92
2021-07-01 00:00:00,Art & Crafts,PlayDoh Playset,O'Hare,Airport,2021,Qtr 3,July,1,2021,8,Chicago,32,199.92
2021-07-01 00:00:00,Art & Crafts,PlayDoh Toolkit,Fifth Avenue,Commercial,2021,Qtr 3,July,1,2021,13,New York,13,64.87
2021-07-01 00:00:00,Art & Crafts,PlayDoh Toolkit,JFK,Airport,2021,Qtr 3,July,1,2021,24,New York,24,119.76
2021-07-01 00:00:00,Art & Crafts,PlayDoh Toolkit,LAX,Airport,2021,Qtr 3,July,1,2021,63,Los Angeles,63,314.37
2021-07-01 00:00:00,Art & Crafts,PlayDoh Toolkit,Lincoln Park,Residential,2021,Qtr 3,July,1,2021,10,Chicago,10,49.900000000000006
2021-07-01 00:00:00,Art & Crafts,PlayDoh Toolkit,Michigan Ave,Commercial,2021,Qtr 3,July,1,2021,11,Chicago,11,54.89
2021-07-01 00:00:00,Art & Crafts,PlayDoh Toolkit,Millenium,Downtown,2021,Qtr 3,July,1,2021,33,Chicago,33,164.67000000000002
2021-07-01 00:00:00,Art & Crafts,PlayDoh Toolkit,O'Hare,Airport,2021,Qtr 3,July,1,2021,54,Chicago,54,269.46000000000004
2021-07-01 00:00:00,Electronics,Colorbuds,Fifth Avenue,Commercial,2021,Qtr 3,July,1,2021,82,New York,656,1229.18
2021-07-01 00:00:00,Electronics,Colorbuds,JFK,Airport,2021,Qtr 3,July,1,2021,75,New York,600,1124.25
2021-07-01 00:00:00,Electronics,Colorbuds,LAX,Airport,2021,Qtr 3,July,1,2021,128,Los Angeles,1024,1918.72
2021-07-01 00:00:00,Electronics,Colorbuds,Lincoln Park,Residential,2021,Qtr 3,July,1,2021,26,Chicago,208,389.74
2021-07-01 00:00:00,Electronics,Colorbuds,Michigan Ave,Commercial,2021,Qtr 3,July,1,2021,115,Chicago,920,1723.8500000000001
2021-07-01 00:00:00,Electronics,Colorbuds,O'Hare,Airport,2021,Qtr 3,July,1,2021,80,Chicago,640,1199.2
2021-07-01 00:00:00,Electronics,Gamer Headset,Fifth Avenue,Commercial,2021,Qtr 3,July,1,2021,37,New York,221.99999999999994,776.63
2021-07-01 00:00:00,Electronics,Gamer Headset,JFK,Airport,2021,Qtr 3,July,1,2021,31,New York,185.99999999999994,650.6899999999999
2021-07-01 00:00:00,Electronics,Gamer Headset,LAX,Airport,2021,Qtr 3,July,1,2021,9,Los Angeles,53.999999999999986,188.91
2021-07-01 00:00:00,Electronics,Gamer Headset,Michigan Ave,Commercial,2021,Qtr 3,July,1,2021,24,Chicago,143.99999999999994,503.76
2021-07-01 00:00:00,Electronics,Gamer Headset,Millenium,Downtown,2021,Qtr 3,July,1,2021,22,Chicago,131.99999999999997,461.78
2021-07-01 00:00:00,Electronics,Gamer Headset,O'Hare,Airport,2021,Qtr 3,July,1,2021,56,Chicago,335.9999999999999,1175.4399999999998
2021-07-01 00:00:00,Electronics,Toy Robot,Fifth Avenue,Commercial,2021,Qtr 3,July,1,2021,23,New York,115,597.77
2021-07-01 00:00:00,Electronics,Toy Robot,JFK,Airport,2021,Qtr 3,July,1,2021,39,New York,195,1013.6099999999999
2021-07-01 00:00:00,Electronics,Toy Robot,LAX,Airport,2021,Qtr 3,July,1,2021,28,Los Angeles,140,727.7199999999999
2021-07-01 00:00:00,Electronics,Toy Robot,Michigan Ave,Commercial,2021,Qtr 3,July,1,2021,16,Chicago,80,415.84
2021-07-01 00:00:00,Electronics,Toy Robot,Millenium,Downtown,2021,Qtr 3,July,1,2021,13,Chicago,65,337.87
2021-07-01 00:00:00,Electronics,Toy Robot,O'Hare,Airport,2021,Qtr 3,July,1,2021,11,Chicago,55,285.89
2021-07-01 00:00:00,Games,Classic Dominoes,JFK,Airport,2021,Qtr 3,July,1,2021,7,New York,14,69.93
2021-07-01 00:00:00,Games,Deck Of Cards,Fifth Avenue,Commercial,2021,Qtr 3,July,1,2021,86,New York,258,601.14
2021-07-01 00:00:00,Games,Deck Of Cards,JFK,Airport,2021,Qtr 3,July,1,2021,127,New York,381,887.73
2021-07-01 00:00:00,Games,Deck Of Cards,LAX,Airport,2021,Qtr 3,July,1,2021,37,Los Angeles,111,258.63
2021-07-01 00:00:00,Games,Deck Of Cards,Lincoln Park,Residential,2021,Qtr 3,July,1,2021,47,Chicago,141,328.53000000000003
2021-07-01 00:00:00,Games,Deck Of Cards,Michigan Ave,Commercial,2021,Qtr 3,July,1,2021,56,Chicago,168,391.44
2021-07-01 00:00:00,Games,Deck Of Cards,O'Hare,Airport,2021,Qtr 3,July,1,2021,188,Chicago,564,1314.1200000000001
2021-07-01 00:00:00,Games,Glass Marbles,Fifth Avenue,Commercial,2021,Qtr 3,July,1,2021,47,New York,235,516.53
2021-07-01 00:00:00,Games,Glass Marbles,JFK,Airport,2021,Qtr 3,July,1,2021,313,New York,1565,3439.87
2021-07-01 00:00:00,Games,Glass Marbles,Lincoln Park,Residential,2021,Qtr 3,July,1,2021,37,Chicago,185,406.63
2021-07-01 00:00:00,Games,Glass Marbles,Michigan Ave,Commercial,2021,Qtr 3,July,1,2021,50,Chicago,250,549.5
2021-07-01 00:00:00,Games,Glass Marbles,Millenium,Downtown,2021,Qtr 3,July,1,2021,18,Chicago,90,197.82
2021-07-01 00:00:00,Games,Glass Marbles,O'Hare,Airport,2021,Qtr 3,July,1,2021,39,Chicago,195,428.61
2021-07-01 00:00:00,Games,Jenga,Fifth Avenue,Commercial,2021,Qtr 3,July,1,2021,31,New York,217,309.69
2021-07-01 00:00:00,Games,Jenga,JFK,Airport,2021,Qtr 3,July,1,2021,12,New York,84,119.88
2021-07-01 00:00:00,Games,Jenga,LAX,Airport,2021,Qtr 3,July,1,2021,7,Los Angeles,49,69.93
2021-07-01 00:00:00,Games,Jenga,Lincoln Park,Residential,2021,Qtr 3,July,1,2021,11,Chicago,77,109.89
2021-07-01 00:00:00,Games,Jenga,Michigan Ave,Commercial,2021,Qtr 3,July,1,2021,11,Chicago,77,109.89
2021-07-01 00:00:00,Games,Jenga,O'Hare,Airport,2021,Qtr 3,July,1,2021,40,Chicago,280,399.6
2021-07-01 00:00:00,Games,Rubik's Cube,Fifth Avenue,Commercial,2021,Qtr 3,July,1,2021,36,New York,72,719.64
2021-07-01 00:00:00,Games,Rubik's Cube,JFK,Airport,2021,Qtr 3,July,1,2021,46,New York,92,919.54
2021-07-01 00:00:00,Games,Rubik's Cube,LAX,Airport,2021,Qtr 3,July,1,2021,135,Los Angeles,270,2698.6499999999996
2021-07-01 00:00:00,Games,Rubik's Cube,Lincoln Park,Residential,2021,Qtr 3,July,1,2021,61,Chicago,122,1219.3899999999999
2021-07-01 00:00:00,Games,Rubik's Cube,Michigan Ave,Commercial,2021,Qtr 3,July,1,2021,41,Chicago,82,819.5899999999999
2021-07-01 00:00:00,Games,Rubik's Cube,Millenium,Downtown,2021,Qtr 3,July,1,2021,73,Chicago,146,1459.27
2021-07-01 00:00:00,Games,Rubik's Cube,O'Hare,Airport,2021,Qtr 3,July,1,2021,105,Chicago,210,2098.95
2021-07-01 00:00:00,Games,Uno Card Game,Millenium,Downtown,2021,Qtr 3,July,1,2021,17,Chicago,68,135.83
2021-07-01 00:00:00,Sports & Outdoors,Basketball Hoop,Lincoln Park,Residential,2021,Qtr 3,July,1,2021,3,Chicago,47.99999999999999,74.97
2021-07-01 00:00:00,Sports & Outdoors,Basketball Hoop,Millenium,Downtown,2021,Qtr 3,July,1,2021,8,Chicago,127.99999999999999,199.92
2021-07-01 00:00:00,Sports & Outdoors,Dart Gun,Fifth Avenue,Commercial,2021,Qtr 3,July,1,2021,20,New York,80,319.8
2021-07-01 00:00:00,Sports & Outdoors,Dart Gun,JFK,Airport,2021,Qtr 3,July,1,2021,2,New York,8,31.98
2021-07-01 00:00:00,Sports & Outdoors,Dart Gun,LAX,Airport,2021,Qtr 3,July,1,2021,27,Los Angeles,108,431.73
2021-07-01 00:00:00,Sports & Outdoors,Dart Gun,Lincoln Park,Residential,2021,Qtr 3,July,1,2021,15,Chicago,60,239.85
2021-07-01 00:00:00,Sports & Outdoors,Dart Gun,O'Hare,Airport,2021,Qtr 3,July,1,2021,52,Chicago,208,831.48
2021-07-01 00:00:00,Sports & Outdoors,Dart Gun,Times Square,Downtown,2021,Qtr 3,July,1,2021,46,New York,184,735.54
2021-07-01 00:00:00,Sports & Outdoors,Disk Launcher,Fifth Avenue,Commercial,2021,Qtr 3,July,1,2021,19,New York,57,227.81
2021-07-01 00:00:00,Sports & Outdoors,Disk Launcher,JFK,Airport,2021,Qtr 3,July,1,2021,45,New York,135,539.55
2021-07-01 00:00:00,Sports & Outdoors,Disk Launcher,LAX,Airport,2021,Qtr 3,July,1,2021,33,Los Angeles,99,395.67
2021-07-01 00:00:00,Sports & Outdoors,Disk Launcher,Lincoln Park,Residential,2021,Qtr 3,July,1,2021,15,Chicago,45,179.85
2021-07-01 00:00:00,Sports & Outdoors,Disk Launcher,Michigan Ave,Commercial,2021,Qtr 3,July,1,2021,9,Chicago,27,107.91
2021-07-01 00:00:00,Sports & Outdoors,Disk Launcher,Millenium,Downtown,2021,Qtr 3,July,1,2021,8,Chicago,24,95.92
2021-07-01 00:00:00,Sports & Outdoors,Disk Launcher,O'Hare,Airport,2021,Qtr 3,July,1,2021,36,Chicago,108,431.64
2021-07-01 00:00:00,Sports & Outdoors,Mini Ping Pong,JFK,Airport,2021,Qtr 3,July,1,2021,13,New York,39,129.87
2021-07-01 00:00:00,Sports & Outdoors,Mini Ping Pong,Lincoln Park,Residential,2021,Qtr 3,July,1,2021,139,Chicago,417,1388.6100000000001
2021-07-01 00:00:00,Sports & Outdoors,Mini Ping Pong,Michigan Ave,Commercial,2021,Qtr 3,July,1,2021,19,Chicago,57,189.81
2021-07-01 00:00:00,Sports & Outdoors,Mini Ping Pong,Millenium,Downtown,2021,Qtr 3,July,1,2021,45,Chicago,135,449.55
2021-07-01 00:00:00,Sports & Outdoors,Mini Ping Pong,O'Hare,Airport,2021,Qtr 3,July,1,2021,48,Chicago,144,479.52
2021-07-01 00:00:00,Sports & Outdoors,Nerf Gun,Fifth Avenue,Commercial,2021,Qtr 3,July,1,2021,45,New York,224.99999999999991,899.55
2021-07-01 00:00:00,Sports & Outdoors,Nerf Gun,JFK,Airport,2021,Qtr 3,July,1,2021,33,New York,164.99999999999994,659.67
2021-07-01 00:00:00,Sports & Outdoors,Nerf Gun,LAX,Airport,2021,Qtr 3,July,1,2021,81,Los Angeles,404.99999999999983,1619.1899999999998
2021-07-01 00:00:00,Sports & Outdoors,Nerf Gun,Lincoln Park,Residential,2021,Qtr 3,July,1,2021,26,Chicago,129.99999999999994,519.74
2021-07-01 00:00:00,Sports & Outdoors,Nerf Gun,Michigan Ave,Commercial,2021,Qtr 3,July,1,2021,39,Chicago,194.99999999999994,779.6099999999999
2021-07-01 00:00:00,Sports & Outdoors,Nerf Gun,Millenium,Downtown,2021,Qtr 3,July,1,2021,53,Chicago,264.9999999999999,1059.47
2021-07-01 00:00:00,Sports & Outdoors,Nerf Gun,O'Hare,Airport,2021,Qtr 3,July,1,2021,163,Chicago,814.9999999999997,3258.37
2021-07-01 00:00:00,Sports & Outdoors,Splash Balls,Fifth Avenue,Commercial,2021,Qtr 3,July,1,2021,520,New York,520,4674.8
2021-07-01 00:00:00,Sports & Outdoors,Splash Balls,JFK,Airport,2021,Qtr 3,July,1,2021,278,New York,278,2499.2200000000003
2021-07-01 00:00:00,Sports & Outdoors,Splash Balls,LAX,Airport,2021,Qtr 3,July,1,2021,171,Los Angeles,171,1537.29
2021-07-01 00:00:00,Sports & Outdoors,Splash Balls,Lincoln Park,Residential,2021,Qtr 3,July,1,2021,96,Chicago,96,863.04
2021-07-01 00:00:00,Sports & Outdoors,Splash Balls,Michigan Ave,Commercial,2021,Qtr 3,July,1,2021,11,Chicago,11,98.89
2021-07-01 00:00:00,Sports & Outdoors,Splash Balls,Millenium,Downtown,2021,Qtr 3,July,1,2021,212,Chicago,212,1905.88
2021-07-01 00:00:00,Sports & Outdoors,Splash Balls,O'Hare,Airport,2021,Qtr 3,July,1,2021,244,Chicago,244,2193.56
2021-07-01 00:00:00,Sports & Outdoors,Water Gun,Fifth Avenue,Commercial,2021,Qtr 3,July,1,2021,24,New York,72,359.76
2021-07-01 00:00:00,Sports & Outdoors,Water Gun,JFK,Airport,2021,Qtr 3,July,1,2021,4,New York,12,59.96
2021-07-01 00:00:00,Sports & Outdoors,Water Gun,LAX,Airport,2021,Qtr 3,July,1,2021,4,Los Angeles,12,59.96
2021-07-01 00:00:00,Sports & Outdoors,Water Gun,Lincoln Park,Residential,2021,Qtr 3,July,1,2021,6,Chicago,18,89.94
2021-07-01 00:00:00,Sports & Outdoors,Water Gun,Michigan Ave,Commercial,2021,Qtr 3,July,1,2021,14,Chicago,42,209.86
2021-07-01 00:00:00,Sports & Outdoors,Water Gun,O'Hare,Airport,2021,Qtr 3,July,1,2021,18,Chicago,54,269.82
2021-07-01 00:00:00,Toys,Action Figure,Fifth Avenue,Commercial,2021,Qtr 3,July,1,2021,3,New York,18,47.97
2021-07-01 00:00:00,Toys,Action Figure,JFK,Airport,2021,Qtr 3,July,1,2021,46,New York,276,735.54
2021-07-01 00:00:00,Toys,Action Figure,LAX,Airport,2021,Qtr 3,July,1,2021,46,Los Angeles,276,735.54
2021-07-01 00:00:00,Toys,Action Figure,Lincoln Park,Residential,2021,Qtr 3,July,1,2021,86,Chicago,516,1375.14
2021-07-01 00:00:00,Toys,Action Figure,Michigan Ave,Commercial,2021,Qtr 3,July,1,2021,36,Chicago,216,575.64
2021-07-01 00:00:00,Toys,Action Figure,O'Hare,Airport,2021,Qtr 3,July,1,2021,71,Chicago,426,1135.29
2021-07-01 00:00:00,Toys,Animal Figures,Fifth Avenue,Commercial,2021,Qtr 3,July,1,2021,42,New York,126,545.58
2021-07-01 00:00:00,Toys,Animal Figures,JFK,Airport,2021,Qtr 3,July,1,2021,13,New York,39,168.87
2021-07-01 00:00:00,Toys,Animal Figures,LAX,Airport,2021,Qtr 3,July,1,2021,120,Los Angeles,360,1558.8
2021-07-01 00:00:00,Toys,Animal Figures,Lincoln Park,Residential,2021,Qtr 3,July,1,2021,112,Chicago,336,1454.88
2021-07-01 00:00:00,Toys,Animal Figures,Michigan Ave,Commercial,2021,Qtr 3,July,1,2021,122,Chicago,366,1584.78
2021-07-01 00:00:00,Toys,Animal Figures,O'Hare,Airport,2021,Qtr 3,July,1,2021,116,Chicago,348,1506.84
2021-07-01 00:00:00,Toys,Dino Egg,Fifth Avenue,Commercial,2021,Qtr 3,July,1,2021,64,New York,64,703.36
2021-07-01 00:00:00,Toys,Dino Egg,JFK,Airport,2021,Qtr 3,July,1,2021,71,New York,71,780.29
2021-07-01 00:00:00,Toys,Dino Egg,LAX,Airport,2021,Qtr 3,July,1,2021,196,Los Angeles,196,2154.04
2021-07-01 00:00:00,Toys,Dino Egg,Lincoln Park,Residential,2021,Qtr 3,July,1,2021,150,Chicago,150,1648.5
2021-07-01 00:00:00,Toys,Dino Egg,Michigan Ave,Commercial,2021,Qtr 3,July,1,2021,132,Chicago,132,1450.68
2021-07-01 00:00:00,Toys,Dino Egg,Millenium,Downtown,2021,Qtr 3,July,1,2021,67,Chicago,67,736.33
2021-07-01 00:00:00,Toys,Dino Egg,O'Hare,Airport,2021,Qtr 3,July,1,2021,75,Chicago,75,824.25
2021-07-01 00:00:00,Toys,Dinosaur Figures,Fifth Avenue,Commercial,2021,Qtr 3,July,1,2021,34,New York,136,509.66
2021-07-01 00:00:00,Toys,Dinosaur Figures,JFK,Airport,2021,Qtr 3,July,1,2021,67,New York,268,1004.33
2021-07-01 00:00:00,Toys,Dinosaur Figures,LAX,Airport,2021,Qtr 3,July,1,2021,124,Los Angeles,496,1858.76
2021-07-01 00:00:00,Toys,Dinosaur Figures,Lincoln Park,Residential,2021,Qtr 3,July,1,2021,65,Chicago,260,974.35
2021-07-01 00:00:00,Toys,Dinosaur Figures,Michigan Ave,Commercial,2021,Qtr 3,July,1,2021,59,Chicago,236,884.41
2021-07-01 00:00:00,Toys,Hot Wheels Pack,Fifth Avenue,Commercial,2021,Qtr 3,July,1,2021,21,New York,42,125.79
2021-07-01 00:00:00,Toys,Hot Wheels Pack,JFK,Airport,2021,Qtr 3,July,1,2021,30,New York,60,179.70000000000002
2021-07-01 00:00:00,Toys,Hot Wheels Pack,LAX,Airport,2021,Qtr 3,July,1,2021,80,Los Angeles,160,479.20000000000005
2021-07-01 00:00:00,Toys,Hot Wheels Pack,Lincoln Park,Residential,2021,Qtr 3,July,1,2021,39,Chicago,78,233.61
2021-07-01 00:00:00,Toys,Hot Wheels Pack,Michigan Ave,Commercial,2021,Qtr 3,July,1,2021,65,Chicago,130,389.35
2021-07-01 00:00:00,Toys,Hot Wheels Pack,Millenium,Downtown,2021,Qtr 3,July,1,2021,47,Chicago,94,281.53000000000003
2021-07-01 00:00:00,Toys,Hot Wheels Pack,O'Hare,Airport,2021,Qtr 3,July,1,2021,28,Chicago,56,167.72
2021-07-01 00:00:00,Toys,Lego Bricks,Fifth Avenue,Commercial,2021,Qtr 3,July,1,2021,105,New York,525,4198.95
2021-07-01 00:00:00,Toys,Lego Bricks,JFK,Airport,2021,Qtr 3,July,1,2021,109,New York,545,4358.91
2021-07-01 00:00:00,Toys,Lego Bricks,LAX,Airport,2021,Qtr 3,July,1,2021,169,Los Angeles,845,6758.31
2021-07-01 00:00:00,Toys,Lego Bricks,Lincoln Park,Residential,2021,Qtr 3,July,1,2021,128,Chicago,640,5118.72
2021-07-01 00:00:00,Toys,Lego Bricks,Michigan Ave,Commercial,2021,Qtr 3,July,1,2021,53,Chicago,265,2119.4700000000003
2021-07-01 00:00:00,Toys,Lego Bricks,Millenium,Downtown,2021,Qtr 3,July,1,2021,69,Chicago,345,2759.31
2021-07-01 00:00:00,Toys,Lego Bricks,O'Hare,Airport,2021,Qtr 3,July,1,2021,226,Chicago,1130,9037.74
2021-07-01 00:00:00,Toys,Mr. Potatohead,Fifth Avenue,Commercial,2021,Qtr 3,July,1,2021,21,New York,105,209.79
2021-07-01 00:00:00,Toys,Mr. Potatohead,JFK,Airport,2021,Qtr 3,July,1,2021,28,New York,140,279.72
2021-07-01 00:00:00,Toys,Mr. Potatohead,LAX,Airport,2021,Qtr 3,July,1,2021,7,Los Angeles,35,69.93
2021-07-01 00:00:00,Toys,Mr. Potatohead,Lincoln Park,Residential,2021,Qtr 3,July,1,2021,21,Chicago,105,209.79
2021-07-01 00:00:00,Toys,Mr. Potatohead,Michigan Ave,Commercial,2021,Qtr 3,July,1,2021,26,Chicago,130,259.74
2021-07-01 00:00:00,Toys,Mr. Potatohead,Millenium,Downtown,2021,Qtr 3,July,1,2021,49,Chicago,245,489.51
2021-07-01 00:00:00,Toys,Mr. Potatohead,O'Hare,Airport,2021,Qtr 3,July,1,2021,23,Chicago,115,229.77
2021-07-01 00:00:00,Toys,Plush Pony,Fifth Avenue,Commercial,2021,Qtr 3,July,1,2021,43,New York,472.99999999999994,859.5699999999999
2021-07-01 00:00:00,Toys,Plush Pony,JFK,Airport,2021,Qtr 3,July,1,2021,4,New York,43.99999999999999,79.96
2021-07-01 00:00:00,Toys,Plush Pony,LAX,Airport,2021,Qtr 3,July,1,2021,58,Los Angeles,637.9999999999999,1159.4199999999998
2021-07-01 00:00:00,Toys,Plush Pony,Lincoln Park,Residential,2021,Qtr 3,July,1,2021,30,Chicago,329.99999999999994,599.6999999999999
2021-07-01 00:00:00,Toys,Plush Pony,O'Hare,Airport,2021,Qtr 3,July,1,2021,36,Chicago,395.99999999999994,719.64
2021-07-01 00:00:00,Toys,Teddy Bear,LAX,Airport,2021,Qtr 3,July,1,2021,18,Los Angeles,36,233.82
2021-07-01 00:00:00,Toys,Teddy Bear,Millenium,Downtown,2021,Qtr 3,July,1,2021,19,Chicago,38,246.81
2021-07-01 00:00:00,Toys,Teddy Bear,O'Hare,Airport,2021,Qtr 3,July,1,2021,27,Chicago,54,350.73
2021-07-02 00:00:00,Electronics,Colorbuds,Hollywood,Commercial,2021,Qtr 3,July,2,2021,78,Los Angeles,624,1169.22
2021-07-02 00:00:00,Electronics,Toy Robot,Fifth Avenue,Commercial,2021,Qtr 3,July,2,2021,14,New York,70,363.85999999999996
2021-07-02 00:00:00,Games,Deck Of Cards,Times Square,Downtown,2021,Qtr 3,July,2,2021,98,New York,294,685.02
2021-07-03 00:00:00,Sports & Outdoors,Dart Gun,Hollywood,Commercial,2021,Qtr 3,July,3,2021,24,Los Angeles,96,383.76
2021-07-03 00:00:00,Toys,Action Figure,Beverly Hills,Residential,2021,Qtr 3,July,3,2021,45,Los Angeles,270,719.55
2021-07-03 00:00:00,Toys,Dino Egg,Times Square,Downtown,2021,Qtr 3,July,3,2021,126,New York,126,1384.74
2021-07-04 00:00:00,Games,Deck Of Cards,Hollywood,Commercial,2021,Qtr 3,July,4,2021,90,Los Angeles,270,629.1
2021-07-04 00:00:00,Toys,Animal Figures,Beverly Hills,Residential,2021,Qtr 3,July,4,2021,29,Los Angeles,87,376.71
2021-07-04 00:00:00,Toys,Dinosaur Figures,Times Square,Downtown,2021,Qtr 3,July,4,2021,60,New York,240,899.4
2021-07-05 00:00:00,Art & Crafts,Barrel O' Slime,Beverly Hills,Residential,2021,Qtr 3,July,5,2021,121,Los Angeles,242,482.79
2021-07-05 00:00:00,Art & Crafts,Etch A Sketch,Times Square,Downtown,2021,Qtr 3,July,5,2021,9,New York,89.99999999999999,188.91
2021-07-05 00:00:00,Toys,Dino Egg,Hollywood,Commercial,2021,Qtr 3,July,5,2021,89,Los Angeles,89,978.11
2021-07-06 00:00:00,Games,Chutes & Ladders,Beverly Hills,Residential,2021,Qtr 3,July,6,2021,9,Los Angeles,27,116.91
2021-07-06 00:00:00,Sports & Outdoors,Disk Launcher,Times Square,Downtown,2021,Qtr 3,July,6,2021,44,New York,132,527.5600000000001
2021-07-06 00:00:00,Toys,Dinosaur Figures,Hollywood,Commercial,2021,Qtr 3,July,6,2021,23,Los Angeles,92,344.77
2021-07-07 00:00:00,Art & Crafts,Etch A Sketch,Hollywood,Commercial,2021,Qtr 3,July,7,2021,40,Los Angeles,399.99999999999994,839.5999999999999
2021-07-07 00:00:00,Electronics,Colorbuds,Beverly Hills,Residential,2021,Qtr 3,July,7,2021,147,Los Angeles,1176,2203.53
2021-07-07 00:00:00,Electronics,Gamer Headset,Times Square,Downtown,2021,Qtr 3,July,7,2021,24,New York,143.99999999999994,503.76
2021-07-08 00:00:00,Games,Glass Marbles,Times Square,Downtown,2021,Qtr 3,July,8,2021,53,New York,265,582.47
2021-07-08 00:00:00,Sports & Outdoors,Dart Gun,Beverly Hills,Residential,2021,Qtr 3,July,8,2021,30,Los Angeles,120,479.7
2021-07-08 00:00:00,Sports & Outdoors,Disk Launcher,Hollywood,Commercial,2021,Qtr 3,July,8,2021,8,Los Angeles,24,95.92
2021-07-09 00:00:00,Electronics,Gamer Headset,Hollywood,Commercial,2021,Qtr 3,July,9,2021,21,Los Angeles,125.99999999999996,440.78999999999996
2021-07-09 00:00:00,Games,Deck Of Cards,Beverly Hills,Residential,2021,Qtr 3,July,9,2021,88,Los Angeles,264,615.12
2021-07-09 00:00:00,Toys,Hot Wheels Pack,Times Square,Downtown,2021,Qtr 3,July,9,2021,68,New York,136,407.32
2021-07-10 00:00:00,Games,Glass Marbles,Hollywood,Commercial,2021,Qtr 3,July,10,2021,78,Los Angeles,390,857.22
2021-07-10 00:00:00,Games,Jenga,Times Square,Downtown,2021,Qtr 3,July,10,2021,7,New York,49,69.93
2021-07-10 00:00:00,Toys,Dino Egg,Beverly Hills,Residential,2021,Qtr 3,July,10,2021,67,Los Angeles,67,736.33
2021-07-11 00:00:00,Art & Crafts,Kids Makeup Kit,Times Square,Downtown,2021,Qtr 3,July,11,2021,66,New York,395.9999999999999,1319.34
2021-07-11 00:00:00,Toys,Dinosaur Figures,Beverly Hills,Residential,2021,Qtr 3,July,11,2021,28,Los Angeles,112,419.72
2021-07-11 00:00:00,Toys,Hot Wheels Pack,Hollywood,Commercial,2021,Qtr 3,July,11,2021,45,Los Angeles,90,269.55
2021-07-12 00:00:00,Art & Crafts,Etch A Sketch,Beverly Hills,Residential,2021,Qtr 3,July,12,2021,40,Los Angeles,399.99999999999994,839.5999999999999
2021-07-12 00:00:00,Games,Jenga,Hollywood,Commercial,2021,Qtr 3,July,12,2021,10,Los Angeles,70,99.9
2021-07-12 00:00:00,Toys,Lego Bricks,Times Square,Downtown,2021,Qtr 3,July,12,2021,74,New York,370,2959.26
2021-07-13 00:00:00,Art & Crafts,Kids Makeup Kit,Hollywood,Commercial,2021,Qtr 3,July,13,2021,10,Los Angeles,59.999999999999986,199.89999999999998
2021-07-13 00:00:00,Art & Crafts,Magic Sand,Times Square,Downtown,2021,Qtr 3,July,13,2021,121,New York,242,1934.79
2021-07-13 00:00:00,Sports & Outdoors,Disk Launcher,Beverly Hills,Residential,2021,Qtr 3,July,13,2021,33,Los Angeles,99,395.67
2021-07-14 00:00:00,Electronics,Gamer Headset,Beverly Hills,Residential,2021,Qtr 3,July,14,2021,7,Los Angeles,41.999999999999986,146.92999999999998
2021-07-14 00:00:00,Sports & Outdoors,Basketball Hoop,Times Square,Downtown,2021,Qtr 3,July,14,2021,22,New York,351.99999999999994,549.78
2021-07-14 00:00:00,Toys,Lego Bricks,Hollywood,Commercial,2021,Qtr 3,July,14,2021,16,Los Angeles,80,639.84
2021-07-15 00:00:00,Art & Crafts,Magic Sand,Hollywood,Commercial,2021,Qtr 3,July,15,2021,94,Los Angeles,188,1503.06
2021-07-15 00:00:00,Sports & Outdoors,Mini Ping Pong,Times Square,Downtown,2021,Qtr 3,July,15,2021,3,New York,9,29.97
2021-07-15 00:00:00,Toys,Hot Wheels Pack,Beverly Hills,Residential,2021,Qtr 3,July,15,2021,11,Los Angeles,22,65.89
2021-07-16 00:00:00,Games,Jenga,Beverly Hills,Residential,2021,Qtr 3,July,16,2021,2,Los Angeles,14,19.98
2021-07-16 00:00:00,Games,Monopoly,Times Square,Downtown,2021,Qtr 3,July,16,2021,4,New York,23.999999999999993,79.96
2021-07-16 00:00:00,Sports & Outdoors,Mini Ping Pong,Hollywood,Commercial,2021,Qtr 3,July,16,2021,3,Los Angeles,9,29.97
2021-07-17 00:00:00,Art & Crafts,Kids Makeup Kit,Beverly Hills,Residential,2021,Qtr 3,July,17,2021,33,Los Angeles,197.99999999999994,659.67
2021-07-17 00:00:00,Toys,Mr. Potatohead,Hollywood,Commercial,2021,Qtr 3,July,17,2021,12,Los Angeles,60,119.88
2021-07-17 00:00:00,Toys,Mr. Potatohead,Times Square,Downtown,2021,Qtr 3,July,17,2021,10,New York,50,99.9
2021-07-18 00:00:00,Sports & Outdoors,Nerf Gun,Hollywood,Commercial,2021,Qtr 3,July,18,2021,29,Los Angeles,144.99999999999994,579.7099999999999
2021-07-18 00:00:00,Sports & Outdoors,Nerf Gun,Times Square,Downtown,2021,Qtr 3,July,18,2021,75,New York,374.9999999999999,1499.2499999999998
2021-07-18 00:00:00,Toys,Lego Bricks,Beverly Hills,Residential,2021,Qtr 3,July,18,2021,28,Los Angeles,140,1119.72
2021-07-19 00:00:00,Art & Crafts,Magic Sand,Beverly Hills,Residential,2021,Qtr 3,July,19,2021,130,Los Angeles,260,2078.7
2021-07-19 00:00:00,Art & Crafts,PlayDoh Can,Hollywood,Commercial,2021,Qtr 3,July,19,2021,143,Los Angeles,143.00000000000003,427.57000000000005
2021-07-19 00:00:00,Art & Crafts,PlayDoh Can,Times Square,Downtown,2021,Qtr 3,July,19,2021,269,New York,269.00000000000006,804.3100000000001
2021-07-20 00:00:00,Art & Crafts,PlayDoh Playset,Hollywood,Commercial,2021,Qtr 3,July,20,2021,5,Los Angeles,20,124.94999999999999
2021-07-20 00:00:00,Art & Crafts,PlayDoh Toolkit,Times Square,Downtown,2021,Qtr 3,July,20,2021,14,New York,14,69.86
2021-07-20 00:00:00,Sports & Outdoors,Mini Ping Pong,Beverly Hills,Residential,2021,Qtr 3,July,20,2021,34,Los Angeles,102,339.66
2021-07-21 00:00:00,Art & Crafts,PlayDoh Toolkit,Hollywood,Commercial,2021,Qtr 3,July,21,2021,14,Los Angeles,14,69.86
2021-07-21 00:00:00,Games,Rubik's Cube,Times Square,Downtown,2021,Qtr 3,July,21,2021,89,New York,178,1779.11
2021-07-21 00:00:00,Toys,Mr. Potatohead,Beverly Hills,Residential,2021,Qtr 3,July,21,2021,22,Los Angeles,110,219.78
2021-07-22 00:00:00,Games,Rubik's Cube,Hollywood,Commercial,2021,Qtr 3,July,22,2021,55,Los Angeles,110,1099.4499999999998
2021-07-22 00:00:00,Sports & Outdoors,Nerf Gun,Beverly Hills,Residential,2021,Qtr 3,July,22,2021,7,Los Angeles,34.999999999999986,139.92999999999998
2021-07-22 00:00:00,Sports & Outdoors,Splash Balls,Times Square,Downtown,2021,Qtr 3,July,22,2021,64,New York,64,575.36
2021-07-23 00:00:00,Art & Crafts,PlayDoh Can,Beverly Hills,Residential,2021,Qtr 3,July,23,2021,95,Los Angeles,95.00000000000001,284.05
2021-07-23 00:00:00,Electronics,Toy Robot,Times Square,Downtown,2021,Qtr 3,July,23,2021,19,New York,95,493.80999999999995
2021-07-23 00:00:00,Sports & Outdoors,Splash Balls,Hollywood,Commercial,2021,Qtr 3,July,23,2021,31,Los Angeles,31,278.69
2021-07-24 00:00:00,Art & Crafts,PlayDoh Toolkit,Beverly Hills,Residential,2021,Qtr 3,July,24,2021,22,Los Angeles,22,109.78
2021-07-24 00:00:00,Games,Uno Card Game,Times Square,Downtown,2021,Qtr 3,July,24,2021,13,New York,52,103.87
2021-07-24 00:00:00,Toys,Teddy Bear,Hollywood,Commercial,2021,Qtr 3,July,24,2021,15,Los Angeles,30,194.85
2021-07-25 00:00:00,Electronics,Toy Robot,Hollywood,Commercial,2021,Qtr 3,July,25,2021,28,Los Angeles,140,727.7199999999999
2021-07-25 00:00:00,Toys,Action Figure,Millenium,Downtown,2021,Qtr 3,July,25,2021,55,Chicago,330,879.45
2021-07-25 00:00:00,Toys,Plush Pony,Beverly Hills,Residential,2021,Qtr 3,July,25,2021,14,Los Angeles,153.99999999999997,279.85999999999996
2021-07-26 00:00:00,Games,Rubik's Cube,Beverly Hills,Residential,2021,Qtr 3,July,26,2021,62,Los Angeles,124,1239.3799999999999
2021-07-26 00:00:00,Toys,Action Figure,Times Square,Downtown,2021,Qtr 3,July,26,2021,48,New York,288,767.52
2021-07-26 00:00:00,Toys,Animal Figures,Millenium,Downtown,2021,Qtr 3,July,26,2021,40,Chicago,120,519.6
2021-07-27 00:00:00,Art & Crafts,Barrel O' Slime,Millenium,Downtown,2021,Qtr 3,July,27,2021,289,Chicago,578,1153.1100000000001
2021-07-27 00:00:00,Sports & Outdoors,Splash Balls,Beverly Hills,Residential,2021,Qtr 3,July,27,2021,47,Los Angeles,47,422.53000000000003
2021-07-27 00:00:00,Toys,Animal Figures,Times Square,Downtown,2021,Qtr 3,July,27,2021,121,New York,363,1571.79
2021-07-28 00:00:00,Art & Crafts,Barrel O' Slime,Times Square,Downtown,2021,Qtr 3,July,28,2021,121,New York,242,482.79
2021-07-28 00:00:00,Games,Classic Dominoes,Millenium,Downtown,2021,Qtr 3,July,28,2021,30,Chicago,60,299.7
2021-07-28 00:00:00,Toys,Teddy Bear,Beverly Hills,Residential,2021,Qtr 3,July,28,2021,9,Los Angeles,18,116.91
2021-07-29 00:00:00,Electronics,Colorbuds,Millenium,Downtown,2021,Qtr 3,July,29,2021,64,Chicago,512,959.36
2021-07-29 00:00:00,Electronics,Toy Robot,Beverly Hills,Residential,2021,Qtr 3,July,29,2021,8,Los Angeles,40,207.92
2021-07-29 00:00:00,Games,Chutes & Ladders,Times Square,Downtown,2021,Qtr 3,July,29,2021,46,New York,138,597.54
2021-07-30 00:00:00,Games,Classic Dominoes,Times Square,Downtown,2021,Qtr 3,July,30,2021,17,New York,34,169.83
2021-07-30 00:00:00,Sports & Outdoors,Dart Gun,Millenium,Downtown,2021,Qtr 3,July,30,2021,19,Chicago,76,303.81
2021-07-30 00:00:00,Toys,Action Figure,Hollywood,Commercial,2021,Qtr 3,July,30,2021,11,Los Angeles,66,175.89000000000001
2021-07-31 00:00:00,Electronics,Colorbuds,Times Square,Downtown,2021,Qtr 3,July,31,2021,63,New York,504,944.37
2021-07-31 00:00:00,Games,Deck Of Cards,Millenium,Downtown,2021,Qtr 3,July,31,2021,84,Chicago,252,587.16
2021-07-31 00:00:00,Toys,Animal Figures,Hollywood,Commercial,2021,Qtr 3,July,31,2021,36,Los Angeles,108,467.64
2021-08-01 00:00:00,Games,Deck Of Cards,Hollywood,Commercial,2021,Qtr 3,August,1,2021,38,Los Angeles,114,265.62
2021-08-01 00:00:00,Toys,Action Figure,Beverly Hills,Residential,2021,Qtr 3,August,1,2021,7,Los Angeles,42,111.93
2021-08-02 00:00:00,Toys,Animal Figures,Beverly Hills,Residential,2021,Qtr 3,August,2,2021,71,Los Angeles,213,922.29
2021-08-02 00:00:00,Toys,Dino Egg,Hollywood,Commercial,2021,Qtr 3,August,2,2021,71,Los Angeles,71,780.29
2021-08-03 00:00:00,Art & Crafts,Barrel O' Slime,Beverly Hills,Residential,2021,Qtr 3,August,3,2021,47,Los Angeles,94,187.53
2021-08-03 00:00:00,Toys,Dinosaur Figures,Hollywood,Commercial,2021,Qtr 3,August,3,2021,5,Los Angeles,20,74.95
2021-08-04 00:00:00,Art & Crafts,Etch A Sketch,Hollywood,Commercial,2021,Qtr 3,August,4,2021,7,Los Angeles,69.99999999999999,146.92999999999998
2021-08-04 00:00:00,Electronics,Colorbuds,Beverly Hills,Residential,2021,Qtr 3,August,4,2021,113,Los Angeles,904,1693.8700000000001
2021-08-05 00:00:00,Sports & Outdoors,Dart Gun,Beverly Hills,Residential,2021,Qtr 3,August,5,2021,13,Los Angeles,52,207.87
2021-08-05 00:00:00,Sports & Outdoors,Foam Disk Launcher,Hollywood,Commercial,2021,Qtr 3,August,5,2021,7,Los Angeles,21,83.93
2021-08-06 00:00:00,Electronics,Gamer Headphones,Hollywood,Commercial,2021,Qtr 3,August,6,2021,10,Los Angeles,59.999999999999986,209.89999999999998
2021-08-06 00:00:00,Games,Deck Of Cards,Beverly Hills,Residential,2021,Qtr 3,August,6,2021,131,Los Angeles,393,915.69
2021-08-07 00:00:00,Games,Glass Marbles,Hollywood,Commercial,2021,Qtr 3,August,7,2021,36,Los Angeles,180,395.64
2021-08-07 00:00:00,Toys,Dino Egg,Beverly Hills,Residential,2021,Qtr 3,August,7,2021,30,Los Angeles,30,329.7
2021-08-08 00:00:00,Toys,Dinosaur Figures,Beverly Hills,Residential,2021,Qtr 3,August,8,2021,8,Los Angeles,32,119.92
2021-08-08 00:00:00,Toys,Hot Wheels 5-Pack,Hollywood,Commercial,2021,Qtr 3,August,8,2021,15,Los Angeles,30,89.85000000000001
2021-08-09 00:00:00,Art & Crafts,Etch A Sketch,Beverly Hills,Residential,2021,Qtr 3,August,9,2021,18,Los Angeles,179.99999999999997,377.82
2021-08-09 00:00:00,Games,Jenga,Hollywood,Commercial,2021,Qtr 3,August,9,2021,13,Los Angeles,91,129.87
2021-08-10 00:00:00,Art & Crafts,Kids Makeup Kit,Hollywood,Commercial,2021,Qtr 3,August,10,2021,14,Los Angeles,83.99999999999997,279.85999999999996
2021-08-10 00:00:00,Sports & Outdoors,Foam Disk Launcher,Beverly Hills,Residential,2021,Qtr 3,August,10,2021,6,Los Angeles,18,71.94
2021-08-11 00:00:00,Art & Crafts,Magic Sand,Hollywood,Commercial,2021,Qtr 3,August,11,2021,14,Los Angeles,28,223.86
2021-08-11 00:00:00,Electronics,Gamer Headphones,Beverly Hills,Residential,2021,Qtr 3,August,11,2021,5,Los Angeles,29.999999999999993,104.94999999999999
2021-08-12 00:00:00,Games,Jenga,Beverly Hills,Residential,2021,Qtr 3,August,12,2021,5,Los Angeles,35,49.95
2021-08-12 00:00:00,Sports & Outdoors,Mini Ping Pong Set,Hollywood,Commercial,2021,Qtr 3,August,12,2021,15,Los Angeles,45,149.85
2021-08-13 00:00:00,Art & Crafts,Kids Makeup Kit,Beverly Hills,Residential,2021,Qtr 3,August,13,2021,8,Los Angeles,47.999999999999986,159.92
2021-08-13 00:00:00,Toys,Mr. Potatohead,Hollywood,Commercial,2021,Qtr 3,August,13,2021,3,Los Angeles,15,29.97
2021-08-14 00:00:00,Sports & Outdoors,Nerf Gun,Hollywood,Commercial,2021,Qtr 3,August,14,2021,28,Los Angeles,139.99999999999994,559.7199999999999
2021-08-14 00:00:00,Toys,Lego Bricks,Beverly Hills,Residential,2021,Qtr 3,August,14,2021,22,Los Angeles,110,879.7800000000001
2021-08-15 00:00:00,Art & Crafts,Magic Sand,Beverly Hills,Residential,2021,Qtr 3,August,15,2021,93,Los Angeles,186,1487.07
2021-08-15 00:00:00,Art & Crafts,PlayDoh Can,Hollywood,Commercial,2021,Qtr 3,August,15,2021,87,Los Angeles,87.00000000000001,260.13
2021-08-16 00:00:00,Art & Crafts,PlayDoh Playset,Hollywood,Commercial,2021,Qtr 3,August,16,2021,11,Los Angeles,44,274.89
2021-08-16 00:00:00,Sports & Outdoors,Mini Ping Pong Set,Beverly Hills,Residential,2021,Qtr 3,August,16,2021,8,Los Angeles,24,79.92
2021-08-17 00:00:00,Art & Crafts,PlayDoh Toolkit,Hollywood,Commercial,2021,Qtr 3,August,17,2021,5,Los Angeles,5,24.950000000000003
2021-08-17 00:00:00,Games,Monopoly,Beverly Hills,Residential,2021,Qtr 3,August,17,2021,18,Los Angeles,107.99999999999997,359.82
2021-08-18 00:00:00,Art & Crafts,Playfoam,Hollywood,Commercial,2021,Qtr 3,August,18,2021,13,Los Angeles,91,142.87
2021-08-18 00:00:00,Toys,Mr. Potatohead,Beverly Hills,Residential,2021,Qtr 3,August,18,2021,34,Los Angeles,170,339.66
2021-08-19 00:00:00,Art & Crafts,Barrel O' Slime,Michigan Ave,Commercial,2021,Qtr 3,August,19,2021,36,Chicago,72,143.64000000000001
2021-08-19 00:00:00,Art & Crafts,Etch A Sketch,Millenium,Downtown,2021,Qtr 3,August,19,2021,10,Chicago,99.99999999999999,209.89999999999998
2021-08-19 00:00:00,Art & Crafts,Etch A Sketch,O'Hare,Airport,2021,Qtr 3,August,19,2021,15,Chicago,149.99999999999997,314.84999999999997
2021-08-19 00:00:00,Art & Crafts,PlayDoh Playset,JFK,Airport,2021,Qtr 3,August,19,2021,5,New York,20,124.94999999999999
2021-08-19 00:00:00,Art & Crafts,PlayDoh Toolkit,LAX,Airport,2021,Qtr 3,August,19,2021,1,Los Angeles,1,4.99
2021-08-19 00:00:00,Art & Crafts,PlayDoh Toolkit,O'Hare,Airport,2021,Qtr 3,August,19,2021,77,Chicago,77,384.23
2021-08-19 00:00:00,Art & Crafts,Playfoam,Millenium,Downtown,2021,Qtr 3,August,19,2021,28,Chicago,196,307.72
2021-08-19 00:00:00,Sports & Outdoors,Dart Gun,Fifth Avenue,Commercial,2021,Qtr 3,August,19,2021,32,New York,128,511.68
2021-08-19 00:00:00,Sports & Outdoors,Nerf Gun,Beverly Hills,Residential,2021,Qtr 3,August,19,2021,40,Los Angeles,199.99999999999994,799.5999999999999
2021-08-19 00:00:00,Sports & Outdoors,Nerf Gun,Lincoln Park,Residential,2021,Qtr 3,August,19,2021,23,Chicago,114.99999999999996,459.77
2021-08-19 00:00:00,Sports & Outdoors,Nerf Gun,Michigan Ave,Commercial,2021,Qtr 3,August,19,2021,19,Chicago,94.99999999999997,379.80999999999995
2021-08-19 00:00:00,Toys,Dino Egg,Lincoln Park,Residential,2021,Qtr 3,August,19,2021,44,Chicago,44,483.56
2021-08-19 00:00:00,Toys,Dinosaur Figures,JFK,Airport,2021,Qtr 3,August,19,2021,36,New York,144,539.64
2021-08-19 00:00:00,Toys,Dinosaur Figures,LAX,Airport,2021,Qtr 3,August,19,2021,85,Los Angeles,340,1274.15
2021-08-19 00:00:00,Toys,Hot Wheels 5-Pack,Times Square,Downtown,2021,Qtr 3,August,19,2021,68,New York,136,407.32
2021-08-19 00:00:00,Toys,Mr. Potatohead,Fifth Avenue,Commercial,2021,Qtr 3,August,19,2021,74,New York,370,739.26
2021-08-19 00:00:00,Toys,Plush Pony,Hollywood,Commercial,2021,Qtr 3,August,19,2021,15,Los Angeles,164.99999999999997,299.84999999999997
2021-08-19 00:00:00,Toys,Plush Pony,Times Square,Downtown,2021,Qtr 3,August,19,2021,1,New York,10.999999999999998,19.99
2021-08-20 00:00:00,Art & Crafts,Etch A Sketch,JFK,Airport,2021,Qtr 3,August,20,2021,37,New York,369.99999999999994,776.63
2021-08-20 00:00:00,Art & Crafts,Etch A Sketch,LAX,Airport,2021,Qtr 3,August,20,2021,18,Los Angeles,179.99999999999997,377.82
2021-08-20 00:00:00,Art & Crafts,PlayDoh Can,Beverly Hills,Residential,2021,Qtr 3,August,20,2021,163,Los Angeles,163.00000000000003,487.37000000000006
2021-08-20 00:00:00,Art & Crafts,PlayDoh Can,Lincoln Park,Residential,2021,Qtr 3,August,20,2021,107,Chicago,107.00000000000003,319.93
2021-08-20 00:00:00,Art & Crafts,PlayDoh Can,Michigan Ave,Commercial,2021,Qtr 3,August,20,2021,50,Chicago,50.000000000000014,149.5
2021-08-20 00:00:00,Art & Crafts,PlayDoh Toolkit,JFK,Airport,2021,Qtr 3,August,20,2021,37,New York,37,184.63
2021-08-20 00:00:00,Art & Crafts,Playfoam,O'Hare,Airport,2021,Qtr 3,August,20,2021,22,Chicago,154,241.78
2021-08-20 00:00:00,Electronics,Colorbuds,Michigan Ave,Commercial,2021,Qtr 3,August,20,2021,91,Chicago,728,1364.09
2021-08-20 00:00:00,Games,Deck Of Cards,Fifth Avenue,Commercial,2021,Qtr 3,August,20,2021,29,New York,87,202.71
2021-08-20 00:00:00,Games,Glass Marbles,Millenium,Downtown,2021,Qtr 3,August,20,2021,30,Chicago,150,329.7
2021-08-20 00:00:00,Games,Jenga,Times Square,Downtown,2021,Qtr 3,August,20,2021,12,New York,84,119.88
2021-08-20 00:00:00,Games,Rubik's Cube,Hollywood,Commercial,2021,Qtr 3,August,20,2021,38,Los Angeles,76,759.6199999999999
2021-08-20 00:00:00,Games,Rubik's Cube,Millenium,Downtown,2021,Qtr 3,August,20,2021,11,Chicago,22,219.89
2021-08-20 00:00:00,Games,Rubik's Cube,Times Square,Downtown,2021,Qtr 3,August,20,2021,70,New York,140,1399.3
2021-08-20 00:00:00,Sports & Outdoors,Foam Disk Launcher,O'Hare,Airport,2021,Qtr 3,August,20,2021,47,Chicago,141,563.53
2021-08-20 00:00:00,Sports & Outdoors,Nerf Gun,Fifth Avenue,Commercial,2021,Qtr 3,August,20,2021,48,New York,239.99999999999991,959.52
2021-08-20 00:00:00,Toys,Dinosaur Figures,Lincoln Park,Residential,2021,Qtr 3,August,20,2021,47,Chicago,188,704.53
2021-08-20 00:00:00,Toys,Plush Pony,LAX,Airport,2021,Qtr 3,August,20,2021,8,Los Angeles,87.99999999999999,159.92
2021-08-21 00:00:00,Art & Crafts,Etch A Sketch,Lincoln Park,Residential,2021,Qtr 3,August,21,2021,57,Chicago,569.9999999999999,1196.4299999999998
2021-08-21 00:00:00,Art & Crafts,Kids Makeup Kit,Times Square,Downtown,2021,Qtr 3,August,21,2021,14,New York,83.99999999999997,279.85999999999996
2021-08-21 00:00:00,Art & Crafts,PlayDoh Can,Fifth Avenue,Commercial,2021,Qtr 3,August,21,2021,104,New York,104.00000000000003,310.96000000000004
2021-08-21 00:00:00,Art & Crafts,PlayDoh Playset,Lincoln Park,Residential,2021,Qtr 3,August,21,2021,1,Chicago,4,24.99
2021-08-21 00:00:00,Art & Crafts,PlayDoh Toolkit,Michigan Ave,Commercial,2021,Qtr 3,August,21,2021,23,Chicago,23,114.77000000000001
2021-08-21 00:00:00,Art & Crafts,Playfoam,Beverly Hills,Residential,2021,Qtr 3,August,21,2021,4,Los Angeles,28,43.96
2021-08-21 00:00:00,Art & Crafts,Playfoam,JFK,Airport,2021,Qtr 3,August,21,2021,27,New York,189,296.73
2021-08-21 00:00:00,Electronics,Gamer Headphones,O'Hare,Airport,2021,Qtr 3,August,21,2021,28,Chicago,167.99999999999994,587.7199999999999
2021-08-21 00:00:00,Games,Rubik's Cube,LAX,Airport,2021,Qtr 3,August,21,2021,137,Los Angeles,274,2738.6299999999997
2021-08-21 00:00:00,Sports & Outdoors,Dart Gun,Michigan Ave,Commercial,2021,Qtr 3,August,21,2021,51,Chicago,204,815.49
2021-08-21 00:00:00,Sports & Outdoors,Foam Disk Launcher,JFK,Airport,2021,Qtr 3,August,21,2021,16,New York,48,191.84
2021-08-21 00:00:00,Sports & Outdoors,Foam Disk Launcher,LAX,Airport,2021,Qtr 3,August,21,2021,75,Los Angeles,225,899.25
2021-08-21 00:00:00,Sports & Outdoors,Splash Balls,Millenium,Downtown,2021,Qtr 3,August,21,2021,66,Chicago,66,593.34
2021-08-21 00:00:00,Sports & Outdoors,Splash Balls,Times Square,Downtown,2021,Qtr 3,August,21,2021,46,New York,46,413.54
2021-08-21 00:00:00,Toys,Action Figure,Times Square,Downtown,2021,Qtr 3,August,21,2021,54,New York,324,863.46
2021-08-21 00:00:00,Toys,Dino Egg,Fifth Avenue,Commercial,2021,Qtr 3,August,21,2021,52,New York,52,571.48
2021-08-21 00:00:00,Toys,Hot Wheels 5-Pack,Millenium,Downtown,2021,Qtr 3,August,21,2021,52,Chicago,104,311.48
2021-08-21 00:00:00,Toys,Plush Pony,O'Hare,Airport,2021,Qtr 3,August,21,2021,42,Chicago,461.99999999999994,839.5799999999999
2021-08-22 00:00:00,Art & Crafts,PlayDoh Playset,Fifth Avenue,Commercial,2021,Qtr 3,August,22,2021,16,New York,64,399.84
2021-08-22 00:00:00,Art & Crafts,Playfoam,Lincoln Park,Residential,2021,Qtr 3,August,22,2021,27,Chicago,189,296.73
2021-08-22 00:00:00,Art & Crafts,Playfoam,Michigan Ave,Commercial,2021,Qtr 3,August,22,2021,16,Chicago,112,175.84
2021-08-22 00:00:00,Electronics,Gamer Headphones,JFK,Airport,2021,Qtr 3,August,22,2021,37,New York,221.99999999999994,776.63
2021-08-22 00:00:00,Electronics,Gamer Headphones,LAX,Airport,2021,Qtr 3,August,22,2021,6,Los Angeles,35.999999999999986,125.94
2021-08-22 00:00:00,Electronics,Toy Robot,Times Square,Downtown,2021,Qtr 3,August,22,2021,13,New York,65,337.87
2021-08-22 00:00:00,Games,Deck Of Cards,Michigan Ave,Commercial,2021,Qtr 3,August,22,2021,55,Chicago,165,384.45
2021-08-22 00:00:00,Games,Glass Marbles,O'Hare,Airport,2021,Qtr 3,August,22,2021,31,Chicago,155,340.69
2021-08-22 00:00:00,Games,Jenga,Millenium,Downtown,2021,Qtr 3,August,22,2021,12,Chicago,84,119.88
2021-08-22 00:00:00,Games,Rubik's Cube,JFK,Airport,2021,Qtr 3,August,22,2021,11,New York,22,219.89
2021-08-22 00:00:00,Games,Rubik's Cube,O'Hare,Airport,2021,Qtr 3,August,22,2021,71,Chicago,142,1419.29
2021-08-22 00:00:00,Sports & Outdoors,Foam Disk Launcher,Lincoln Park,Residential,2021,Qtr 3,August,22,2021,16,Chicago,48,191.84
2021-08-22 00:00:00,Sports & Outdoors,Splash Balls,LAX,Airport,2021,Qtr 3,August,22,2021,28,Los Angeles,28,251.72
2021-08-22 00:00:00,Toys,Animal Figures,Times Square,Downtown,2021,Qtr 3,August,22,2021,89,New York,267,1156.1100000000001
2021-08-22 00:00:00,Toys,Dinosaur Figures,Fifth Avenue,Commercial,2021,Qtr 3,August,22,2021,46,New York,184,689.54
2021-08-22 00:00:00,Toys,Lego Bricks,Times Square,Downtown,2021,Qtr 3,August,22,2021,91,New York,455,3639.09
2021-08-22 00:00:00,Toys,Plush Pony,Beverly Hills,Residential,2021,Qtr 3,August,22,2021,17,Los Angeles,186.99999999999997,339.83
2021-08-22 00:00:00,Toys,Teddy Bear,Millenium,Downtown,2021,Qtr 3,August,22,2021,19,Chicago,38,246.81
2021-08-23 00:00:00,Art & Crafts,Barrel O' Slime,Times Square,Downtown,2021,Qtr 3,August,23,2021,99,New York,198,395.01000000000005
2021-08-23 00:00:00,Art & Crafts,Etch A Sketch,Fifth Avenue,Commercial,2021,Qtr 3,August,23,2021,30,New York,299.99999999999994,629.6999999999999
2021-08-23 00:00:00,Art & Crafts,Magic Sand,Times Square,Downtown,2021,Qtr 3,August,23,2021,126,New York,252,2014.74
2021-08-23 00:00:00,Art & Crafts,PlayDoh Toolkit,Fifth Avenue,Commercial,2021,Qtr 3,August,23,2021,37,New York,37,184.63
2021-08-23 00:00:00,Electronics,Gamer Headphones,Lincoln Park,Residential,2021,Qtr 3,August,23,2021,32,Chicago,191.99999999999994,671.68
2021-08-23 00:00:00,Electronics,Toy Robot,Millenium,Downtown,2021,Qtr 3,August,23,2021,11,Chicago,55,285.89
2021-08-23 00:00:00,Games,Glass Marbles,JFK,Airport,2021,Qtr 3,August,23,2021,105,New York,525,1153.95
2021-08-23 00:00:00,Games,Glass Marbles,LAX,Airport,2021,Qtr 3,August,23,2021,29,Los Angeles,145,318.71
2021-08-23 00:00:00,Games,Rubik's Cube,Beverly Hills,Residential,2021,Qtr 3,August,23,2021,29,Los Angeles,58,579.7099999999999
2021-08-23 00:00:00,Sports & Outdoors,Splash Balls,JFK,Airport,2021,Qtr 3,August,23,2021,44,New York,44,395.56
2021-08-23 00:00:00,Sports & Outdoors,Splash Balls,O'Hare,Airport,2021,Qtr 3,August,23,2021,102,Chicago,102,916.98
2021-08-23 00:00:00,Toys,Action Figure,Millenium,Downtown,2021,Qtr 3,August,23,2021,33,Chicago,198,527.67
2021-08-23 00:00:00,Toys,Dino Egg,Michigan Ave,Commercial,2021,Qtr 3,August,23,2021,120,Chicago,120,1318.8
2021-08-23 00:00:00,Toys,Hot Wheels 5-Pack,O'Hare,Airport,2021,Qtr 3,August,23,2021,55,Chicago,110,329.45
2021-08-23 00:00:00,Toys,Lego Bricks,Millenium,Downtown,2021,Qtr 3,August,23,2021,104,Chicago,520,4158.96
2021-08-23 00:00:00,Toys,Plush Pony,Lincoln Park,Residential,2021,Qtr 3,August,23,2021,8,Chicago,87.99999999999999,159.92
2021-08-23 00:00:00,Toys,Plush Pony,Michigan Ave,Commercial,2021,Qtr 3,August,23,2021,3,Chicago,32.99999999999999,59.97
2021-08-23 00:00:00,Toys,Teddy Bear,LAX,Airport,2021,Qtr 3,August,23,2021,5,Los Angeles,10,64.95
2021-08-24 00:00:00,Art & Crafts,Kids Makeup Kit,O'Hare,Airport,2021,Qtr 3,August,24,2021,53,Chicago,317.9999999999999,1059.47
2021-08-24 00:00:00,Art & Crafts,Magic Sand,Millenium,Downtown,2021,Qtr 3,August,24,2021,86,Chicago,172,1375.14
2021-08-24 00:00:00,Art & Crafts,Playfoam,Fifth Avenue,Commercial,2021,Qtr 3,August,24,2021,64,New York,448,703.36
2021-08-24 00:00:00,Electronics,Toy Robot,JFK,Airport,2021,Qtr 3,August,24,2021,9,New York,45,233.91
2021-08-24 00:00:00,Games,Chutes & Ladders,Times Square,Downtown,2021,Qtr 3,August,24,2021,30,New York,90,389.7
2021-08-24 00:00:00,Games,Glass Marbles,Lincoln Park,Residential,2021,Qtr 3,August,24,2021,14,Chicago,70,153.86
2021-08-24 00:00:00,Games,Rubik's Cube,Lincoln Park,Residential,2021,Qtr 3,August,24,2021,21,Chicago,42,419.78999999999996
2021-08-24 00:00:00,Games,Rubik's Cube,Michigan Ave,Commercial,2021,Qtr 3,August,24,2021,12,Chicago,24,239.88
2021-08-24 00:00:00,Games,Uno Card Game,Millenium,Downtown,2021,Qtr 3,August,24,2021,11,Chicago,44,87.89
2021-08-24 00:00:00,Sports & Outdoors,Foam Disk Launcher,Fifth Avenue,Commercial,2021,Qtr 3,August,24,2021,21,New York,63,251.79
2021-08-24 00:00:00,Sports & Outdoors,Mini Basketball Hoop,Times Square,Downtown,2021,Qtr 3,August,24,2021,4,New York,63.99999999999999,99.96
2021-08-24 00:00:00,Sports & Outdoors,Splash Balls,Beverly Hills,Residential,2021,Qtr 3,August,24,2021,16,Los Angeles,16,143.84
2021-08-24 00:00:00,Toys,Action Figure,O'Hare,Airport,2021,Qtr 3,August,24,2021,32,Chicago,192,511.68
2021-08-24 00:00:00,Toys,Animal Figures,Millenium,Downtown,2021,Qtr 3,August,24,2021,66,Chicago,198,857.34
2021-08-24 00:00:00,Toys,Dinosaur Figures,Michigan Ave,Commercial,2021,Qtr 3,August,24,2021,33,Chicago,132,494.67
2021-08-24 00:00:00,Toys,Hot Wheels 5-Pack,JFK,Airport,2021,Qtr 3,August,24,2021,20,New York,40,119.80000000000001
2021-08-24 00:00:00,Toys,Hot Wheels 5-Pack,LAX,Airport,2021,Qtr 3,August,24,2021,15,Los Angeles,30,89.85000000000001
2021-08-24 00:00:00,Toys,Teddy Bear,O'Hare,Airport,2021,Qtr 3,August,24,2021,6,Chicago,12,77.94
2021-08-25 00:00:00,Art & Crafts,Barrel O' Slime,Millenium,Downtown,2021,Qtr 3,August,25,2021,196,Chicago,392,782.0400000000001
2021-08-25 00:00:00,Art & Crafts,Kids Makeup Kit,JFK,Airport,2021,Qtr 3,August,25,2021,16,New York,95.99999999999997,319.84
2021-08-25 00:00:00,Art & Crafts,Kids Makeup Kit,LAX,Airport,2021,Qtr 3,August,25,2021,24,Los Angeles,143.99999999999994,479.76
2021-08-25 00:00:00,Electronics,Colorbuds,Times Square,Downtown,2021,Qtr 3,August,25,2021,110,New York,880,1648.9
2021-08-25 00:00:00,Electronics,Gamer Headphones,Fifth Avenue,Commercial,2021,Qtr 3,August,25,2021,19,New York,113.99999999999997,398.80999999999995
2021-08-25 00:00:00,Electronics,Gamer Headphones,Michigan Ave,Commercial,2021,Qtr 3,August,25,2021,15,Chicago,89.99999999999997,314.84999999999997
2021-08-25 00:00:00,Sports & Outdoors,Mini Ping Pong Set,Millenium,Downtown,2021,Qtr 3,August,25,2021,65,Chicago,195,649.35
2021-08-25 00:00:00,Sports & Outdoors,Mini Ping Pong Set,Times Square,Downtown,2021,Qtr 3,August,25,2021,59,New York,177,589.41
2021-08-25 00:00:00,Sports & Outdoors,Splash Balls,Lincoln Park,Residential,2021,Qtr 3,August,25,2021,16,Chicago,16,143.84
2021-08-25 00:00:00,Sports & Outdoors,Splash Balls,Michigan Ave,Commercial,2021,Qtr 3,August,25,2021,6,Chicago,6,53.94
2021-08-25 00:00:00,Sports & Outdoors,Supersoaker Water Gun,Beverly Hills,Residential,2021,Qtr 3,August,25,2021,36,Los Angeles,108,539.64
2021-08-25 00:00:00,Toys,Action Figure,JFK,Airport,2021,Qtr 3,August,25,2021,14,New York,84,223.86
2021-08-25 00:00:00,Toys,Action Figure,LAX,Airport,2021,Qtr 3,August,25,2021,51,Los Angeles,306,815.49
2021-08-25 00:00:00,Toys,Action Figure,Lincoln Park,Residential,2021,Qtr 3,August,25,2021,112,Chicago,672,1790.88
2021-08-25 00:00:00,Toys,Animal Figures,O'Hare,Airport,2021,Qtr 3,August,25,2021,52,Chicago,156,675.48
2021-08-25 00:00:00,Toys,Hot Wheels 5-Pack,Lincoln Park,Residential,2021,Qtr 3,August,25,2021,10,Chicago,20,59.900000000000006
2021-08-25 00:00:00,Toys,Lego Bricks,O'Hare,Airport,2021,Qtr 3,August,25,2021,138,Chicago,690,5518.62
2021-08-25 00:00:00,Toys,Plush Pony,Fifth Avenue,Commercial,2021,Qtr 3,August,25,2021,1,New York,10.999999999999998,19.99
2021-08-26 00:00:00,Art & Crafts,Barrel O' Slime,O'Hare,Airport,2021,Qtr 3,August,26,2021,147,Chicago,294,586.5300000000001
2021-08-26 00:00:00,Art & Crafts,Magic Sand,O'Hare,Airport,2021,Qtr 3,August,26,2021,170,Chicago,340,2718.3
2021-08-26 00:00:00,Games,Chutes & Ladders,Millenium,Downtown,2021,Qtr 3,August,26,2021,16,Chicago,48,207.84
2021-08-26 00:00:00,Games,Glass Marbles,Fifth Avenue,Commercial,2021,Qtr 3,August,26,2021,11,New York,55,120.89
2021-08-26 00:00:00,Games,Jenga,Lincoln Park,Residential,2021,Qtr 3,August,26,2021,3,Chicago,21,29.97
2021-08-26 00:00:00,Games,Monopoly,Millenium,Downtown,2021,Qtr 3,August,26,2021,7,Chicago,41.999999999999986,139.92999999999998
2021-08-26 00:00:00,Games,Monopoly,Times Square,Downtown,2021,Qtr 3,August,26,2021,8,New York,47.999999999999986,159.92
2021-08-26 00:00:00,Games,Rubik's Cube,Fifth Avenue,Commercial,2021,Qtr 3,August,26,2021,19,New York,38,379.80999999999995
2021-08-26 00:00:00,Sports & Outdoors,Dart Gun,Times Square,Downtown,2021,Qtr 3,August,26,2021,36,New York,144,575.64
2021-08-26 00:00:00,Sports & Outdoors,Supersoaker Water Gun,Lincoln Park,Residential,2021,Qtr 3,August,26,2021,3,Chicago,9,44.97
2021-08-26 00:00:00,Sports & Outdoors,Supersoaker Water Gun,Michigan Ave,Commercial,2021,Qtr 3,August,26,2021,24,Chicago,72,359.76
2021-08-26 00:00:00,Toys,Animal Figures,JFK,Airport,2021,Qtr 3,August,26,2021,21,New York,63,272.79
2021-08-26 00:00:00,Toys,Animal Figures,LAX,Airport,2021,Qtr 3,August,26,2021,59,Los Angeles,177,766.41
2021-08-26 00:00:00,Toys,Animal Figures,Lincoln Park,Residential,2021,Qtr 3,August,26,2021,70,Chicago,210,909.3000000000001
2021-08-26 00:00:00,Toys,Hot Wheels 5-Pack,Michigan Ave,Commercial,2021,Qtr 3,August,26,2021,38,Chicago,76,227.62
2021-08-26 00:00:00,Toys,Lego Bricks,JFK,Airport,2021,Qtr 3,August,26,2021,63,New York,315,2519.3700000000003
2021-08-26 00:00:00,Toys,Lego Bricks,LAX,Airport,2021,Qtr 3,August,26,2021,91,Los Angeles,455,3639.09
2021-08-26 00:00:00,Toys,Teddy Bear,Beverly Hills,Residential,2021,Qtr 3,August,26,2021,6,Los Angeles,12,77.94
2021-08-27 00:00:00,Art & Crafts,Barrel O' Slime,JFK,Airport,2021,Qtr 3,August,27,2021,51,New York,102,203.49
2021-08-27 00:00:00,Art & Crafts,Barrel O' Slime,LAX,Airport,2021,Qtr 3,August,27,2021,77,Los Angeles,154,307.23
2021-08-27 00:00:00,Art & Crafts,Barrel O' Slime,Lincoln Park,Residential,2021,Qtr 3,August,27,2021,81,Chicago,162,323.19
2021-08-27 00:00:00,Art & Crafts,Kids Makeup Kit,Lincoln Park,Residential,2021,Qtr 3,August,27,2021,56,Chicago,335.9999999999999,1119.4399999999998
2021-08-27 00:00:00,Art & Crafts,Kids Makeup Kit,Michigan Ave,Commercial,2021,Qtr 3,August,27,2021,9,Chicago,53.999999999999986,179.91
2021-08-27 00:00:00,Art & Crafts,Magic Sand,JFK,Airport,2021,Qtr 3,August,27,2021,28,New York,56,447.72
2021-08-27 00:00:00,Art & Crafts,Magic Sand,LAX,Airport,2021,Qtr 3,August,27,2021,95,Los Angeles,190,1519.05
2021-08-27 00:00:00,Electronics,Colorbuds,Millenium,Downtown,2021,Qtr 3,August,27,2021,42,Chicago,336,629.58
2021-08-27 00:00:00,Electronics,Colorbuds,O'Hare,Airport,2021,Qtr 3,August,27,2021,122,Chicago,976,1828.78
2021-08-27 00:00:00,Electronics,Toy Robot,Michigan Ave,Commercial,2021,Qtr 3,August,27,2021,39,Chicago,195,1013.6099999999999
2021-08-27 00:00:00,Games,Deck Of Cards,Times Square,Downtown,2021,Qtr 3,August,27,2021,48,New York,144,335.52
2021-08-27 00:00:00,Sports & Outdoors,Mini Ping Pong Set,O'Hare,Airport,2021,Qtr 3,August,27,2021,97,Chicago,291,969.03
2021-08-27 00:00:00,Sports & Outdoors,Nerf Gun,Times Square,Downtown,2021,Qtr 3,August,27,2021,25,New York,124.99999999999996,499.74999999999994
2021-08-27 00:00:00,Sports & Outdoors,Splash Balls,Fifth Avenue,Commercial,2021,Qtr 3,August,27,2021,186,New York,186,1672.14
2021-08-27 00:00:00,Toys,Action Figure,Hollywood,Commercial,2021,Qtr 3,August,27,2021,10,Los Angeles,60,159.9
2021-08-27 00:00:00,Toys,Hot Wheels 5-Pack,Fifth Avenue,Commercial,2021,Qtr 3,August,27,2021,24,New York,48,143.76
2021-08-27 00:00:00,Toys,Mr. Potatohead,Millenium,Downtown,2021,Qtr 3,August,27,2021,19,Chicago,95,189.81
2021-08-27 00:00:00,Toys,Teddy Bear,Lincoln Park,Residential,2021,Qtr 3,August,27,2021,27,Chicago,54,350.73
2021-08-28 00:00:00,Art & Crafts,Kids Makeup Kit,Fifth Avenue,Commercial,2021,Qtr 3,August,28,2021,48,New York,287.9999999999999,959.52
2021-08-28 00:00:00,Art & Crafts,PlayDoh Can,Times Square,Downtown,2021,Qtr 3,August,28,2021,205,New York,205.00000000000006,612.95
2021-08-28 00:00:00,Electronics,Colorbuds,LAX,Airport,2021,Qtr 3,August,28,2021,124,Los Angeles,992,1858.76
2021-08-28 00:00:00,Electronics,Toy Robot,Lincoln Park,Residential,2021,Qtr 3,August,28,2021,37,Chicago,185,961.63
2021-08-28 00:00:00,Games,Chutes & Ladders,JFK,Airport,2021,Qtr 3,August,28,2021,1,New York,3,12.99
2021-08-28 00:00:00,Games,Chutes & Ladders,Lincoln Park,Residential,2021,Qtr 3,August,28,2021,10,Chicago,30,129.9
2021-08-28 00:00:00,Sports & Outdoors,Dart Gun,Millenium,Downtown,2021,Qtr 3,August,28,2021,15,Chicago,60,239.85
2021-08-28 00:00:00,Sports & Outdoors,Dart Gun,O'Hare,Airport,2021,Qtr 3,August,28,2021,24,Chicago,96,383.76
2021-08-28 00:00:00,Sports & Outdoors,Mini Ping Pong Set,JFK,Airport,2021,Qtr 3,August,28,2021,12,New York,36,119.88
2021-08-28 00:00:00,Sports & Outdoors,Nerf Gun,Millenium,Downtown,2021,Qtr 3,August,28,2021,11,Chicago,54.99999999999998,219.89
2021-08-28 00:00:00,Sports & Outdoors,Supersoaker Water Gun,Fifth Avenue,Commercial,2021,Qtr 3,August,28,2021,6,New York,18,89.94
2021-08-28 00:00:00,Toys,Action Figure,Fifth Avenue,Commercial,2021,Qtr 3,August,28,2021,24,New York,144,383.76
2021-08-28 00:00:00,Toys,Animal Figures,Hollywood,Commercial,2021,Qtr 3,August,28,2021,86,Los Angeles,258,1117.14
2021-08-28 00:00:00,Toys,Dino Egg,Times Square,Downtown,2021,Qtr 3,August,28,2021,20,New York,20,219.8
2021-08-28 00:00:00,Toys,Lego Bricks,Lincoln Park,Residential,2021,Qtr 3,August,28,2021,76,Chicago,380,3039.2400000000002
2021-08-28 00:00:00,Toys,Lego Bricks,Michigan Ave,Commercial,2021,Qtr 3,August,28,2021,14,Chicago,70,559.86
2021-08-28 00:00:00,Toys,Mr. Potatohead,LAX,Airport,2021,Qtr 3,August,28,2021,7,Los Angeles,35,69.93
2021-08-28 00:00:00,Toys,Mr. Potatohead,O'Hare,Airport,2021,Qtr 3,August,28,2021,33,Chicago,165,329.67
2021-08-29 00:00:00,Art & Crafts,Barrel O' Slime,Hollywood,Commercial,2021,Qtr 3,August,29,2021,116,Los Angeles,232,462.84000000000003
2021-08-29 00:00:00,Art & Crafts,Magic Sand,Lincoln Park,Residential,2021,Qtr 3,August,29,2021,70,Chicago,140,1119.3
2021-08-29 00:00:00,Art & Crafts,Magic Sand,Michigan Ave,Commercial,2021,Qtr 3,August,29,2021,28,Chicago,56,447.72
2021-08-29 00:00:00,Art & Crafts,PlayDoh Can,Millenium,Downtown,2021,Qtr 3,August,29,2021,94,Chicago,94.00000000000001,281.06
2021-08-29 00:00:00,Art & Crafts,PlayDoh Playset,Times Square,Downtown,2021,Qtr 3,August,29,2021,14,New York,56,349.85999999999996
2021-08-29 00:00:00,Electronics,Colorbuds,JFK,Airport,2021,Qtr 3,August,29,2021,59,New York,472,884.41
2021-08-29 00:00:00,Electronics,Colorbuds,Lincoln Park,Residential,2021,Qtr 3,August,29,2021,3,Chicago,24,44.97
2021-08-29 00:00:00,Games,Deck Of Cards,Millenium,Downtown,2021,Qtr 3,August,29,2021,82,Chicago,246,573.1800000000001
2021-08-29 00:00:00,Games,Deck Of Cards,O'Hare,Airport,2021,Qtr 3,August,29,2021,267,Chicago,801,1866.3300000000002
2021-08-29 00:00:00,Games,Uno Card Game,Lincoln Park,Residential,2021,Qtr 3,August,29,2021,17,Chicago,68,135.83
2021-08-29 00:00:00,Sports & Outdoors,Dart Gun,LAX,Airport,2021,Qtr 3,August,29,2021,54,Los Angeles,216,863.46
2021-08-29 00:00:00,Sports & Outdoors,Nerf Gun,LAX,Airport,2021,Qtr 3,August,29,2021,57,Los Angeles,284.9999999999999,1139.4299999999998
2021-08-29 00:00:00,Sports & Outdoors,Nerf Gun,O'Hare,Airport,2021,Qtr 3,August,29,2021,61,Chicago,304.9999999999999,1219.3899999999999
2021-08-29 00:00:00,Toys,Animal Figures,Fifth Avenue,Commercial,2021,Qtr 3,August,29,2021,103,New York,309,1337.97
2021-08-29 00:00:00,Toys,Dinosaur Figures,Times Square,Downtown,2021,Qtr 3,August,29,2021,45,New York,180,674.55
2021-08-29 00:00:00,Toys,Lego Bricks,Fifth Avenue,Commercial,2021,Qtr 3,August,29,2021,99,New York,495,3959.01
2021-08-29 00:00:00,Toys,Mr. Potatohead,JFK,Airport,2021,Qtr 3,August,29,2021,44,New York,220,439.56
2021-08-29 00:00:00,Toys,Teddy Bear,Fifth Avenue,Commercial,2021,Qtr 3,August,29,2021,28,New York,56,363.72
2021-08-30 00:00:00,Art & Crafts,Barrel O' Slime,Fifth Avenue,Commercial,2021,Qtr 3,August,30,2021,52,New York,104,207.48000000000002
2021-08-30 00:00:00,Art & Crafts,Magic Sand,Fifth Avenue,Commercial,2021,Qtr 3,August,30,2021,90,New York,180,1439.1
2021-08-30 00:00:00,Art & Crafts,PlayDoh Can,LAX,Airport,2021,Qtr 3,August,30,2021,80,Los Angeles,80.00000000000001,239.20000000000002
2021-08-30 00:00:00,Art & Crafts,PlayDoh Can,O'Hare,Airport,2021,Qtr 3,August,30,2021,341,Chicago,341.00000000000006,1019.59
2021-08-30 00:00:00,Art & Crafts,PlayDoh Playset,Millenium,Downtown,2021,Qtr 3,August,30,2021,8,Chicago,32,199.92
2021-08-30 00:00:00,Art & Crafts,PlayDoh Toolkit,Times Square,Downtown,2021,Qtr 3,August,30,2021,16,New York,16,79.84
2021-08-30 00:00:00,Electronics,Colorbuds,Hollywood,Commercial,2021,Qtr 3,August,30,2021,55,Los Angeles,440,824.45
2021-08-30 00:00:00,Electronics,Gamer Headphones,Times Square,Downtown,2021,Qtr 3,August,30,2021,2,New York,11.999999999999996,41.98
2021-08-30 00:00:00,Electronics,Toy Robot,Fifth Avenue,Commercial,2021,Qtr 3,August,30,2021,16,New York,80,415.84
2021-08-30 00:00:00,Games,Deck Of Cards,JFK,Airport,2021,Qtr 3,August,30,2021,134,New York,402,936.6600000000001
2021-08-30 00:00:00,Games,Deck Of Cards,LAX,Airport,2021,Qtr 3,August,30,2021,118,Los Angeles,354,824.82
2021-08-30 00:00:00,Sports & Outdoors,Dart Gun,Lincoln Park,Residential,2021,Qtr 3,August,30,2021,27,Chicago,108,431.73
2021-08-30 00:00:00,Sports & Outdoors,Mini Ping Pong Set,Lincoln Park,Residential,2021,Qtr 3,August,30,2021,108,Chicago,324,1078.92
2021-08-30 00:00:00,Sports & Outdoors,Mini Ping Pong Set,Michigan Ave,Commercial,2021,Qtr 3,August,30,2021,2,Chicago,6,19.98
2021-08-30 00:00:00,Sports & Outdoors,Nerf Gun,JFK,Airport,2021,Qtr 3,August,30,2021,20,New York,99.99999999999997,399.79999999999995
2021-08-30 00:00:00,Toys,Action Figure,Michigan Ave,Commercial,2021,Qtr 3,August,30,2021,35,Chicago,210,559.65
2021-08-30 00:00:00,Toys,Dino Egg,Millenium,Downtown,2021,Qtr 3,August,30,2021,115,Chicago,115,1263.8500000000001
2021-08-30 00:00:00,Toys,Dino Egg,O'Hare,Airport,2021,Qtr 3,August,30,2021,74,Chicago,74,813.26
2021-08-31 00:00:00,Art & Crafts,PlayDoh Can,JFK,Airport,2021,Qtr 3,August,31,2021,115,New York,115.00000000000003,343.85
2021-08-31 00:00:00,Art & Crafts,PlayDoh Playset,LAX,Airport,2021,Qtr 3,August,31,2021,12,Los Angeles,48,299.88
2021-08-31 00:00:00,Art & Crafts,PlayDoh Playset,O'Hare,Airport,2021,Qtr 3,August,31,2021,27,Chicago,108,674.7299999999999
2021-08-31 00:00:00,Art & Crafts,PlayDoh Toolkit,Millenium,Downtown,2021,Qtr 3,August,31,2021,47,Chicago,47,234.53
2021-08-31 00:00:00,Art & Crafts,Playfoam,Times Square,Downtown,2021,Qtr 3,August,31,2021,31,New York,217,340.69
2021-08-31 00:00:00,Electronics,Colorbuds,Fifth Avenue,Commercial,2021,Qtr 3,August,31,2021,38,New York,304,569.62
2021-08-31 00:00:00,Games,Deck Of Cards,Lincoln Park,Residential,2021,Qtr 3,August,31,2021,19,Chicago,57,132.81
2021-08-31 00:00:00,Games,Glass Marbles,Times Square,Downtown,2021,Qtr 3,August,31,2021,21,New York,105,230.79
2021-08-31 00:00:00,Games,Monopoly,Lincoln Park,Residential,2021,Qtr 3,August,31,2021,6,Chicago,35.999999999999986,119.94
2021-08-31 00:00:00,Sports & Outdoors,Dart Gun,Hollywood,Commercial,2021,Qtr 3,August,31,2021,12,Los Angeles,48,191.88
2021-08-31 00:00:00,Sports & Outdoors,Mini Ping Pong Set,Fifth Avenue,Commercial,2021,Qtr 3,August,31,2021,20,New York,60,199.8
2021-08-31 00:00:00,Toys,Animal Figures,Michigan Ave,Commercial,2021,Qtr 3,August,31,2021,35,Chicago,105,454.65000000000003
2021-08-31 00:00:00,Toys,Dino Egg,JFK,Airport,2021,Qtr 3,August,31,2021,90,New York,90,989.1
2021-08-31 00:00:00,Toys,Dino Egg,LAX,Airport,2021,Qtr 3,August,31,2021,254,Los Angeles,254,2791.46
2021-08-31 00:00:00,Toys,Dinosaur Figures,Millenium,Downtown,2021,Qtr 3,August,31,2021,6,Chicago,24,89.94
2021-08-31 00:00:00,Toys,Dinosaur Figures,O'Hare,Airport,2021,Qtr 3,August,31,2021,73,Chicago,292,1094.27
2021-08-31 00:00:00,Toys,Mr. Potatohead,Michigan Ave,Commercial,2021,Qtr 3,August,31,2021,30,Chicago,150,299.7
2021-09-01 00:00:00,Toys,Action Figure,Beverly Hills,Residential,2021,Qtr 3,September,1,2021,57,Los Angeles,342,911.4300000000001
2021-09-01 00:00:00,Toys,Dino Egg,Michigan Ave,Commercial,2021,Qtr 3,September,1,2021,106,Chicago,106,1164.94
2021-09-02 00:00:00,Toys,Animal Figures,Beverly Hills,Residential,2021,Qtr 3,September,2,2021,33,Los Angeles,99,428.67
2021-09-02 00:00:00,Toys,Dinosaur Figures,Michigan Ave,Commercial,2021,Qtr 3,September,2,2021,2,Chicago,8,29.98
2021-09-03 00:00:00,Art & Crafts,Barrel O' Slime,Beverly Hills,Residential,2021,Qtr 3,September,3,2021,79,Los Angeles,158,315.21000000000004
2021-09-03 00:00:00,Art & Crafts,Etch A Sketch,Michigan Ave,Commercial,2021,Qtr 3,September,3,2021,16,Chicago,159.99999999999997,335.84
2021-09-04 00:00:00,Electronics,Gamer Headphones,Michigan Ave,Commercial,2021,Qtr 3,September,4,2021,12,Chicago,71.99999999999997,251.88
2021-09-04 00:00:00,Games,Chutes & Ladders,Beverly Hills,Residential,2021,Qtr 3,September,4,2021,18,Los Angeles,54,233.82
2021-09-05 00:00:00,Games,Classic Dominoes,Beverly Hills,Residential,2021,Qtr 3,September,5,2021,25,Los Angeles,50,249.75
2021-09-05 00:00:00,Games,Glass Marbles,Michigan Ave,Commercial,2021,Qtr 3,September,5,2021,18,Chicago,90,197.82
2021-09-06 00:00:00,Electronics,Colorbuds,Beverly Hills,Residential,2021,Qtr 3,September,6,2021,106,Los Angeles,848,1588.94
2021-09-06 00:00:00,Toys,Hot Wheels 5-Pack,Michigan Ave,Commercial,2021,Qtr 3,September,6,2021,4,Chicago,8,23.96
2021-09-07 00:00:00,Art & Crafts,Kids Makeup Kit,Michigan Ave,Commercial,2021,Qtr 3,September,7,2021,12,Chicago,71.99999999999997,239.88
2021-09-07 00:00:00,Sports & Outdoors,Dart Gun,Beverly Hills,Residential,2021,Qtr 3,September,7,2021,6,Los Angeles,24,95.94
2021-09-08 00:00:00,Games,Deck Of Cards,Beverly Hills,Residential,2021,Qtr 3,September,8,2021,69,Los Angeles,207,482.31
2021-09-08 00:00:00,Toys,Lego Bricks,Michigan Ave,Commercial,2021,Qtr 3,September,8,2021,9,Chicago,45,359.91
2021-09-09 00:00:00,Art & Crafts,Magic Sand,Michigan Ave,Commercial,2021,Qtr 3,September,9,2021,28,Chicago,56,447.72
2021-09-09 00:00:00,Toys,Dino Egg,Beverly Hills,Residential,2021,Qtr 3,September,9,2021,91,Los Angeles,91,1000.09
2021-09-10 00:00:00,Sports & Outdoors,Mini Ping Pong Set,Michigan Ave,Commercial,2021,Qtr 3,September,10,2021,15,Chicago,45,149.85
2021-09-10 00:00:00,Toys,Dinosaur Figures,Beverly Hills,Residential,2021,Qtr 3,September,10,2021,23,Los Angeles,92,344.77
2021-09-11 00:00:00,Art & Crafts,Etch A Sketch,Beverly Hills,Residential,2021,Qtr 3,September,11,2021,18,Los Angeles,179.99999999999997,377.82
2021-09-11 00:00:00,Toys,Mr. Potatohead,Michigan Ave,Commercial,2021,Qtr 3,September,11,2021,15,Chicago,75,149.85
2021-09-12 00:00:00,Sports & Outdoors,Foam Disk Launcher,Beverly Hills,Residential,2021,Qtr 3,September,12,2021,22,Los Angeles,66,263.78000000000003
2021-09-12 00:00:00,Sports & Outdoors,Nerf Gun,Michigan Ave,Commercial,2021,Qtr 3,September,12,2021,38,Chicago,189.99999999999994,759.6199999999999
2021-09-13 00:00:00,Art & Crafts,PlayDoh Can,Michigan Ave,Commercial,2021,Qtr 3,September,13,2021,62,Chicago,62.000000000000014,185.38000000000002
2021-09-13 00:00:00,Electronics,Gamer Headphones,Beverly Hills,Residential,2021,Qtr 3,September,13,2021,11,Los Angeles,65.99999999999999,230.89
2021-09-14 00:00:00,Art & Crafts,PlayDoh Toolkit,Michigan Ave,Commercial,2021,Qtr 3,September,14,2021,11,Chicago,11,54.89
2021-09-14 00:00:00,Games,Glass Marbles,Beverly Hills,Residential,2021,Qtr 3,September,14,2021,18,Los Angeles,90,197.82
2021-09-15 00:00:00,Art & Crafts,Playfoam,Michigan Ave,Commercial,2021,Qtr 3,September,15,2021,8,Chicago,56,87.92
2021-09-15 00:00:00,Toys,Hot Wheels 5-Pack,Beverly Hills,Residential,2021,Qtr 3,September,15,2021,15,Los Angeles,30,89.85000000000001
2021-09-16 00:00:00,Art & Crafts,Kids Makeup Kit,Beverly Hills,Residential,2021,Qtr 3,September,16,2021,40,Los Angeles,239.99999999999994,799.5999999999999
2021-09-16 00:00:00,Toys,Plush Pony,Michigan Ave,Commercial,2021,Qtr 3,September,16,2021,3,Chicago,32.99999999999999,59.97
2021-09-17 00:00:00,Games,Rubik's Cube,Michigan Ave,Commercial,2021,Qtr 3,September,17,2021,10,Chicago,20,199.89999999999998
2021-09-17 00:00:00,Toys,Lego Bricks,Beverly Hills,Residential,2021,Qtr 3,September,17,2021,21,Los Angeles,105,839.7900000000001
2021-09-18 00:00:00,Art & Crafts,Magic Sand,Beverly Hills,Residential,2021,Qtr 3,September,18,2021,114,Los Angeles,228,1822.8600000000001
2021-09-18 00:00:00,Sports & Outdoors,Splash Balls,Michigan Ave,Commercial,2021,Qtr 3,September,18,2021,7,Chicago,7,62.93
2021-09-19 00:00:00,Art & Crafts,Barrel O' Slime,Hollywood,Commercial,2021,Qtr 3,September,19,2021,125,Los Angeles,250,498.75
2021-09-19 00:00:00,Art & Crafts,PlayDoh Toolkit,JFK,Airport,2021,Qtr 3,September,19,2021,53,New York,53,264.47
2021-09-19 00:00:00,Art & Crafts,Playfoam,LAX,Airport,2021,Qtr 3,September,19,2021,46,Los Angeles,322,505.54
2021-09-19 00:00:00,Electronics,Colorbuds,Michigan Ave,Commercial,2021,Qtr 3,September,19,2021,16,Chicago,128,239.84
2021-09-19 00:00:00,Electronics,Colorbuds,Times Square,Downtown,2021,Qtr 3,September,19,2021,173,New York,1384,2593.27
2021-09-19 00:00:00,Games,Jenga,Millenium,Downtown,2021,Qtr 3,September,19,2021,2,Chicago,14,19.98
2021-09-19 00:00:00,Games,Rubik's Cube,O'Hare,Airport,2021,Qtr 3,September,19,2021,61,Chicago,122,1219.3899999999999
2021-09-19 00:00:00,Sports & Outdoors,Foam Disk Launcher,JFK,Airport,2021,Qtr 3,September,19,2021,5,New York,15,59.95
2021-09-19 00:00:00,Sports & Outdoors,Foam Disk Launcher,LAX,Airport,2021,Qtr 3,September,19,2021,81,Los Angeles,243,971.19
2021-09-19 00:00:00,Sports & Outdoors,Foam Disk Launcher,O'Hare,Airport,2021,Qtr 3,September,19,2021,28,Chicago,84,335.72
2021-09-19 00:00:00,Sports & Outdoors,Mini Ping Pong Set,Beverly Hills,Residential,2021,Qtr 3,September,19,2021,55,Los Angeles,165,549.45
2021-09-19 00:00:00,Sports & Outdoors,Mini Ping Pong Set,Times Square,Downtown,2021,Qtr 3,September,19,2021,51,New York,153,509.49
2021-09-19 00:00:00,Sports & Outdoors,Nerf Gun,Lincoln Park,Residential,2021,Qtr 3,September,19,2021,48,Chicago,239.99999999999991,959.52
2021-09-19 00:00:00,Sports & Outdoors,Splash Balls,Millenium,Downtown,2021,Qtr 3,September,19,2021,69,Chicago,69,620.3100000000001
2021-09-19 00:00:00,Sports & Outdoors,Supersoaker Water Gun,Michigan Ave,Commercial,2021,Qtr 3,September,19,2021,20,Chicago,60,299.8
2021-09-19 00:00:00,Toys,Action Figure,Millenium,Downtown,2021,Qtr 3,September,19,2021,86,Chicago,516,1375.14
2021-09-19 00:00:00,Toys,Dinosaur Figures,Lincoln Park,Residential,2021,Qtr 3,September,19,2021,66,Chicago,264,989.34
2021-09-19 00:00:00,Toys,Mr. Potatohead,Hollywood,Commercial,2021,Qtr 3,September,19,2021,9,Los Angeles,45,89.91
2021-09-20 00:00:00,Art & Crafts,Etch A Sketch,Lincoln Park,Residential,2021,Qtr 3,September,20,2021,4,Chicago,39.99999999999999,83.96
2021-09-20 00:00:00,Art & Crafts,Kids Makeup Kit,Millenium,Downtown,2021,Qtr 3,September,20,2021,29,Chicago,173.99999999999994,579.7099999999999
2021-09-20 00:00:00,Art & Crafts,PlayDoh Can,Lincoln Park,Residential,2021,Qtr 3,September,20,2021,46,Chicago,46.00000000000001,137.54000000000002
2021-09-20 00:00:00,Art & Crafts,Playfoam,JFK,Airport,2021,Qtr 3,September,20,2021,76,New York,532,835.24
2021-09-20 00:00:00,Electronics,Colorbuds,Hollywood,Commercial,2021,Qtr 3,September,20,2021,42,Los Angeles,336,629.58
2021-09-20 00:00:00,Electronics,Gamer Headphones,JFK,Airport,2021,Qtr 3,September,20,2021,65,New York,389.9999999999999,1364.35
2021-09-20 00:00:00,Electronics,Gamer Headphones,LAX,Airport,2021,Qtr 3,September,20,2021,13,Los Angeles,77.99999999999997,272.87
2021-09-20 00:00:00,Electronics,Gamer Headphones,O'Hare,Airport,2021,Qtr 3,September,20,2021,51,Chicago,305.9999999999999,1070.49
2021-09-20 00:00:00,Electronics,Toy Robot,Michigan Ave,Commercial,2021,Qtr 3,September,20,2021,26,Chicago,130,675.74
2021-09-20 00:00:00,Games,Monopoly,Beverly Hills,Residential,2021,Qtr 3,September,20,2021,9,Los Angeles,53.999999999999986,179.91
2021-09-20 00:00:00,Games,Monopoly,Times Square,Downtown,2021,Qtr 3,September,20,2021,12,New York,71.99999999999997,239.88
2021-09-20 00:00:00,Games,Rubik's Cube,LAX,Airport,2021,Qtr 3,September,20,2021,47,Los Angeles,94,939.53
2021-09-20 00:00:00,Sports & Outdoors,Dart Gun,Michigan Ave,Commercial,2021,Qtr 3,September,20,2021,26,Chicago,104,415.74
2021-09-20 00:00:00,Sports & Outdoors,Dart Gun,Times Square,Downtown,2021,Qtr 3,September,20,2021,71,New York,284,1135.29
2021-09-20 00:00:00,Sports & Outdoors,Nerf Gun,Hollywood,Commercial,2021,Qtr 3,September,20,2021,15,Los Angeles,74.99999999999997,299.84999999999997
2021-09-20 00:00:00,Sports & Outdoors,Splash Balls,O'Hare,Airport,2021,Qtr 3,September,20,2021,100,Chicago,100,899
2021-09-20 00:00:00,Toys,Animal Figures,Millenium,Downtown,2021,Qtr 3,September,20,2021,59,Chicago,177,766.41
2021-09-20 00:00:00,Toys,Teddy Bear,Millenium,Downtown,2021,Qtr 3,September,20,2021,7,Chicago,14,90.93
2021-09-21 00:00:00,Art & Crafts,Barrel O' Slime,Millenium,Downtown,2021,Qtr 3,September,21,2021,169,Chicago,338,674.3100000000001
2021-09-21 00:00:00,Art & Crafts,PlayDoh Can,Hollywood,Commercial,2021,Qtr 3,September,21,2021,36,Los Angeles,36.00000000000001,107.64000000000001
2021-09-21 00:00:00,Art & Crafts,PlayDoh Playset,Lincoln Park,Residential,2021,Qtr 3,September,21,2021,24,Chicago,96,599.76
2021-09-21 00:00:00,Electronics,Toy Robot,Millenium,Downtown,2021,Qtr 3,September,21,2021,21,Chicago,105,545.79
2021-09-21 00:00:00,Games,Deck Of Cards,Michigan Ave,Commercial,2021,Qtr 3,September,21,2021,39,Chicago,117,272.61
2021-09-21 00:00:00,Games,Deck Of Cards,Times Square,Downtown,2021,Qtr 3,September,21,2021,150,New York,450,1048.5
2021-09-21 00:00:00,Games,Glass Marbles,JFK,Airport,2021,Qtr 3,September,21,2021,38,New York,190,417.62
2021-09-21 00:00:00,Games,Glass Marbles,LAX,Airport,2021,Qtr 3,September,21,2021,94,Los Angeles,470,1033.06
2021-09-21 00:00:00,Games,Rubik's Cube,JFK,Airport,2021,Qtr 3,September,21,2021,7,New York,14,139.92999999999998
2021-09-21 00:00:00,Sports & Outdoors,Dart Gun,Hollywood,Commercial,2021,Qtr 3,September,21,2021,17,Los Angeles,68,271.83
2021-09-21 00:00:00,Sports & Outdoors,Foam Disk Launcher,Lincoln Park,Residential,2021,Qtr 3,September,21,2021,44,Chicago,132,527.5600000000001
2021-09-21 00:00:00,Sports & Outdoors,Splash Balls,LAX,Airport,2021,Qtr 3,September,21,2021,15,Los Angeles,15,134.85
2021-09-21 00:00:00,Sports & Outdoors,Supersoaker Water Gun,O'Hare,Airport,2021,Qtr 3,September,21,2021,10,Chicago,30,149.9
2021-09-21 00:00:00,Toys,Action Figure,Fifth Avenue,Commercial,2021,Qtr 3,September,21,2021,13,New York,78,207.87
2021-09-21 00:00:00,Toys,Hot Wheels 5-Pack,O'Hare,Airport,2021,Qtr 3,September,21,2021,18,Chicago,36,107.82000000000001
2021-09-21 00:00:00,Toys,Lego Bricks,Millenium,Downtown,2021,Qtr 3,September,21,2021,80,Chicago,400,3199.2000000000003
2021-09-21 00:00:00,Toys,Mr. Potatohead,Beverly Hills,Residential,2021,Qtr 3,September,21,2021,17,Los Angeles,85,169.83
2021-09-21 00:00:00,Toys,Mr. Potatohead,Times Square,Downtown,2021,Qtr 3,September,21,2021,17,New York,85,169.83
2021-09-22 00:00:00,Art & Crafts,Kids Makeup Kit,O'Hare,Airport,2021,Qtr 3,September,22,2021,23,Chicago,137.99999999999997,459.77
2021-09-22 00:00:00,Art & Crafts,Magic Sand,Millenium,Downtown,2021,Qtr 3,September,22,2021,104,Chicago,208,1662.96
2021-09-22 00:00:00,Art & Crafts,PlayDoh Toolkit,Hollywood,Commercial,2021,Qtr 3,September,22,2021,33,Los Angeles,33,164.67000000000002
2021-09-22 00:00:00,Art & Crafts,PlayDoh Toolkit,Lincoln Park,Residential,2021,Qtr 3,September,22,2021,5,Chicago,5,24.950000000000003
2021-09-22 00:00:00,Electronics,Gamer Headphones,Lincoln Park,Residential,2021,Qtr 3,September,22,2021,1,Chicago,5.999999999999998,20.99
2021-09-22 00:00:00,Games,Classic Dominoes,Millenium,Downtown,2021,Qtr 3,September,22,2021,25,Chicago,50,249.75
2021-09-22 00:00:00,Games,Deck Of Cards,Hollywood,Commercial,2021,Qtr 3,September,22,2021,141,Los Angeles,423,985.59
2021-09-22 00:00:00,Sports & Outdoors,Nerf Gun,Beverly Hills,Residential,2021,Qtr 3,September,22,2021,67,Los Angeles,334.9999999999999,1339.33
2021-09-22 00:00:00,Sports & Outdoors,Nerf Gun,Times Square,Downtown,2021,Qtr 3,September,22,2021,6,New York,29.99999999999999,119.94
2021-09-22 00:00:00,Sports & Outdoors,Splash Balls,JFK,Airport,2021,Qtr 3,September,22,2021,94,New York,94,845.0600000000001
2021-09-22 00:00:00,Toys,Action Figure,LAX,Airport,2021,Qtr 3,September,22,2021,13,Los Angeles,78,207.87
2021-09-22 00:00:00,Toys,Animal Figures,Fifth Avenue,Commercial,2021,Qtr 3,September,22,2021,138,New York,414,1792.6200000000001
2021-09-22 00:00:00,Toys,Dino Egg,Times Square,Downtown,2021,Qtr 3,September,22,2021,39,New York,39,428.61
2021-09-22 00:00:00,Toys,Hot Wheels 5-Pack,JFK,Airport,2021,Qtr 3,September,22,2021,48,New York,96,287.52
2021-09-22 00:00:00,Toys,Hot Wheels 5-Pack,LAX,Airport,2021,Qtr 3,September,22,2021,9,Los Angeles,18,53.910000000000004
2021-09-22 00:00:00,Toys,Teddy Bear,LAX,Airport,2021,Qtr 3,September,22,2021,15,Los Angeles,30,194.85
2021-09-22 00:00:00,Toys,Teddy Bear,O'Hare,Airport,2021,Qtr 3,September,22,2021,7,Chicago,14,90.93
2021-09-23 00:00:00,Art & Crafts,Barrel O' Slime,Fifth Avenue,Commercial,2021,Qtr 3,September,23,2021,118,New York,236,470.82000000000005
2021-09-23 00:00:00,Art & Crafts,Kids Makeup Kit,JFK,Airport,2021,Qtr 3,September,23,2021,22,New York,131.99999999999997,439.78
2021-09-23 00:00:00,Art & Crafts,Kids Makeup Kit,LAX,Airport,2021,Qtr 3,September,23,2021,11,Los Angeles,65.99999999999999,219.89
2021-09-23 00:00:00,Art & Crafts,PlayDoh Can,Beverly Hills,Residential,2021,Qtr 3,September,23,2021,81,Los Angeles,81.00000000000001,242.19000000000003
2021-09-23 00:00:00,Art & Crafts,PlayDoh Can,Times Square,Downtown,2021,Qtr 3,September,23,2021,263,New York,263.00000000000006,786.37
2021-09-23 00:00:00,Art & Crafts,Playfoam,Hollywood,Commercial,2021,Qtr 3,September,23,2021,48,Los Angeles,336,527.52
2021-09-23 00:00:00,Art & Crafts,Playfoam,Lincoln Park,Residential,2021,Qtr 3,September,23,2021,49,Chicago,343,538.51
2021-09-23 00:00:00,Electronics,Colorbuds,Millenium,Downtown,2021,Qtr 3,September,23,2021,40,Chicago,320,599.6
2021-09-23 00:00:00,Electronics,Toy Robot,LAX,Airport,2021,Qtr 3,September,23,2021,14,Los Angeles,70,363.85999999999996
2021-09-23 00:00:00,Electronics,Toy Robot,O'Hare,Airport,2021,Qtr 3,September,23,2021,5,Chicago,25,129.95
2021-09-23 00:00:00,Games,Glass Marbles,Lincoln Park,Residential,2021,Qtr 3,September,23,2021,26,Chicago,130,285.74
2021-09-23 00:00:00,Sports & Outdoors,Mini Ping Pong Set,Millenium,Downtown,2021,Qtr 3,September,23,2021,69,Chicago,207,689.3100000000001
2021-09-23 00:00:00,Toys,Action Figure,Lincoln Park,Residential,2021,Qtr 3,September,23,2021,60,Chicago,360,959.4
2021-09-23 00:00:00,Toys,Animal Figures,LAX,Airport,2021,Qtr 3,September,23,2021,12,Los Angeles,36,155.88
2021-09-23 00:00:00,Toys,Dino Egg,Hollywood,Commercial,2021,Qtr 3,September,23,2021,66,Los Angeles,66,725.34
2021-09-23 00:00:00,Toys,Dinosaur Figures,Times Square,Downtown,2021,Qtr 3,September,23,2021,56,New York,224,839.44
2021-09-23 00:00:00,Toys,Lego Bricks,O'Hare,Airport,2021,Qtr 3,September,23,2021,106,Chicago,530,4238.9400000000005
2021-09-24 00:00:00,Art & Crafts,Barrel O' Slime,LAX,Airport,2021,Qtr 3,September,24,2021,59,Los Angeles,118,235.41000000000003
2021-09-24 00:00:00,Art & Crafts,Etch A Sketch,Times Square,Downtown,2021,Qtr 3,September,24,2021,9,New York,89.99999999999999,188.91
2021-09-24 00:00:00,Art & Crafts,Magic Sand,O'Hare,Airport,2021,Qtr 3,September,24,2021,81,Chicago,162,1295.19
2021-09-24 00:00:00,Art & Crafts,PlayDoh Playset,Times Square,Downtown,2021,Qtr 3,September,24,2021,5,New York,20,124.94999999999999
2021-09-24 00:00:00,Art & Crafts,PlayDoh Toolkit,Beverly Hills,Residential,2021,Qtr 3,September,24,2021,24,Los Angeles,24,119.76
2021-09-24 00:00:00,Electronics,Colorbuds,Fifth Avenue,Commercial,2021,Qtr 3,September,24,2021,18,New York,144,269.82
2021-09-24 00:00:00,Games,Monopoly,Millenium,Downtown,2021,Qtr 3,September,24,2021,9,Chicago,53.999999999999986,179.91
2021-09-24 00:00:00,Games,Rubik's Cube,Lincoln Park,Residential,2021,Qtr 3,September,24,2021,36,Chicago,72,719.64
2021-09-24 00:00:00,Sports & Outdoors,Dart Gun,Millenium,Downtown,2021,Qtr 3,September,24,2021,48,Chicago,192,767.52
2021-09-24 00:00:00,Toys,Action Figure,JFK,Airport,2021,Qtr 3,September,24,2021,5,New York,30,79.95
2021-09-24 00:00:00,Toys,Action Figure,O'Hare,Airport,2021,Qtr 3,September,24,2021,24,Chicago,144,383.76
2021-09-24 00:00:00,Toys,Animal Figures,Lincoln Park,Residential,2021,Qtr 3,September,24,2021,65,Chicago,195,844.35
2021-09-24 00:00:00,Toys,Dinosaur Figures,Hollywood,Commercial,2021,Qtr 3,September,24,2021,8,Los Angeles,32,119.92
2021-09-24 00:00:00,Toys,Hot Wheels 5-Pack,Lincoln Park,Residential,2021,Qtr 3,September,24,2021,22,Chicago,44,131.78
2021-09-24 00:00:00,Toys,Lego Bricks,JFK,Airport,2021,Qtr 3,September,24,2021,88,New York,440,3519.1200000000003
2021-09-24 00:00:00,Toys,Lego Bricks,LAX,Airport,2021,Qtr 3,September,24,2021,98,Los Angeles,490,3919.02
2021-09-24 00:00:00,Toys,Plush Pony,Hollywood,Commercial,2021,Qtr 3,September,24,2021,8,Los Angeles,87.99999999999999,159.92
2021-09-25 00:00:00,Art & Crafts,Barrel O' Slime,JFK,Airport,2021,Qtr 3,September,25,2021,45,New York,90,179.55
2021-09-25 00:00:00,Art & Crafts,Barrel O' Slime,Lincoln Park,Residential,2021,Qtr 3,September,25,2021,299,Chicago,598,1193.01
2021-09-25 00:00:00,Art & Crafts,Kids Makeup Kit,Lincoln Park,Residential,2021,Qtr 3,September,25,2021,69,Chicago,413.9999999999999,1379.31
2021-09-25 00:00:00,Art & Crafts,Magic Sand,JFK,Airport,2021,Qtr 3,September,25,2021,42,New York,84,671.58
2021-09-25 00:00:00,Art & Crafts,Magic Sand,LAX,Airport,2021,Qtr 3,September,25,2021,147,Los Angeles,294,2350.53
2021-09-25 00:00:00,Art & Crafts,PlayDoh Toolkit,Times Square,Downtown,2021,Qtr 3,September,25,2021,6,New York,6,29.94
2021-09-25 00:00:00,Art & Crafts,Playfoam,Beverly Hills,Residential,2021,Qtr 3,September,25,2021,113,Los Angeles,791,1241.8700000000001
2021-09-25 00:00:00,Electronics,Colorbuds,LAX,Airport,2021,Qtr 3,September,25,2021,150,Los Angeles,1200,2248.5
2021-09-25 00:00:00,Electronics,Gamer Headphones,Hollywood,Commercial,2021,Qtr 3,September,25,2021,1,Los Angeles,5.999999999999998,20.99
2021-09-25 00:00:00,Electronics,Gamer Headphones,Times Square,Downtown,2021,Qtr 3,September,25,2021,5,New York,29.999999999999993,104.94999999999999
2021-09-25 00:00:00,Games,Deck Of Cards,Millenium,Downtown,2021,Qtr 3,September,25,2021,63,Chicago,189,440.37
2021-09-25 00:00:00,Games,Rubik's Cube,Hollywood,Commercial,2021,Qtr 3,September,25,2021,27,Los Angeles,54,539.7299999999999
2021-09-25 00:00:00,Sports & Outdoors,Dart Gun,Fifth Avenue,Commercial,2021,Qtr 3,September,25,2021,10,New York,40,159.9
2021-09-25 00:00:00,Sports & Outdoors,Mini Ping Pong Set,O'Hare,Airport,2021,Qtr 3,September,25,2021,53,Chicago,159,529.47
2021-09-25 00:00:00,Sports & Outdoors,Splash Balls,Lincoln Park,Residential,2021,Qtr 3,September,25,2021,20,Chicago,20,179.8
2021-09-25 00:00:00,Toys,Animal Figures,O'Hare,Airport,2021,Qtr 3,September,25,2021,25,Chicago,75,324.75
2021-09-25 00:00:00,Toys,Mr. Potatohead,Millenium,Downtown,2021,Qtr 3,September,25,2021,21,Chicago,105,209.79
2021-09-26 00:00:00,Art & Crafts,Barrel O' Slime,O'Hare,Airport,2021,Qtr 3,September,26,2021,135,Chicago,270,538.65
2021-09-26 00:00:00,Art & Crafts,Magic Sand,Fifth Avenue,Commercial,2021,Qtr 3,September,26,2021,81,New York,162,1295.19
2021-09-26 00:00:00,Art & Crafts,PlayDoh Toolkit,Fifth Avenue,Commercial,2021,Qtr 3,September,26,2021,16,New York,16,79.84
2021-09-26 00:00:00,Art & Crafts,Playfoam,Times Square,Downtown,2021,Qtr 3,September,26,2021,85,New York,595,934.15
2021-09-26 00:00:00,Electronics,Colorbuds,JFK,Airport,2021,Qtr 3,September,26,2021,17,New York,136,254.83
2021-09-26 00:00:00,Electronics,Gamer Headphones,Fifth Avenue,Commercial,2021,Qtr 3,September,26,2021,5,New York,29.999999999999993,104.94999999999999
2021-09-26 00:00:00,Games,Chutes & Ladders,Lincoln Park,Residential,2021,Qtr 3,September,26,2021,39,Chicago,117,506.61
2021-09-26 00:00:00,Games,Deck Of Cards,Fifth Avenue,Commercial,2021,Qtr 3,September,26,2021,5,New York,15,34.95
2021-09-26 00:00:00,Games,Glass Marbles,Hollywood,Commercial,2021,Qtr 3,September,26,2021,9,Los Angeles,45,98.91
2021-09-26 00:00:00,Games,Glass Marbles,Times Square,Downtown,2021,Qtr 3,September,26,2021,47,New York,235,516.53
2021-09-26 00:00:00,Sports & Outdoors,Dart Gun,LAX,Airport,2021,Qtr 3,September,26,2021,13,Los Angeles,52,207.87
2021-09-26 00:00:00,Sports & Outdoors,Mini Ping Pong Set,JFK,Airport,2021,Qtr 3,September,26,2021,13,New York,39,129.87
2021-09-26 00:00:00,Sports & Outdoors,Mini Ping Pong Set,LAX,Airport,2021,Qtr 3,September,26,2021,14,Los Angeles,42,139.86
2021-09-26 00:00:00,Sports & Outdoors,Nerf Gun,Millenium,Downtown,2021,Qtr 3,September,26,2021,60,Chicago,299.9999999999999,1199.3999999999999
2021-09-26 00:00:00,Sports & Outdoors,Splash Balls,Hollywood,Commercial,2021,Qtr 3,September,26,2021,49,Los Angeles,49,440.51
2021-09-26 00:00:00,Sports & Outdoors,Supersoaker Water Gun,Fifth Avenue,Commercial,2021,Qtr 3,September,26,2021,15,New York,45,224.85
2021-09-26 00:00:00,Sports & Outdoors,Supersoaker Water Gun,Lincoln Park,Residential,2021,Qtr 3,September,26,2021,25,Chicago,75,374.75
2021-09-26 00:00:00,Toys,Dino Egg,Millenium,Downtown,2021,Qtr 3,September,26,2021,106,Chicago,106,1164.94
2021-09-26 00:00:00,Toys,Lego Bricks,Lincoln Park,Residential,2021,Qtr 3,September,26,2021,25,Chicago,125,999.75
2021-09-26 00:00:00,Toys,Mr. Potatohead,O'Hare,Airport,2021,Qtr 3,September,26,2021,39,Chicago,195,389.61
2021-09-26 00:00:00,Toys,Plush Pony,Beverly Hills,Residential,2021,Qtr 3,September,26,2021,11,Los Angeles,120.99999999999999,219.89
2021-09-27 00:00:00,Art & Crafts,Magic Sand,Lincoln Park,Residential,2021,Qtr 3,September,27,2021,113,Chicago,226,1806.8700000000001
2021-09-27 00:00:00,Art & Crafts,PlayDoh Can,Millenium,Downtown,2021,Qtr 3,September,27,2021,77,Chicago,77.00000000000001,230.23000000000002
2021-09-27 00:00:00,Art & Crafts,Playfoam,Fifth Avenue,Commercial,2021,Qtr 3,September,27,2021,144,New York,1008,1582.56
2021-09-27 00:00:00,Electronics,Colorbuds,Lincoln Park,Residential,2021,Qtr 3,September,27,2021,26,Chicago,208,389.74
2021-09-27 00:00:00,Electronics,Colorbuds,O'Hare,Airport,2021,Qtr 3,September,27,2021,61,Chicago,488,914.39
2021-09-27 00:00:00,Electronics,Toy Robot,Fifth Avenue,Commercial,2021,Qtr 3,September,27,2021,13,New York,65,337.87
2021-09-27 00:00:00,Games,Deck Of Cards,LAX,Airport,2021,Qtr 3,September,27,2021,124,Los Angeles,372,866.76
2021-09-27 00:00:00,Games,Glass Marbles,Fifth Avenue,Commercial,2021,Qtr 3,September,27,2021,5,New York,25,54.95
2021-09-27 00:00:00,Games,Monopoly,JFK,Airport,2021,Qtr 3,September,27,2021,33,New York,197.99999999999994,659.67
2021-09-27 00:00:00,Games,Rubik's Cube,Times Square,Downtown,2021,Qtr 3,September,27,2021,11,New York,22,219.89
2021-09-27 00:00:00,Sports & Outdoors,Dart Gun,JFK,Airport,2021,Qtr 3,September,27,2021,12,New York,48,191.88
2021-09-27 00:00:00,Sports & Outdoors,Nerf Gun,LAX,Airport,2021,Qtr 3,September,27,2021,19,Los Angeles,94.99999999999997,379.80999999999995
2021-09-27 00:00:00,Sports & Outdoors,Nerf Gun,O'Hare,Airport,2021,Qtr 3,September,27,2021,96,Chicago,479.99999999999983,1919.04
2021-09-27 00:00:00,Sports & Outdoors,Splash Balls,Beverly Hills,Residential,2021,Qtr 3,September,27,2021,29,Los Angeles,29,260.71
2021-09-27 00:00:00,Toys,Action Figure,Times Square,Downtown,2021,Qtr 3,September,27,2021,64,New York,384,1023.36
2021-09-27 00:00:00,Toys,Dino Egg,Fifth Avenue,Commercial,2021,Qtr 3,September,27,2021,57,New York,57,626.4300000000001
2021-09-27 00:00:00,Toys,Dinosaur Figures,Millenium,Downtown,2021,Qtr 3,September,27,2021,39,Chicago,156,584.61
2021-09-27 00:00:00,Toys,Hot Wheels 5-Pack,Hollywood,Commercial,2021,Qtr 3,September,27,2021,38,Los Angeles,76,227.62
2021-09-27 00:00:00,Toys,Hot Wheels 5-Pack,Times Square,Downtown,2021,Qtr 3,September,27,2021,68,New York,136,407.32
2021-09-27 00:00:00,Toys,Mr. Potatohead,Fifth Avenue,Commercial,2021,Qtr 3,September,27,2021,29,New York,145,289.71
2021-09-27 00:00:00,Toys,Teddy Bear,Lincoln Park,Residential,2021,Qtr 3,September,27,2021,2,Chicago,4,25.98
2021-09-28 00:00:00,Art & Crafts,Etch A Sketch,Millenium,Downtown,2021,Qtr 3,September,28,2021,3,Chicago,29.999999999999993,62.97
2021-09-28 00:00:00,Art & Crafts,Kids Makeup Kit,Times Square,Downtown,2021,Qtr 3,September,28,2021,21,New York,125.99999999999996,419.78999999999996
2021-09-28 00:00:00,Art & Crafts,PlayDoh Can,LAX,Airport,2021,Qtr 3,September,28,2021,131,Los Angeles,131.00000000000003,391.69000000000005
2021-09-28 00:00:00,Art & Crafts,PlayDoh Can,O'Hare,Airport,2021,Qtr 3,September,28,2021,225,Chicago,225.00000000000006,672.75
2021-09-28 00:00:00,Art & Crafts,PlayDoh Playset,Millenium,Downtown,2021,Qtr 3,September,28,2021,14,Chicago,56,349.85999999999996
2021-09-28 00:00:00,Electronics,Toy Robot,Beverly Hills,Residential,2021,Qtr 3,September,28,2021,45,Los Angeles,225,1169.55
2021-09-28 00:00:00,Games,Deck Of Cards,JFK,Airport,2021,Qtr 3,September,28,2021,117,New York,351,817.83
2021-09-28 00:00:00,Sports & Outdoors,Dart Gun,Lincoln Park,Residential,2021,Qtr 3,September,28,2021,32,Chicago,128,511.68
2021-09-28 00:00:00,Sports & Outdoors,Dart Gun,O'Hare,Airport,2021,Qtr 3,September,28,2021,51,Chicago,204,815.49
2021-09-28 00:00:00,Sports & Outdoors,Mini Ping Pong Set,Lincoln Park,Residential,2021,Qtr 3,September,28,2021,196,Chicago,588,1958.04
2021-09-28 00:00:00,Sports & Outdoors,Nerf Gun,Fifth Avenue,Commercial,2021,Qtr 3,September,28,2021,40,New York,199.99999999999994,799.5999999999999
2021-09-28 00:00:00,Sports & Outdoors,Nerf Gun,JFK,Airport,2021,Qtr 3,September,28,2021,68,New York,339.9999999999999,1359.32
2021-09-28 00:00:00,Sports & Outdoors,Splash Balls,Times Square,Downtown,2021,Qtr 3,September,28,2021,3,New York,3,26.97
2021-09-28 00:00:00,Toys,Action Figure,Michigan Ave,Commercial,2021,Qtr 3,September,28,2021,12,Chicago,72,191.88
2021-09-28 00:00:00,Toys,Animal Figures,Times Square,Downtown,2021,Qtr 3,September,28,2021,66,New York,198,857.34
2021-09-28 00:00:00,Toys,Dino Egg,LAX,Airport,2021,Qtr 3,September,28,2021,85,Los Angeles,85,934.15
2021-09-28 00:00:00,Toys,Dinosaur Figures,Fifth Avenue,Commercial,2021,Qtr 3,September,28,2021,137,New York,548,2053.63
2021-09-28 00:00:00,Toys,Hot Wheels 5-Pack,Fifth Avenue,Commercial,2021,Qtr 3,September,28,2021,35,New York,70,209.65
2021-09-28 00:00:00,Toys,Lego Bricks,Hollywood,Commercial,2021,Qtr 3,September,28,2021,4,Los Angeles,20,159.96
2021-09-28 00:00:00,Toys,Plush Pony,Fifth Avenue,Commercial,2021,Qtr 3,September,28,2021,14,New York,153.99999999999997,279.85999999999996
2021-09-29 00:00:00,Art & Crafts,Barrel O' Slime,Times Square,Downtown,2021,Qtr 3,September,29,2021,177,New York,354,706.23
2021-09-29 00:00:00,Art & Crafts,Etch A Sketch,Fifth Avenue,Commercial,2021,Qtr 3,September,29,2021,10,New York,99.99999999999999,209.89999999999998
2021-09-29 00:00:00,Art & Crafts,Kids Makeup Kit,Fifth Avenue,Commercial,2021,Qtr 3,September,29,2021,15,New York,89.99999999999997,299.84999999999997
2021-09-29 00:00:00,Art & Crafts,Magic Sand,Hollywood,Commercial,2021,Qtr 3,September,29,2021,147,Los Angeles,294,2350.53
2021-09-29 00:00:00,Art & Crafts,PlayDoh Can,Fifth Avenue,Commercial,2021,Qtr 3,September,29,2021,78,New York,78.00000000000001,233.22000000000003
2021-09-29 00:00:00,Art & Crafts,PlayDoh Can,JFK,Airport,2021,Qtr 3,September,29,2021,67,New York,67.00000000000001,200.33
2021-09-29 00:00:00,Art & Crafts,PlayDoh Playset,LAX,Airport,2021,Qtr 3,September,29,2021,7,Los Angeles,28,174.92999999999998
2021-09-29 00:00:00,Art & Crafts,PlayDoh Toolkit,O'Hare,Airport,2021,Qtr 3,September,29,2021,13,Chicago,13,64.87
2021-09-29 00:00:00,Art & Crafts,Playfoam,Millenium,Downtown,2021,Qtr 3,September,29,2021,8,Chicago,56,87.92
2021-09-29 00:00:00,Electronics,Toy Robot,Times Square,Downtown,2021,Qtr 3,September,29,2021,13,New York,65,337.87
2021-09-29 00:00:00,Games,Deck Of Cards,Lincoln Park,Residential,2021,Qtr 3,September,29,2021,16,Chicago,48,111.84
2021-09-29 00:00:00,Games,Deck Of Cards,O'Hare,Airport,2021,Qtr 3,September,29,2021,100,Chicago,300,699
2021-09-29 00:00:00,Games,Glass Marbles,Millenium,Downtown,2021,Qtr 3,September,29,2021,29,Chicago,145,318.71
2021-09-29 00:00:00,Games,Monopoly,Lincoln Park,Residential,2021,Qtr 3,September,29,2021,7,Chicago,41.999999999999986,139.92999999999998
2021-09-29 00:00:00,Games,Rubik's Cube,Fifth Avenue,Commercial,2021,Qtr 3,September,29,2021,14,New York,28,279.85999999999996
2021-09-29 00:00:00,Toys,Action Figure,Hollywood,Commercial,2021,Qtr 3,September,29,2021,34,Los Angeles,204,543.66
2021-09-29 00:00:00,Toys,Animal Figures,Michigan Ave,Commercial,2021,Qtr 3,September,29,2021,53,Chicago,159,688.47
2021-09-29 00:00:00,Toys,Dino Egg,JFK,Airport,2021,Qtr 3,September,29,2021,39,New York,39,428.61
2021-09-29 00:00:00,Toys,Dinosaur Figures,LAX,Airport,2021,Qtr 3,September,29,2021,64,Los Angeles,256,959.36
2021-09-29 00:00:00,Toys,Lego Bricks,Times Square,Downtown,2021,Qtr 3,September,29,2021,98,New York,490,3919.02
2021-09-30 00:00:00,Art & Crafts,Barrel O' Slime,Michigan Ave,Commercial,2021,Qtr 3,September,30,2021,44,Chicago,88,175.56
2021-09-30 00:00:00,Art & Crafts,Etch A Sketch,JFK,Airport,2021,Qtr 3,September,30,2021,23,New York,229.99999999999997,482.77
2021-09-30 00:00:00,Art & Crafts,Etch A Sketch,LAX,Airport,2021,Qtr 3,September,30,2021,6,Los Angeles,59.999999999999986,125.94
2021-09-30 00:00:00,Art & Crafts,Magic Sand,Times Square,Downtown,2021,Qtr 3,September,30,2021,164,New York,328,2622.36
2021-09-30 00:00:00,Art & Crafts,PlayDoh Playset,Fifth Avenue,Commercial,2021,Qtr 3,September,30,2021,23,New York,92,574.77
2021-09-30 00:00:00,Art & Crafts,PlayDoh Playset,JFK,Airport,2021,Qtr 3,September,30,2021,10,New York,40,249.89999999999998
2021-09-30 00:00:00,Art & Crafts,PlayDoh Toolkit,LAX,Airport,2021,Qtr 3,September,30,2021,37,Los Angeles,37,184.63
2021-09-30 00:00:00,Art & Crafts,Playfoam,O'Hare,Airport,2021,Qtr 3,September,30,2021,27,Chicago,189,296.73
2021-09-30 00:00:00,Games,Classic Dominoes,Times Square,Downtown,2021,Qtr 3,September,30,2021,11,New York,22,109.89
2021-09-30 00:00:00,Games,Rubik's Cube,Millenium,Downtown,2021,Qtr 3,September,30,2021,62,Chicago,124,1239.3799999999999
2021-09-30 00:00:00,Games,Uno Card Game,Times Square,Downtown,2021,Qtr 3,September,30,2021,8,New York,32,63.92
2021-09-30 00:00:00,Sports & Outdoors,Foam Disk Launcher,Fifth Avenue,Commercial,2021,Qtr 3,September,30,2021,44,New York,132,527.5600000000001
2021-09-30 00:00:00,Sports & Outdoors,Mini Ping Pong Set,Hollywood,Commercial,2021,Qtr 3,September,30,2021,5,Los Angeles,15,49.95
2021-09-30 00:00:00,Sports & Outdoors,Splash Balls,Fifth Avenue,Commercial,2021,Qtr 3,September,30,2021,153,New York,153,1375.47
2021-09-30 00:00:00,Toys,Animal Figures,Hollywood,Commercial,2021,Qtr 3,September,30,2021,84,Los Angeles,252,1091.16
2021-09-30 00:00:00,Toys,Dino Egg,Lincoln Park,Residential,2021,Qtr 3,September,30,2021,86,Chicago,86,945.14
2021-09-30 00:00:00,Toys,Dino Egg,O'Hare,Airport,2021,Qtr 3,September,30,2021,63,Chicago,63,692.37
2021-09-30 00:00:00,Toys,Hot Wheels 5-Pack,Millenium,Downtown,2021,Qtr 3,September,30,2021,55,Chicago,110,329.45
2021-09-30 00:00:00,Toys,Lego Bricks,Fifth Avenue,Commercial,2021,Qtr 3,September,30,2021,47,New York,235,1879.5300000000002
2021-09-30 00:00:00,Toys,Mr. Potatohead,Lincoln Park,Residential,2021,Qtr 3,September,30,2021,16,Chicago,80,159.84
2021-10-01 00:00:00,Art & Crafts,Barrel O' Slime,Hollywood,Commercial,2021,Qtr 4,October,1,2021,125,Los Angeles,250,498.75
2021-10-01 00:00:00,Electronics,Gamer Headphones,LAX,Airport,2021,Qtr 4,October,1,2021,13,Los Angeles,77.99999999999997,272.87
2021-10-01 00:00:00,Games,Classic Dominoes,Times Square,Downtown,2021,Qtr 4,October,1,2021,11,New York,22,109.89
2021-10-01 00:00:00,Games,Deck Of Cards,Millenium,Downtown,2021,Qtr 4,October,1,2021,63,Chicago,189,440.37
2021-10-01 00:00:00,Sports & Outdoors,Nerf Gun,O'Hare,Airport,2021,Qtr 4,October,1,2021,192,Chicago,959.9999999999997,3838.08
2021-10-01 00:00:00,Sports & Outdoors,Splash Balls,JFK,Airport,2021,Qtr 4,October,1,2021,188,New York,188,1690.1200000000001
2021-10-01 00:00:00,Toys,Action Figure,Beverly Hills,Residential,2021,Qtr 4,October,1,2021,57,Los Angeles,342,911.4300000000001
2021-10-01 00:00:00,Toys,Animal Figures,Michigan Ave,Commercial,2021,Qtr 4,October,1,2021,106,Chicago,318,1376.94
2021-10-01 00:00:00,Toys,Dino Egg,Fifth Avenue,Commercial,2021,Qtr 4,October,1,2021,114,New York,114,1252.8600000000001
2021-10-02 00:00:00,Art & Crafts,Barrel O' Slime,Michigan Ave,Commercial,2021,Qtr 4,October,2,2021,88,Chicago,176,351.12
2021-10-02 00:00:00,Art & Crafts,PlayDoh Can,O'Hare,Airport,2021,Qtr 4,October,2,2021,450,Chicago,450.0000000000001,1345.5
2021-10-02 00:00:00,Electronics,Colorbuds,Hollywood,Commercial,2021,Qtr 4,October,2,2021,42,Los Angeles,336,629.58
2021-10-02 00:00:00,Electronics,Colorbuds,Times Square,Downtown,2021,Qtr 4,October,2,2021,173,New York,1384,2593.27
2021-10-02 00:00:00,Games,Glass Marbles,LAX,Airport,2021,Qtr 4,October,2,2021,94,Los Angeles,470,1033.06
2021-10-02 00:00:00,Toys,Action Figure,Lincoln Park,Residential,2021,Qtr 4,October,2,2021,120,Chicago,720,1918.8
2021-10-02 00:00:00,Toys,Animal Figures,Beverly Hills,Residential,2021,Qtr 4,October,2,2021,33,Los Angeles,99,428.67
2021-10-02 00:00:00,Toys,Dino Egg,Millenium,Downtown,2021,Qtr 4,October,2,2021,106,Chicago,106,1164.94
2021-10-02 00:00:00,Toys,Dinosaur Figures,Fifth Avenue,Commercial,2021,Qtr 4,October,2,2021,274,New York,1096,4107.26
2021-10-03 00:00:00,Art & Crafts,Barrel O' Slime,Beverly Hills,Residential,2021,Qtr 4,October,3,2021,79,Los Angeles,158,315.21000000000004
2021-10-03 00:00:00,Art & Crafts,Etch A Sketch,Fifth Avenue,Commercial,2021,Qtr 4,October,3,2021,20,New York,199.99999999999997,419.79999999999995
2021-10-03 00:00:00,Art & Crafts,PlayDoh Toolkit,O'Hare,Airport,2021,Qtr 4,October,3,2021,26,Chicago,26,129.74
2021-10-03 00:00:00,Electronics,Colorbuds,Michigan Ave,Commercial,2021,Qtr 4,October,3,2021,32,Chicago,256,479.68
2021-10-03 00:00:00,Sports & Outdoors,Dart Gun,Hollywood,Commercial,2021,Qtr 4,October,3,2021,17,Los Angeles,68,271.83
2021-10-03 00:00:00,Sports & Outdoors,Dart Gun,Times Square,Downtown,2021,Qtr 4,October,3,2021,71,New York,284,1135.29
2021-10-03 00:00:00,Toys,Animal Figures,Lincoln Park,Residential,2021,Qtr 4,October,3,2021,130,Chicago,390,1688.7
2021-10-03 00:00:00,Toys,Dinosaur Figures,Millenium,Downtown,2021,Qtr 4,October,3,2021,39,Chicago,156,584.61
2021-10-03 00:00:00,Toys,Hot Wheels 5-Pack,LAX,Airport,2021,Qtr 4,October,3,2021,9,Los Angeles,18,53.910000000000004
2021-10-04 00:00:00,Art & Crafts,Barrel O' Slime,Lincoln Park,Residential,2021,Qtr 4,October,4,2021,598,Chicago,1196,2386.02
2021-10-04 00:00:00,Art & Crafts,Etch A Sketch,Millenium,Downtown,2021,Qtr 4,October,4,2021,3,Chicago,29.999999999999993,62.97
2021-10-04 00:00:00,Art & Crafts,Kids Makeup Kit,LAX,Airport,2021,Qtr 4,October,4,2021,11,Los Angeles,65.99999999999999,219.89
2021-10-04 00:00:00,Art & Crafts,Playfoam,O'Hare,Airport,2021,Qtr 4,October,4,2021,54,Chicago,378,593.46
2021-10-04 00:00:00,Games,Chutes & Ladders,Beverly Hills,Residential,2021,Qtr 4,October,4,2021,18,Los Angeles,54,233.82
2021-10-04 00:00:00,Games,Deck Of Cards,Hollywood,Commercial,2021,Qtr 4,October,4,2021,141,Los Angeles,423,985.59
2021-10-04 00:00:00,Games,Deck Of Cards,Times Square,Downtown,2021,Qtr 4,October,4,2021,150,New York,450,1048.5
2021-10-04 00:00:00,Sports & Outdoors,Dart Gun,Michigan Ave,Commercial,2021,Qtr 4,October,4,2021,52,Chicago,208,831.48
2021-10-04 00:00:00,Sports & Outdoors,Foam Disk Launcher,Fifth Avenue,Commercial,2021,Qtr 4,October,4,2021,88,New York,264,1055.1200000000001
2021-10-05 00:00:00,Electronics,Gamer Headphones,Fifth Avenue,Commercial,2021,Qtr 4,October,5,2021,10,New York,59.999999999999986,209.89999999999998
2021-10-05 00:00:00,Games,Chutes & Ladders,Lincoln Park,Residential,2021,Qtr 4,October,5,2021,78,Chicago,234,1013.22
2021-10-05 00:00:00,Games,Classic Dominoes,Beverly Hills,Residential,2021,Qtr 4,October,5,2021,25,Los Angeles,50,249.75
2021-10-05 00:00:00,Games,Deck Of Cards,Michigan Ave,Commercial,2021,Qtr 4,October,5,2021,78,Chicago,234,545.22
2021-10-05 00:00:00,Games,Glass Marbles,Millenium,Downtown,2021,Qtr 4,October,5,2021,29,Chicago,145,318.71
2021-10-05 00:00:00,Games,Rubik's Cube,O'Hare,Airport,2021,Qtr 4,October,5,2021,122,Chicago,244,2438.7799999999997
2021-10-05 00:00:00,Toys,Dino Egg,Hollywood,Commercial,2021,Qtr 4,October,5,2021,66,Los Angeles,66,725.34
2021-10-05 00:00:00,Toys,Dino Egg,Times Square,Downtown,2021,Qtr 4,October,5,2021,39,New York,39,428.61
2021-10-05 00:00:00,Toys,Lego Bricks,LAX,Airport,2021,Qtr 4,October,5,2021,98,Los Angeles,490,3919.02
2021-10-06 00:00:00,Art & Crafts,Magic Sand,LAX,Airport,2021,Qtr 4,October,6,2021,147,Los Angeles,294,2350.53
2021-10-06 00:00:00,Electronics,Colorbuds,Beverly Hills,Residential,2021,Qtr 4,October,6,2021,106,Los Angeles,848,1588.94
2021-10-06 00:00:00,Electronics,Colorbuds,Lincoln Park,Residential,2021,Qtr 4,October,6,2021,52,Chicago,416,779.48
2021-10-06 00:00:00,Games,Glass Marbles,Fifth Avenue,Commercial,2021,Qtr 4,October,6,2021,10,New York,50,109.9
2021-10-06 00:00:00,Sports & Outdoors,Splash Balls,O'Hare,Airport,2021,Qtr 4,October,6,2021,200,Chicago,200,1798
2021-10-06 00:00:00,Toys,Dino Egg,Michigan Ave,Commercial,2021,Qtr 4,October,6,2021,212,Chicago,212,2329.88
2021-10-06 00:00:00,Toys,Dinosaur Figures,Hollywood,Commercial,2021,Qtr 4,October,6,2021,8,Los Angeles,32,119.92
2021-10-06 00:00:00,Toys,Dinosaur Figures,Times Square,Downtown,2021,Qtr 4,October,6,2021,56,New York,224,839.44
2021-10-06 00:00:00,Toys,Hot Wheels 5-Pack,Millenium,Downtown,2021,Qtr 4,October,6,2021,55,Chicago,110,329.45
2021-10-07 00:00:00,Art & Crafts,Etch A Sketch,Times Square,Downtown,2021,Qtr 4,October,7,2021,9,New York,89.99999999999999,188.91
2021-10-07 00:00:00,Electronics,Gamer Headphones,Hollywood,Commercial,2021,Qtr 4,October,7,2021,1,Los Angeles,5.999999999999998,20.99
2021-10-07 00:00:00,Games,Jenga,Millenium,Downtown,2021,Qtr 4,October,7,2021,2,Chicago,14,19.98
2021-10-07 00:00:00,Sports & Outdoors,Dart Gun,Beverly Hills,Residential,2021,Qtr 4,October,7,2021,6,Los Angeles,24,95.94
2021-10-07 00:00:00,Sports & Outdoors,Dart Gun,Lincoln Park,Residential,2021,Qtr 4,October,7,2021,64,Chicago,256,1023.36
2021-10-07 00:00:00,Sports & Outdoors,Mini Ping Pong Set,LAX,Airport,2021,Qtr 4,October,7,2021,14,Los Angeles,42,139.86
2021-10-07 00:00:00,Sports & Outdoors,Supersoaker Water Gun,O'Hare,Airport,2021,Qtr 4,October,7,2021,20,Chicago,60,299.8
2021-10-07 00:00:00,Toys,Dinosaur Figures,Michigan Ave,Commercial,2021,Qtr 4,October,7,2021,4,Chicago,16,59.96
2021-10-07 00:00:00,Toys,Hot Wheels 5-Pack,Fifth Avenue,Commercial,2021,Qtr 4,October,7,2021,70,New York,140,419.3
2021-10-08 00:00:00,Art & Crafts,Etch A Sketch,Michigan Ave,Commercial,2021,Qtr 4,October,8,2021,32,Chicago,319.99999999999994,671.68
2021-10-08 00:00:00,Art & Crafts,Kids Makeup Kit,Fifth Avenue,Commercial,2021,Qtr 4,October,8,2021,30,New York,179.99999999999994,599.6999999999999
2021-10-08 00:00:00,Art & Crafts,Kids Makeup Kit,Millenium,Downtown,2021,Qtr 4,October,8,2021,29,Chicago,173.99999999999994,579.7099999999999
2021-10-08 00:00:00,Electronics,Gamer Headphones,Times Square,Downtown,2021,Qtr 4,October,8,2021,5,New York,29.999999999999993,104.94999999999999
2021-10-08 00:00:00,Games,Deck Of Cards,Beverly Hills,Residential,2021,Qtr 4,October,8,2021,69,Los Angeles,207,482.31
2021-10-08 00:00:00,Games,Deck Of Cards,Lincoln Park,Residential,2021,Qtr 4,October,8,2021,32,Chicago,96,223.68
2021-10-08 00:00:00,Games,Glass Marbles,Hollywood,Commercial,2021,Qtr 4,October,8,2021,9,Los Angeles,45,98.91
2021-10-08 00:00:00,Sports & Outdoors,Nerf Gun,LAX,Airport,2021,Qtr 4,October,8,2021,19,Los Angeles,94.99999999999997,379.80999999999995
2021-10-08 00:00:00,Toys,Teddy Bear,O'Hare,Airport,2021,Qtr 4,October,8,2021,14,Chicago,28,181.86
2021-10-09 00:00:00,Art & Crafts,PlayDoh Can,LAX,Airport,2021,Qtr 4,October,9,2021,262,Los Angeles,262.00000000000006,783.3800000000001
2021-10-09 00:00:00,Electronics,Gamer Headphones,Michigan Ave,Commercial,2021,Qtr 4,October,9,2021,24,Chicago,143.99999999999994,503.76
2021-10-09 00:00:00,Electronics,Toy Robot,O'Hare,Airport,2021,Qtr 4,October,9,2021,10,Chicago,50,259.9
2021-10-09 00:00:00,Games,Glass Marbles,Times Square,Downtown,2021,Qtr 4,October,9,2021,47,New York,235,516.53
2021-10-09 00:00:00,Toys,Dino Egg,Beverly Hills,Residential,2021,Qtr 4,October,9,2021,91,Los Angeles,91,1000.09
2021-10-09 00:00:00,Toys,Dino Egg,Lincoln Park,Residential,2021,Qtr 4,October,9,2021,172,Chicago,172,1890.28
2021-10-09 00:00:00,Toys,Hot Wheels 5-Pack,Hollywood,Commercial,2021,Qtr 4,October,9,2021,38,Los Angeles,76,227.62
2021-10-09 00:00:00,Toys,Lego Bricks,Fifth Avenue,Commercial,2021,Qtr 4,October,9,2021,94,New York,470,3759.0600000000004
2021-10-09 00:00:00,Toys,Lego Bricks,Millenium,Downtown,2021,Qtr 4,October,9,2021,80,Chicago,400,3199.2000000000003
2021-10-10 00:00:00,Art & Crafts,Magic Sand,Fifth Avenue,Commercial,2021,Qtr 4,October,10,2021,162,New York,324,2590.38
2021-10-10 00:00:00,Art & Crafts,Magic Sand,Millenium,Downtown,2021,Qtr 4,October,10,2021,104,Chicago,208,1662.96
2021-10-10 00:00:00,Art & Crafts,PlayDoh Playset,LAX,Airport,2021,Qtr 4,October,10,2021,14,Los Angeles,56,349.85999999999996
2021-10-10 00:00:00,Games,Glass Marbles,Michigan Ave,Commercial,2021,Qtr 4,October,10,2021,36,Chicago,180,395.64
2021-10-10 00:00:00,Toys,Action Figure,JFK,Airport,2021,Qtr 4,October,10,2021,10,New York,60,159.9
2021-10-10 00:00:00,Toys,Dinosaur Figures,Beverly Hills,Residential,2021,Qtr 4,October,10,2021,23,Los Angeles,92,1000000
2021-10-10 00:00:00,Toys,Dinosaur Figures,Lincoln Park,Residential,2021,Qtr 4,October,10,2021,132,Chicago,528,1978.68
2021-10-10 00:00:00,Toys,Hot Wheels 5-Pack,Times Square,Downtown,2021,Qtr 4,October,10,2021,68,New York,136,407.32
2021-10-10 00:00:00,Toys,Lego Bricks,Hollywood,Commercial,2021,Qtr 4,October,10,2021,4,Los Angeles,20,159.96
2021-10-11 00:00:00,Art & Crafts,Barrel O' Slime,JFK,Airport,2021,Qtr 4,October,11,2021,90,New York,180,359.1
2021-10-11 00:00:00,Art & Crafts,Etch A Sketch,Beverly Hills,Residential,2021,Qtr 4,October,11,2021,18,Los Angeles,179.99999999999997,377.82
2021-10-11 00:00:00,Art & Crafts,Etch A Sketch,Lincoln Park,Residential,2021,Qtr 4,October,11,2021,8,Chicago,79.99999999999999,167.92
2021-10-11 00:00:00,Art & Crafts,Kids Makeup Kit,Times Square,Downtown,2021,Qtr 4,October,11,2021,21,New York,125.99999999999996,419.78999999999996
2021-10-11 00:00:00,Art & Crafts,Magic Sand,Hollywood,Commercial,2021,Qtr 4,October,11,2021,147,Los Angeles,294,2350.53
2021-10-11 00:00:00,Art & Crafts,PlayDoh Toolkit,LAX,Airport,2021,Qtr 4,October,11,2021,74,Los Angeles,74,369.26
2021-10-11 00:00:00,Sports & Outdoors,Mini Ping Pong Set,Millenium,Downtown,2021,Qtr 4,October,11,2021,69,Chicago,207,689.3100000000001
2021-10-11 00:00:00,Toys,Hot Wheels 5-Pack,Michigan Ave,Commercial,2021,Qtr 4,October,11,2021,8,Chicago,16,47.92
2021-10-11 00:00:00,Toys,Mr. Potatohead,Fifth Avenue,Commercial,2021,Qtr 4,October,11,2021,58,New York,290,579.42
2021-10-12 00:00:00,Art & Crafts,Kids Makeup Kit,Michigan Ave,Commercial,2021,Qtr 4,October,12,2021,24,Chicago,143.99999999999994,479.76
2021-10-12 00:00:00,Art & Crafts,Playfoam,LAX,Airport,2021,Qtr 4,October,12,2021,92,Los Angeles,644,1011.08
2021-10-12 00:00:00,Electronics,Colorbuds,JFK,Airport,2021,Qtr 4,October,12,2021,34,New York,272,509.66
2021-10-12 00:00:00,Games,Monopoly,Millenium,Downtown,2021,Qtr 4,October,12,2021,9,Chicago,53.999999999999986,179.91
2021-10-12 00:00:00,Sports & Outdoors,Foam Disk Launcher,Beverly Hills,Residential,2021,Qtr 4,October,12,2021,22,Los Angeles,66,263.78000000000003
2021-10-12 00:00:00,Sports & Outdoors,Foam Disk Launcher,Lincoln Park,Residential,2021,Qtr 4,October,12,2021,88,Chicago,264,1055.1200000000001
2021-10-12 00:00:00,Sports & Outdoors,Mini Ping Pong Set,Hollywood,Commercial,2021,Qtr 4,October,12,2021,5,Los Angeles,15,49.95
2021-10-12 00:00:00,Sports & Outdoors,Nerf Gun,Fifth Avenue,Commercial,2021,Qtr 4,October,12,2021,80,New York,399.9999999999999,1599.1999999999998
2021-10-12 00:00:00,Toys,Lego Bricks,Times Square,Downtown,2021,Qtr 4,October,12,2021,98,New York,490,3919.02
2021-10-13 00:00:00,Art & Crafts,Magic Sand,Times Square,Downtown,2021,Qtr 4,October,13,2021,164,New York,328,2622.36
2021-10-13 00:00:00,Art & Crafts,PlayDoh Can,Fifth Avenue,Commercial,2021,Qtr 4,October,13,2021,156,New York,156.00000000000003,466.44000000000005
2021-10-13 00:00:00,Electronics,Gamer Headphones,Beverly Hills,Residential,2021,Qtr 4,October,13,2021,11,Los Angeles,65.99999999999999,230.89
2021-10-13 00:00:00,Electronics,Gamer Headphones,Lincoln Park,Residential,2021,Qtr 4,October,13,2021,2,Chicago,11.999999999999996,41.98
2021-10-13 00:00:00,Games,Rubik's Cube,LAX,Airport,2021,Qtr 4,October,13,2021,94,Los Angeles,188,1879.06
2021-10-13 00:00:00,Sports & Outdoors,Dart Gun,JFK,Airport,2021,Qtr 4,October,13,2021,24,New York,96,383.76
2021-10-13 00:00:00,Toys,Lego Bricks,Michigan Ave,Commercial,2021,Qtr 4,October,13,2021,18,Chicago,90,719.82
2021-10-13 00:00:00,Toys,Mr. Potatohead,Hollywood,Commercial,2021,Qtr 4,October,13,2021,9,Los Angeles,45,89.91
2021-10-13 00:00:00,Toys,Mr. Potatohead,Millenium,Downtown,2021,Qtr 4,October,13,2021,21,Chicago,105,209.79
2021-10-14 00:00:00,Art & Crafts,Magic Sand,Michigan Ave,Commercial,2021,Qtr 4,October,14,2021,56,Chicago,112,895.44
2021-10-14 00:00:00,Art & Crafts,PlayDoh Playset,Fifth Avenue,Commercial,2021,Qtr 4,October,14,2021,46,New York,184,1149.54
2021-10-14 00:00:00,Games,Deck Of Cards,JFK,Airport,2021,Qtr 4,October,14,2021,234,New York,702,1635.66
2021-10-14 00:00:00,Games,Glass Marbles,Beverly Hills,Residential,2021,Qtr 4,October,14,2021,18,Los Angeles,90,197.82
2021-10-14 00:00:00,Games,Glass Marbles,Lincoln Park,Residential,2021,Qtr 4,October,14,2021,52,Chicago,260,571.48
2021-10-14 00:00:00,Sports & Outdoors,Mini Ping Pong Set,Times Square,Downtown,2021,Qtr 4,October,14,2021,51,New York,153,509.49
2021-10-14 00:00:00,Sports & Outdoors,Nerf Gun,Hollywood,Commercial,2021,Qtr 4,October,14,2021,15,Los Angeles,74.99999999999997,299.84999999999997
2021-10-14 00:00:00,Sports & Outdoors,Nerf Gun,Millenium,Downtown,2021,Qtr 4,October,14,2021,60,Chicago,299.9999999999999,1199.3999999999999
2021-10-14 00:00:00,Sports & Outdoors,Splash Balls,LAX,Airport,2021,Qtr 4,October,14,2021,30,Los Angeles,30,269.7
2021-10-15 00:00:00,Art & Crafts,PlayDoh Can,Hollywood,Commercial,2021,Qtr 4,October,15,2021,36,Los Angeles,36.00000000000001,107.64000000000001
2021-10-15 00:00:00,Art & Crafts,PlayDoh Can,Millenium,Downtown,2021,Qtr 4,October,15,2021,77,Chicago,77.00000000000001,230.23000000000002
2021-10-15 00:00:00,Art & Crafts,PlayDoh Toolkit,Fifth Avenue,Commercial,2021,Qtr 4,October,15,2021,32,New York,32,159.68
2021-10-15 00:00:00,Games,Monopoly,Times Square,Downtown,2021,Qtr 4,October,15,2021,12,New York,71.99999999999997,239.88
2021-10-15 00:00:00,Sports & Outdoors,Mini Ping Pong Set,Michigan Ave,Commercial,2021,Qtr 4,October,15,2021,30,Chicago,90,299.7
2021-10-15 00:00:00,Toys,Dino Egg,JFK,Airport,2021,Qtr 4,October,15,2021,78,New York,78,857.22
2021-10-15 00:00:00,Toys,Hot Wheels 5-Pack,Beverly Hills,Residential,2021,Qtr 4,October,15,2021,15,Los Angeles,30,89.85000000000001
2021-10-15 00:00:00,Toys,Hot Wheels 5-Pack,Lincoln Park,Residential,2021,Qtr 4,October,15,2021,44,Chicago,88,263.56
2021-10-15 00:00:00,Toys,Teddy Bear,LAX,Airport,2021,Qtr 4,October,15,2021,30,Los Angeles,60,389.7
2021-10-16 00:00:00,Art & Crafts,Etch A Sketch,JFK,Airport,2021,Qtr 4,October,16,2021,46,New York,459.99999999999994,965.54
2021-10-16 00:00:00,Art & Crafts,Kids Makeup Kit,Beverly Hills,Residential,2021,Qtr 4,October,16,2021,40,Los Angeles,239.99999999999994,799.5999999999999
2021-10-16 00:00:00,Art & Crafts,Kids Makeup Kit,Lincoln Park,Residential,2021,Qtr 4,October,16,2021,138,Chicago,827.9999999999998,2758.62
2021-10-16 00:00:00,Art & Crafts,PlayDoh Playset,Millenium,Downtown,2021,Qtr 4,October,16,2021,14,Chicago,56,349.85999999999996
2021-10-16 00:00:00,Art & Crafts,PlayDoh Toolkit,Hollywood,Commercial,2021,Qtr 4,October,16,2021,33,Los Angeles,33,164.67000000000002
2021-10-16 00:00:00,Art & Crafts,Playfoam,Fifth Avenue,Commercial,2021,Qtr 4,October,16,2021,288,New York,2016,3165.12
2021-10-16 00:00:00,Electronics,Toy Robot,LAX,Airport,2021,Qtr 4,October,16,2021,28,Los Angeles,140,727.7199999999999
2021-10-16 00:00:00,Toys,Mr. Potatohead,Michigan Ave,Commercial,2021,Qtr 4,October,16,2021,30,Chicago,150,299.7
2021-10-16 00:00:00,Toys,Mr. Potatohead,Times Square,Downtown,2021,Qtr 4,October,16,2021,17,New York,85,169.83
2021-10-17 00:00:00,Art & Crafts,Playfoam,Hollywood,Commercial,2021,Qtr 4,October,17,2021,48,Los Angeles,336,527.52
2021-10-17 00:00:00,Art & Crafts,Playfoam,Millenium,Downtown,2021,Qtr 4,October,17,2021,8,Chicago,56,87.92
2021-10-17 00:00:00,Sports & Outdoors,Foam Disk Launcher,JFK,Airport,2021,Qtr 4,October,17,2021,10,New York,30,119.9
2021-10-17 00:00:00,Sports & Outdoors,Nerf Gun,Michigan Ave,Commercial,2021,Qtr 4,October,17,2021,76,Chicago,379.9999999999999,1519.2399999999998
2021-10-17 00:00:00,Sports & Outdoors,Nerf Gun,Times Square,Downtown,2021,Qtr 4,October,17,2021,6,New York,29.99999999999999,119.94
2021-10-17 00:00:00,Toys,Action Figure,O'Hare,Airport,2021,Qtr 4,October,17,2021,48,Chicago,288,767.52
2021-10-17 00:00:00,Toys,Lego Bricks,Beverly Hills,Residential,2021,Qtr 4,October,17,2021,21,Los Angeles,105,839.7900000000001
2021-10-17 00:00:00,Toys,Lego Bricks,Lincoln Park,Residential,2021,Qtr 4,October,17,2021,50,Chicago,250,1999.5
2021-10-17 00:00:00,Toys,Plush Pony,Fifth Avenue,Commercial,2021,Qtr 4,October,17,2021,28,New York,307.99999999999994,559.7199999999999
2021-10-18 00:00:00,Art & Crafts,Magic Sand,Beverly Hills,Residential,2021,Qtr 4,October,18,2021,114,Los Angeles,228,1822.8600000000001
2021-10-18 00:00:00,Art & Crafts,Magic Sand,Lincoln Park,Residential,2021,Qtr 4,October,18,2021,226,Chicago,452,3613.7400000000002
2021-10-18 00:00:00,Art & Crafts,PlayDoh Can,Michigan Ave,Commercial,2021,Qtr 4,October,18,2021,124,Chicago,124.00000000000003,370.76000000000005
2021-10-18 00:00:00,Art & Crafts,PlayDoh Can,Times Square,Downtown,2021,Qtr 4,October,18,2021,263,New York,263.00000000000006,786.37
2021-10-18 00:00:00,Electronics,Gamer Headphones,JFK,Airport,2021,Qtr 4,October,18,2021,130,New York,779.9999999999998,2728.7
2021-10-18 00:00:00,Games,Rubik's Cube,Fifth Avenue,Commercial,2021,Qtr 4,October,18,2021,28,New York,56,559.7199999999999
2021-10-18 00:00:00,Games,Rubik's Cube,Millenium,Downtown,2021,Qtr 4,October,18,2021,62,Chicago,124,1239.3799999999999
2021-10-18 00:00:00,Toys,Animal Figures,O'Hare,Airport,2021,Qtr 4,October,18,2021,50,Chicago,150,649.5
2021-10-18 00:00:00,Toys,Plush Pony,Hollywood,Commercial,2021,Qtr 4,October,18,2021,8,Los Angeles,87.99999999999999,159.92
2021-10-19 00:00:00,Art & Crafts,Barrel O' Slime,O'Hare,Airport,2021,Qtr 4,October,19,2021,270,Chicago,540,1077.3
2021-10-19 00:00:00,Art & Crafts,PlayDoh Playset,Times Square,Downtown,2021,Qtr 4,October,19,2021,5,New York,20,124.94999999999999
2021-10-19 00:00:00,Art & Crafts,PlayDoh Toolkit,Michigan Ave,Commercial,2021,Qtr 4,October,19,2021,22,Chicago,22,109.78
2021-10-19 00:00:00,Games,Glass Marbles,JFK,Airport,2021,Qtr 4,October,19,2021,76,New York,380,835.24
2021-10-19 00:00:00,Games,Rubik's Cube,Hollywood,Commercial,2021,Qtr 4,October,19,2021,27,Los Angeles,54,539.7299999999999
2021-10-19 00:00:00,Sports & Outdoors,Mini Ping Pong Set,Beverly Hills,Residential,2021,Qtr 4,October,19,2021,55,Los Angeles,165,549.45
2021-10-19 00:00:00,Sports & Outdoors,Mini Ping Pong Set,Lincoln Park,Residential,2021,Qtr 4,October,19,2021,392,Chicago,1176,3916.08
2021-10-19 00:00:00,Sports & Outdoors,Splash Balls,Fifth Avenue,Commercial,2021,Qtr 4,October,19,2021,306,New York,306,2750.94
2021-10-19 00:00:00,Sports & Outdoors,Splash Balls,Millenium,Downtown,2021,Qtr 4,October,19,2021,69,Chicago,69,620.3100000000001
2021-10-20 00:00:00,Art & Crafts,PlayDoh Toolkit,Times Square,Downtown,2021,Qtr 4,October,20,2021,6,New York,6,29.94
2021-10-20 00:00:00,Art & Crafts,Playfoam,Michigan Ave,Commercial,2021,Qtr 4,October,20,2021,16,Chicago,112,175.84
2021-10-20 00:00:00,Electronics,Colorbuds,O'Hare,Airport,2021,Qtr 4,October,20,2021,122,Chicago,976,1828.78
2021-10-20 00:00:00,Games,Monopoly,Beverly Hills,Residential,2021,Qtr 4,October,20,2021,9,Los Angeles,53.999999999999986,179.91
2021-10-20 00:00:00,Games,Monopoly,Lincoln Park,Residential,2021,Qtr 4,October,20,2021,14,Chicago,83.99999999999997,279.85999999999996
2021-10-20 00:00:00,Sports & Outdoors,Splash Balls,Hollywood,Commercial,2021,Qtr 4,October,20,2021,49,Los Angeles,49,440.51
2021-10-20 00:00:00,Sports & Outdoors,Supersoaker Water Gun,Fifth Avenue,Commercial,2021,Qtr 4,October,20,2021,30,New York,90,449.7
2021-10-20 00:00:00,Toys,Hot Wheels 5-Pack,JFK,Airport,2021,Qtr 4,October,20,2021,96,New York,192,575.04
2021-10-20 00:00:00,Toys,Teddy Bear,Millenium,Downtown,2021,Qtr 4,October,20,2021,7,Chicago,14,90.93
2021-10-21 00:00:00,Art & Crafts,Kids Makeup Kit,JFK,Airport,2021,Qtr 4,October,21,2021,44,New York,263.99999999999994,879.56
2021-10-21 00:00:00,Art & Crafts,Playfoam,Times Square,Downtown,2021,Qtr 4,October,21,2021,85,New York,595,934.15
2021-10-21 00:00:00,Electronics,Toy Robot,Fifth Avenue,Commercial,2021,Qtr 4,October,21,2021,26,New York,130,675.74
2021-10-21 00:00:00,Electronics,Toy Robot,Millenium,Downtown,2021,Qtr 4,October,21,2021,21,Chicago,105,545.79
2021-10-21 00:00:00,Sports & Outdoors,Dart Gun,O'Hare,Airport,2021,Qtr 4,October,21,2021,102,Chicago,408,1630.98
2021-10-21 00:00:00,Toys,Action Figure,Times Square,Downtown,2021,Qtr 4,October,21,2021,64,New York,384,1023.36
2021-10-21 00:00:00,Toys,Mr. Potatohead,Beverly Hills,Residential,2021,Qtr 4,October,21,2021,17,Los Angeles,85,169.83
2021-10-21 00:00:00,Toys,Mr. Potatohead,Lincoln Park,Residential,2021,Qtr 4,October,21,2021,32,Chicago,160,319.68
2021-10-21 00:00:00,Toys,Plush Pony,Michigan Ave,Commercial,2021,Qtr 4,October,21,2021,6,Chicago,65.99999999999999,119.94
2021-10-22 00:00:00,Games,Deck Of Cards,O'Hare,Airport,2021,Qtr 4,October,22,2021,200,Chicago,600,1398
2021-10-22 00:00:00,Games,Rubik's Cube,Michigan Ave,Commercial,2021,Qtr 4,October,22,2021,20,Chicago,40,399.79999999999995
2021-10-22 00:00:00,Games,Rubik's Cube,Times Square,Downtown,2021,Qtr 4,October,22,2021,11,New York,22,219.89
2021-10-22 00:00:00,Sports & Outdoors,Nerf Gun,Beverly Hills,Residential,2021,Qtr 4,October,22,2021,67,Los Angeles,334.9999999999999,1339.33
2021-10-22 00:00:00,Sports & Outdoors,Nerf Gun,Lincoln Park,Residential,2021,Qtr 4,October,22,2021,96,Chicago,479.99999999999983,1919.04
2021-10-22 00:00:00,Toys,Action Figure,LAX,Airport,2021,Qtr 4,October,22,2021,13,Los Angeles,78,207.87
2021-10-22 00:00:00,Toys,Animal Figures,Times Square,Downtown,2021,Qtr 4,October,22,2021,66,New York,198,857.34
2021-10-22 00:00:00,Toys,Lego Bricks,JFK,Airport,2021,Qtr 4,October,22,2021,176,New York,880,7038.240000000001
2021-10-23 00:00:00,Art & Crafts,Barrel O' Slime,Times Square,Downtown,2021,Qtr 4,October,23,2021,177,New York,354,706.23
2021-10-23 00:00:00,Art & Crafts,Magic Sand,JFK,Airport,2021,Qtr 4,October,23,2021,84,New York,168,1343.16
2021-10-23 00:00:00,Art & Crafts,PlayDoh Can,Beverly Hills,Residential,2021,Qtr 4,October,23,2021,81,Los Angeles,81.00000000000001,242.19000000000003
2021-10-23 00:00:00,Art & Crafts,PlayDoh Can,Lincoln Park,Residential,2021,Qtr 4,October,23,2021,92,Chicago,92.00000000000001,275.08000000000004
2021-10-23 00:00:00,Sports & Outdoors,Splash Balls,Michigan Ave,Commercial,2021,Qtr 4,October,23,2021,14,Chicago,14,125.86
2021-10-23 00:00:00,Sports & Outdoors,Splash Balls,Times Square,Downtown,2021,Qtr 4,October,23,2021,3,New York,3,26.97
2021-10-23 00:00:00,Toys,Animal Figures,LAX,Airport,2021,Qtr 4,October,23,2021,12,Los Angeles,36,155.88
2021-10-23 00:00:00,Toys,Dino Egg,O'Hare,Airport,2021,Qtr 4,October,23,2021,126,Chicago,126,1384.74
2021-10-24 00:00:00,Art & Crafts,Barrel O' Slime,LAX,Airport,2021,Qtr 4,October,24,2021,59,Los Angeles,118,235.41000000000003
2021-10-24 00:00:00,Art & Crafts,PlayDoh Playset,Lincoln Park,Residential,2021,Qtr 4,October,24,2021,48,Chicago,192,1199.52
2021-10-24 00:00:00,Art & Crafts,PlayDoh Toolkit,Beverly Hills,Residential,2021,Qtr 4,October,24,2021,24,Los Angeles,24,119.76
2021-10-24 00:00:00,Electronics,Toy Robot,Times Square,Downtown,2021,Qtr 4,October,24,2021,13,New York,65,337.87
2021-10-24 00:00:00,Sports & Outdoors,Foam Disk Launcher,O'Hare,Airport,2021,Qtr 4,October,24,2021,56,Chicago,168,671.44
2021-10-24 00:00:00,Sports & Outdoors,Mini Ping Pong Set,JFK,Airport,2021,Qtr 4,October,24,2021,26,New York,78,259.74
2021-10-24 00:00:00,Sports & Outdoors,Supersoaker Water Gun,Michigan Ave,Commercial,2021,Qtr 4,October,24,2021,40,Chicago,120,599.6
2021-10-25 00:00:00,Art & Crafts,PlayDoh Toolkit,Lincoln Park,Residential,2021,Qtr 4,October,25,2021,10,Chicago,10,49.900000000000006
2021-10-25 00:00:00,Art & Crafts,Playfoam,Beverly Hills,Residential,2021,Qtr 4,October,25,2021,113,Los Angeles,791,1241.8700000000001
2021-10-25 00:00:00,Electronics,Colorbuds,LAX,Airport,2021,Qtr 4,October,25,2021,150,Los Angeles,1200,2248.5
2021-10-25 00:00:00,Electronics,Gamer Headphones,O'Hare,Airport,2021,Qtr 4,October,25,2021,102,Chicago,611.9999999999998,2140.98
2021-10-25 00:00:00,Electronics,Toy Robot,Michigan Ave,Commercial,2021,Qtr 4,October,25,2021,52,Chicago,260,1351.48
2021-10-25 00:00:00,Games,Monopoly,JFK,Airport,2021,Qtr 4,October,25,2021,66,New York,395.9999999999999,1319.34
2021-10-25 00:00:00,Games,Uno Card Game,Times Square,Downtown,2021,Qtr 4,October,25,2021,8,New York,32,63.92
2021-10-26 00:00:00,Art & Crafts,Playfoam,Lincoln Park,Residential,2021,Qtr 4,October,26,2021,98,Chicago,686,1077.02
2021-10-26 00:00:00,Sports & Outdoors,Dart Gun,LAX,Airport,2021,Qtr 4,October,26,2021,13,Los Angeles,52,207.87
2021-10-26 00:00:00,Sports & Outdoors,Nerf Gun,JFK,Airport,2021,Qtr 4,October,26,2021,136,New York,679.9999999999998,2718.64
2021-10-26 00:00:00,Toys,Action Figure,Fifth Avenue,Commercial,2021,Qtr 4,October,26,2021,26,New York,156,415.74
2021-10-26 00:00:00,Toys,Action Figure,Millenium,Downtown,2021,Qtr 4,October,26,2021,86,Chicago,516,1375.14
2021-10-26 00:00:00,Toys,Hot Wheels 5-Pack,O'Hare,Airport,2021,Qtr 4,October,26,2021,36,Chicago,72,215.64000000000001
2021-10-26 00:00:00,Toys,Plush Pony,Beverly Hills,Residential,2021,Qtr 4,October,26,2021,11,Los Angeles,120.99999999999999,219.89
2021-10-27 00:00:00,Art & Crafts,Kids Makeup Kit,O'Hare,Airport,2021,Qtr 4,October,27,2021,46,Chicago,275.99999999999994,919.54
2021-10-27 00:00:00,Art & Crafts,PlayDoh Can,JFK,Airport,2021,Qtr 4,October,27,2021,134,New York,134.00000000000003,400.66
2021-10-27 00:00:00,Games,Deck Of Cards,LAX,Airport,2021,Qtr 4,October,27,2021,124,Los Angeles,372,866.76
2021-10-27 00:00:00,Games,Rubik's Cube,Lincoln Park,Residential,2021,Qtr 4,October,27,2021,72,Chicago,144,1439.28
2021-10-27 00:00:00,Sports & Outdoors,Splash Balls,Beverly Hills,Residential,2021,Qtr 4,October,27,2021,29,Los Angeles,29,260.71
2021-10-27 00:00:00,Toys,Animal Figures,Fifth Avenue,Commercial,2021,Qtr 4,October,27,2021,276,New York,828,3585.2400000000002
2021-10-27 00:00:00,Toys,Animal Figures,Millenium,Downtown,2021,Qtr 4,October,27,2021,59,Chicago,177,766.41
2021-10-28 00:00:00,Art & Crafts,Barrel O' Slime,Fifth Avenue,Commercial,2021,Qtr 4,October,28,2021,236,New York,472,941.6400000000001
2021-10-28 00:00:00,Art & Crafts,Barrel O' Slime,Millenium,Downtown,2021,Qtr 4,October,28,2021,169,Chicago,338,674.3100000000001
2021-10-28 00:00:00,Art & Crafts,PlayDoh Playset,JFK,Airport,2021,Qtr 4,October,28,2021,20,New York,80,499.79999999999995
2021-10-28 00:00:00,Electronics,Toy Robot,Beverly Hills,Residential,2021,Qtr 4,October,28,2021,45,Los Angeles,225,1169.55
2021-10-28 00:00:00,Sports & Outdoors,Splash Balls,Lincoln Park,Residential,2021,Qtr 4,October,28,2021,40,Chicago,40,359.6
2021-10-28 00:00:00,Toys,Dino Egg,LAX,Airport,2021,Qtr 4,October,28,2021,85,Los Angeles,85,934.15
2021-10-28 00:00:00,Toys,Lego Bricks,O'Hare,Airport,2021,Qtr 4,October,28,2021,212,Chicago,1060,8477.880000000001
2021-10-29 00:00:00,Art & Crafts,Magic Sand,O'Hare,Airport,2021,Qtr 4,October,29,2021,162,Chicago,324,2590.38
2021-10-29 00:00:00,Art & Crafts,PlayDoh Toolkit,JFK,Airport,2021,Qtr 4,October,29,2021,106,New York,106,528.94
2021-10-29 00:00:00,Electronics,Colorbuds,Fifth Avenue,Commercial,2021,Qtr 4,October,29,2021,36,New York,288,539.64
2021-10-29 00:00:00,Games,Classic Dominoes,Millenium,Downtown,2021,Qtr 4,October,29,2021,25,Chicago,50,249.75
2021-10-29 00:00:00,Sports & Outdoors,Supersoaker Water Gun,Lincoln Park,Residential,2021,Qtr 4,October,29,2021,50,Chicago,150,749.5
2021-10-29 00:00:00,Toys,Action Figure,Hollywood,Commercial,2021,Qtr 4,October,29,2021,34,Los Angeles,204,543.66
2021-10-29 00:00:00,Toys,Dinosaur Figures,LAX,Airport,2021,Qtr 4,October,29,2021,64,Los Angeles,256,959.36
2021-10-30 00:00:00,Art & Crafts,Etch A Sketch,LAX,Airport,2021,Qtr 4,October,30,2021,6,Los Angeles,59.999999999999986,125.94
2021-10-30 00:00:00,Art & Crafts,Playfoam,JFK,Airport,2021,Qtr 4,October,30,2021,152,New York,1064,1670.48
2021-10-30 00:00:00,Electronics,Colorbuds,Millenium,Downtown,2021,Qtr 4,October,30,2021,40,Chicago,320,599.6
2021-10-30 00:00:00,Sports & Outdoors,Dart Gun,Fifth Avenue,Commercial,2021,Qtr 4,October,30,2021,20,New York,80,319.8
2021-10-30 00:00:00,Sports & Outdoors,Mini Ping Pong Set,O'Hare,Airport,2021,Qtr 4,October,30,2021,106,Chicago,318,1058.94
2021-10-30 00:00:00,Toys,Animal Figures,Hollywood,Commercial,2021,Qtr 4,October,30,2021,84,Los Angeles,252,1091.16
2021-10-30 00:00:00,Toys,Teddy Bear,Lincoln Park,Residential,2021,Qtr 4,October,30,2021,4,Chicago,8,51.96
2021-10-31 00:00:00,Games,Deck Of Cards,Fifth Avenue,Commercial,2021,Qtr 4,October,31,2021,10,New York,30,69.9
2021-10-31 00:00:00,Games,Rubik's Cube,JFK,Airport,2021,Qtr 4,October,31,2021,14,New York,28,279.85999999999996
2021-10-31 00:00:00,Sports & Outdoors,Dart Gun,Millenium,Downtown,2021,Qtr 4,October,31,2021,48,Chicago,192,767.52
2021-10-31 00:00:00,Sports & Outdoors,Foam Disk Launcher,LAX,Airport,2021,Qtr 4,October,31,2021,81,Los Angeles,243,971.19
2021-10-31 00:00:00,Toys,Action Figure,Michigan Ave,Commercial,2021,Qtr 4,October,31,2021,24,Chicago,144,383.76
2021-10-31 00:00:00,Toys,Mr. Potatohead,O'Hare,Airport,2021,Qtr 4,October,31,2021,78,Chicago,390,779.22
2021-11-01 00:00:00,Art & Crafts,Barrel O' Slime,Hollywood,Commercial,2021,Qtr 4,November,1,2021,250,Los Angeles,792,1197.5
2021-11-01 00:00:00,Art & Crafts,Etch A Sketch,LAX,Airport,2021,Qtr 4,November,1,2021,12,Los Angeles,606,451.88
2021-11-01 00:00:00,Art & Crafts,Magic Sand,O'Hare,Airport,2021,Qtr 4,November,1,2021,162,Chicago,438,2790.38
2021-11-01 00:00:00,Art & Crafts,PlayDoh Playset,JFK,Airport,2021,Qtr 4,November,1,2021,20,New York,226,699.8
2021-11-01 00:00:00,Games,Classic Dominoes,Times Square,Downtown,2021,Qtr 4,November,1,2021,22,New York,2888,419.78
2021-11-01 00:00:00,Games,Rubik's Cube,Lincoln Park,Residential,2021,Qtr 4,November,1,2021,72,Chicago,160,1639.28
2021-11-01 00:00:00,Sports & Outdoors,Dart Gun,Millenium,Downtown,2021,Qtr 4,November,1,2021,96,Chicago,498,1735.04
2021-11-01 00:00:00,Toys,Action Figure,Beverly Hills,Residential,2021,Qtr 4,November,1,2021,114,Los Angeles,318,2022.8600000000001
2021-11-01 00:00:00,Toys,Action Figure,Fifth Avenue,Commercial,2021,Qtr 4,November,1,2021,26,New York,948,615.74
2021-11-02 00:00:00,Art & Crafts,PlayDoh Toolkit,JFK,Airport,2021,Qtr 4,November,2,2021,106,New York,1184,728.94
2021-11-02 00:00:00,Electronics,Colorbuds,Hollywood,Commercial,2021,Qtr 4,November,2,2021,84,Los Angeles,256,1459.16
2021-11-02 00:00:00,Electronics,Colorbuds,Times Square,Downtown,2021,Qtr 4,November,2,2021,346,New York,688,5386.54
2021-11-02 00:00:00,Games,Deck Of Cards,Millenium,Downtown,2021,Qtr 4,November,2,2021,126,Chicago,332,1080.74
2021-11-02 00:00:00,Sports & Outdoors,Foam Disk Launcher,LAX,Airport,2021,Qtr 4,November,2,2021,162,Los Angeles,275.99999999999994,2142.38
2021-11-02 00:00:00,Sports & Outdoors,Mini Ping Pong Set,O'Hare,Airport,2021,Qtr 4,November,2,2021,106,Chicago,510,1258.94
2021-11-02 00:00:00,Sports & Outdoors,Splash Balls,Lincoln Park,Residential,2021,Qtr 4,November,2,2021,40,Chicago,270,559.6
2021-11-02 00:00:00,Toys,Animal Figures,Beverly Hills,Residential,2021,Qtr 4,November,2,2021,66,Los Angeles,436,1057.3400000000001
2021-11-02 00:00:00,Toys,Animal Figures,Fifth Avenue,Commercial,2021,Qtr 4,November,2,2021,276,New York,592,3785.2400000000002
2021-11-03 00:00:00,Art & Crafts,Barrel O' Slime,Beverly Hills,Residential,2021,Qtr 4,November,3,2021,158,Los Angeles,228,830.4200000000001
2021-11-03 00:00:00,Art & Crafts,Barrel O' Slime,Fifth Avenue,Commercial,2021,Qtr 4,November,3,2021,236,New York,408,1141.64
2021-11-03 00:00:00,Art & Crafts,Playfoam,JFK,Airport,2021,Qtr 4,November,3,2021,152,New York,148,1870.48
2021-11-03 00:00:00,Electronics,Gamer Headphones,LAX,Airport,2021,Qtr 4,November,3,2021,26,Los Angeles,1060,745.74
2021-11-03 00:00:00,Sports & Outdoors,Dart Gun,Hollywood,Commercial,2021,Qtr 4,November,3,2021,34,Los Angeles,966,743.66
2021-11-03 00:00:00,Sports & Outdoors,Dart Gun,Times Square,Downtown,2021,Qtr 4,November,3,2021,142,New York,1020,2470.58
2021-11-03 00:00:00,Sports & Outdoors,Supersoaker Water Gun,Lincoln Park,Residential,2021,Qtr 4,November,3,2021,50,Chicago,128,949.5
2021-11-03 00:00:00,Toys,Dino Egg,Millenium,Downtown,2021,Qtr 4,November,3,2021,212,Chicago,432,2529.88
2021-11-03 00:00:00,Toys,Mr. Potatohead,O'Hare,Airport,2021,Qtr 4,November,3,2021,78,Chicago,1079.9999999999995,979.22
2021-11-04 00:00:00,Electronics,Colorbuds,Fifth Avenue,Commercial,2021,Qtr 4,November,4,2021,36,New York,200,739.64
2021-11-04 00:00:00,Games,Chutes & Ladders,Beverly Hills,Residential,2021,Qtr 4,November,4,2021,36,Los Angeles,220,667.64
2021-11-04 00:00:00,Games,Deck Of Cards,Hollywood,Commercial,2021,Qtr 4,November,4,2021,282,Los Angeles,252,2171.1800000000003
2021-11-04 00:00:00,Games,Deck Of Cards,Times Square,Downtown,2021,Qtr 4,November,4,2021,300,New York,198,2297
2021-11-04 00:00:00,Games,Glass Marbles,LAX,Airport,2021,Qtr 4,November,4,2021,188,Los Angeles,156,2266.12
2021-11-04 00:00:00,Games,Rubik's Cube,JFK,Airport,2021,Qtr 4,November,4,2021,14,New York,308,479.85999999999996
2021-11-04 00:00:00,Sports & Outdoors,Nerf Gun,O'Hare,Airport,2021,Qtr 4,November,4,2021,192,Chicago,570.0000000000001,4038.08
2021-11-04 00:00:00,Toys,Dinosaur Figures,Millenium,Downtown,2021,Qtr 4,November,4,2021,78,Chicago,180,1369.22
2021-11-04 00:00:00,Toys,Teddy Bear,Lincoln Park,Residential,2021,Qtr 4,November,4,2021,4,Chicago,264,251.96
2021-11-05 00:00:00,Art & Crafts,Etch A Sketch,Millenium,Downtown,2021,Qtr 4,November,5,2021,6,Chicago,410,325.94
2021-11-05 00:00:00,Art & Crafts,PlayDoh Can,O'Hare,Airport,2021,Qtr 4,November,5,2021,450,Chicago,146,1545.5
2021-11-05 00:00:00,Games,Classic Dominoes,Beverly Hills,Residential,2021,Qtr 4,November,5,2021,50,Los Angeles,1816,699.5
2021-11-05 00:00:00,Sports & Outdoors,Dart Gun,Fifth Avenue,Commercial,2021,Qtr 4,November,5,2021,20,New York,150,519.8
2021-11-05 00:00:00,Sports & Outdoors,Splash Balls,JFK,Airport,2021,Qtr 4,November,5,2021,188,New York,840,1890.1200000000001
2021-11-05 00:00:00,Toys,Action Figure,Michigan Ave,Commercial,2021,Qtr 4,November,5,2021,24,Chicago,438,583.76
2021-11-05 00:00:00,Toys,Dino Egg,Hollywood,Commercial,2021,Qtr 4,November,5,2021,132,Los Angeles,184,1650.68
2021-11-05 00:00:00,Toys,Dino Egg,Times Square,Downtown,2021,Qtr 4,November,5,2021,78,New York,568,1057.22
2021-11-05 00:00:00,Toys,Hot Wheels 5-Pack,LAX,Airport,2021,Qtr 4,November,5,2021,18,Los Angeles,251.99999999999997,307.82
2021-11-06 00:00:00,Art & Crafts,Kids Makeup Kit,LAX,Airport,2021,Qtr 4,November,6,2021,22,Los Angeles,1100,639.78
2021-11-06 00:00:00,Art & Crafts,PlayDoh Toolkit,O'Hare,Airport,2021,Qtr 4,November,6,2021,26,Chicago,498,329.74
2021-11-06 00:00:00,Electronics,Colorbuds,Beverly Hills,Residential,2021,Qtr 4,November,6,2021,212,Los Angeles,168,3377.88
2021-11-06 00:00:00,Games,Deck Of Cards,Fifth Avenue,Commercial,2021,Qtr 4,November,6,2021,10,New York,234,269.9
2021-11-06 00:00:00,Games,Glass Marbles,Millenium,Downtown,2021,Qtr 4,November,6,2021,58,Chicago,340,837.42
2021-11-06 00:00:00,Toys,Action Figure,Lincoln Park,Residential,2021,Qtr 4,November,6,2021,120,Chicago,510,2118.8
2021-11-06 00:00:00,Toys,Animal Figures,Michigan Ave,Commercial,2021,Qtr 4,November,6,2021,106,Chicago,296,1576.94
2021-11-06 00:00:00,Toys,Dinosaur Figures,Hollywood,Commercial,2021,Qtr 4,November,6,2021,16,Los Angeles,132,439.84000000000003
2021-11-06 00:00:00,Toys,Dinosaur Figures,Times Square,Downtown,2021,Qtr 4,November,6,2021,112,New York,300,1878.88
2021-11-07 00:00:00,Art & Crafts,Barrel O' Slime,Michigan Ave,Commercial,2021,Qtr 4,November,7,2021,88,Chicago,376,551.12
2021-11-07 00:00:00,Art & Crafts,Etch A Sketch,Times Square,Downtown,2021,Qtr 4,November,7,2021,18,New York,180,577.8199999999999
2021-11-07 00:00:00,Art & Crafts,Playfoam,O'Hare,Airport,2021,Qtr 4,November,7,2021,54,Chicago,364,793.46
2021-11-07 00:00:00,Electronics,Gamer Headphones,Hollywood,Commercial,2021,Qtr 4,November,7,2021,2,Los Angeles,210,241.98
2021-11-07 00:00:00,Sports & Outdoors,Dart Gun,Beverly Hills,Residential,2021,Qtr 4,November,7,2021,12,Los Angeles,534,391.88
2021-11-07 00:00:00,Toys,Animal Figures,Lincoln Park,Residential,2021,Qtr 4,November,7,2021,130,Chicago,1316,1888.7
2021-11-07 00:00:00,Toys,Dino Egg,Fifth Avenue,Commercial,2021,Qtr 4,November,7,2021,114,New York,1216,1452.8600000000001
2021-11-07 00:00:00,Toys,Hot Wheels 5-Pack,Millenium,Downtown,2021,Qtr 4,November,7,2021,110,Chicago,148,858.9
2021-11-07 00:00:00,Toys,Lego Bricks,LAX,Airport,2021,Qtr 4,November,7,2021,196,Los Angeles,708,8038.04
2021-11-08 00:00:00,Art & Crafts,Barrel O' Slime,Lincoln Park,Residential,2021,Qtr 4,November,8,2021,598,Chicago,354,2586.02
2021-11-08 00:00:00,Art & Crafts,Magic Sand,LAX,Airport,2021,Qtr 4,November,8,2021,294,Los Angeles,204,4901.06
2021-11-08 00:00:00,Electronics,Colorbuds,Michigan Ave,Commercial,2021,Qtr 4,November,8,2021,32,Chicago,328,679.6800000000001
2021-11-08 00:00:00,Electronics,Gamer Headphones,Times Square,Downtown,2021,Qtr 4,November,8,2021,10,New York,590,409.9
2021-11-08 00:00:00,Games,Deck Of Cards,Beverly Hills,Residential,2021,Qtr 4,November,8,2021,138,Los Angeles,302,1164.62
2021-11-08 00:00:00,Games,Glass Marbles,Hollywood,Commercial,2021,Qtr 4,November,8,2021,18,Los Angeles,272,397.82
2021-11-08 00:00:00,Games,Jenga,Millenium,Downtown,2021,Qtr 4,November,8,2021,4,Chicago,467.9999999999999,239.96
2021-11-08 00:00:00,Games,Rubik's Cube,O'Hare,Airport,2021,Qtr 4,November,8,2021,122,Chicago,320,2638.7799999999997
2021-11-08 00:00:00,Toys,Dinosaur Figures,Fifth Avenue,Commercial,2021,Qtr 4,November,8,2021,274,New York,320,4307.26
2021-11-09 00:00:00,Art & Crafts,Etch A Sketch,Fifth Avenue,Commercial,2021,Qtr 4,November,9,2021,20,New York,384,619.8
2021-11-09 00:00:00,Art & Crafts,Kids Makeup Kit,Millenium,Downtown,2021,Qtr 4,November,9,2021,58,Chicago,920,1359.4199999999998
2021-11-09 00:00:00,Games,Chutes & Ladders,Lincoln Park,Residential,2021,Qtr 4,November,9,2021,78,Chicago,536,1213.22
2021-11-09 00:00:00,Games,Glass Marbles,Times Square,Downtown,2021,Qtr 4,November,9,2021,94,New York,392,1233.06
2021-11-09 00:00:00,Sports & Outdoors,Dart Gun,Michigan Ave,Commercial,2021,Qtr 4,November,9,2021,52,Chicago,354,1031.48
2021-11-09 00:00:00,Sports & Outdoors,Mini Ping Pong Set,LAX,Airport,2021,Qtr 4,November,9,2021,28,Los Angeles,309.99999999999994,479.72
2021-11-09 00:00:00,Sports & Outdoors,Splash Balls,O'Hare,Airport,2021,Qtr 4,November,9,2021,200,Chicago,180,1998
2021-11-09 00:00:00,Toys,Dino Egg,Beverly Hills,Residential,2021,Qtr 4,November,9,2021,182,Los Angeles,304,2200.1800000000003
2021-11-09 00:00:00,Toys,Hot Wheels 5-Pack,Hollywood,Commercial,2021,Qtr 4,November,9,2021,76,Los Angeles,160,655.24
2021-11-10 00:00:00,Electronics,Colorbuds,Lincoln Park,Residential,2021,Qtr 4,November,10,2021,52,Chicago,376,979.48
2021-11-10 00:00:00,Games,Deck Of Cards,Michigan Ave,Commercial,2021,Qtr 4,November,10,2021,78,Chicago,332,745.22
2021-11-10 00:00:00,Sports & Outdoors,Foam Disk Launcher,Fifth Avenue,Commercial,2021,Qtr 4,November,10,2021,88,New York,180,1255.1200000000001
2021-11-10 00:00:00,Sports & Outdoors,Nerf Gun,LAX,Airport,2021,Qtr 4,November,10,2021,38,Los Angeles,382.00000000000006,959.6199999999999
2021-11-10 00:00:00,Sports & Outdoors,Supersoaker Water Gun,O'Hare,Airport,2021,Qtr 4,November,10,2021,20,Chicago,148,499.8
2021-11-10 00:00:00,Toys,Dinosaur Figures,Beverly Hills,Residential,2021,Qtr 4,November,10,2021,46,Los Angeles,479.99999999999994,1600200
2021-11-10 00:00:00,Toys,Hot Wheels 5-Pack,Times Square,Downtown,2021,Qtr 4,November,10,2021,136,New York,371.9999999999999,1014.64
2021-11-10 00:00:00,Toys,Lego Bricks,Hollywood,Commercial,2021,Qtr 4,November,10,2021,8,Los Angeles,708,519.9200000000001
2021-11-10 00:00:00,Toys,Lego Bricks,Millenium,Downtown,2021,Qtr 4,November,10,2021,160,Chicago,536,6598.400000000001
2021-11-11 00:00:00,Art & Crafts,Etch A Sketch,Beverly Hills,Residential,2021,Qtr 4,November,11,2021,36,Los Angeles,252,955.64
2021-11-11 00:00:00,Art & Crafts,Kids Makeup Kit,Times Square,Downtown,2021,Qtr 4,November,11,2021,42,New York,1100,1039.58
2021-11-11 00:00:00,Art & Crafts,Magic Sand,Hollywood,Commercial,2021,Qtr 4,November,11,2021,294,Los Angeles,150,4901.06
2021-11-11 00:00:00,Art & Crafts,Magic Sand,Millenium,Downtown,2021,Qtr 4,November,11,2021,208,Chicago,534,3525.92
2021-11-11 00:00:00,Art & Crafts,PlayDoh Can,LAX,Airport,2021,Qtr 4,November,11,2021,262,Los Angeles,176,983.3800000000001
2021-11-11 00:00:00,Electronics,Gamer Headphones,Fifth Avenue,Commercial,2021,Qtr 4,November,11,2021,10,New York,170,409.9
2021-11-11 00:00:00,Sports & Outdoors,Dart Gun,Lincoln Park,Residential,2021,Qtr 4,November,11,2021,64,Chicago,216,1223.3600000000001
2021-11-11 00:00:00,Toys,Dino Egg,Michigan Ave,Commercial,2021,Qtr 4,November,11,2021,212,Chicago,136,2529.88
2021-11-11 00:00:00,Toys,Teddy Bear,O'Hare,Airport,2021,Qtr 4,November,11,2021,14,Chicago,170,381.86
2021-11-12 00:00:00,Art & Crafts,PlayDoh Playset,LAX,Airport,2021,Qtr 4,November,12,2021,14,Los Angeles,194,549.8599999999999
2021-11-12 00:00:00,Electronics,Toy Robot,O'Hare,Airport,2021,Qtr 4,November,12,2021,10,Chicago,180,459.9
2021-11-12 00:00:00,Games,Deck Of Cards,Lincoln Park,Residential,2021,Qtr 4,November,12,2021,32,Chicago,292,423.68
2021-11-12 00:00:00,Games,Glass Marbles,Fifth Avenue,Commercial,2021,Qtr 4,November,12,2021,10,New York,260,309.9
2021-11-12 00:00:00,Sports & Outdoors,Foam Disk Launcher,Beverly Hills,Residential,2021,Qtr 4,November,12,2021,44,Los Angeles,251.99999999999997,727.5600000000001
2021-11-12 00:00:00,Sports & Outdoors,Mini Ping Pong Set,Hollywood,Commercial,2021,Qtr 4,November,12,2021,10,Los Angeles,210,299.9
2021-11-12 00:00:00,Sports & Outdoors,Mini Ping Pong Set,Millenium,Downtown,2021,Qtr 4,November,12,2021,138,Chicago,227.99999999999997,1578.6200000000001
2021-11-12 00:00:00,Toys,Dinosaur Figures,Michigan Ave,Commercial,2021,Qtr 4,November,12,2021,4,Chicago,439.99999999999994,259.96
2021-11-12 00:00:00,Toys,Lego Bricks,Times Square,Downtown,2021,Qtr 4,November,12,2021,196,New York,776,8038.04
2021-11-13 00:00:00,Art & Crafts,Etch A Sketch,Michigan Ave,Commercial,2021,Qtr 4,November,13,2021,32,Chicago,263.99999999999994,871.68
2021-11-13 00:00:00,Art & Crafts,Magic Sand,Times Square,Downtown,2021,Qtr 4,November,13,2021,328,New York,426,5444.72
2021-11-13 00:00:00,Art & Crafts,PlayDoh Toolkit,LAX,Airport,2021,Qtr 4,November,13,2021,74,Los Angeles,764,569.26
2021-11-13 00:00:00,Electronics,Gamer Headphones,Beverly Hills,Residential,2021,Qtr 4,November,13,2021,22,Los Angeles,300,661.78
2021-11-13 00:00:00,Games,Monopoly,Millenium,Downtown,2021,Qtr 4,November,13,2021,18,Chicago,330,559.8199999999999
2021-11-13 00:00:00,Toys,Action Figure,JFK,Airport,2021,Qtr 4,November,13,2021,10,New York,300,359.9
2021-11-13 00:00:00,Toys,Dino Egg,Lincoln Park,Residential,2021,Qtr 4,November,13,2021,172,Chicago,648,2090.2799999999997
2021-11-13 00:00:00,Toys,Hot Wheels 5-Pack,Fifth Avenue,Commercial,2021,Qtr 4,November,13,2021,70,New York,299.99999999999994,619.3
2021-11-13 00:00:00,Toys,Mr. Potatohead,Hollywood,Commercial,2021,Qtr 4,November,13,2021,18,Los Angeles,269.99999999999994,379.82
2021-11-14 00:00:00,Art & Crafts,Barrel O' Slime,JFK,Airport,2021,Qtr 4,November,14,2021,90,New York,392,559.1
2021-11-14 00:00:00,Art & Crafts,Kids Makeup Kit,Fifth Avenue,Commercial,2021,Qtr 4,November,14,2021,30,New York,590,799.6999999999999
2021-11-14 00:00:00,Art & Crafts,Playfoam,LAX,Airport,2021,Qtr 4,November,14,2021,92,Los Angeles,308,1211.08
2021-11-14 00:00:00,Electronics,Gamer Headphones,Michigan Ave,Commercial,2021,Qtr 4,November,14,2021,24,Chicago,300,703.76
2021-11-14 00:00:00,Games,Glass Marbles,Beverly Hills,Residential,2021,Qtr 4,November,14,2021,36,Los Angeles,180,595.64
2021-11-14 00:00:00,Sports & Outdoors,Mini Ping Pong Set,Times Square,Downtown,2021,Qtr 4,November,14,2021,102,New York,263.99999999999994,1218.98
2021-11-14 00:00:00,Sports & Outdoors,Nerf Gun,Hollywood,Commercial,2021,Qtr 4,November,14,2021,30,Los Angeles,192,799.6999999999999
2021-11-14 00:00:00,Toys,Dinosaur Figures,Lincoln Park,Residential,2021,Qtr 4,November,14,2021,132,Chicago,200,2178.6800000000003
2021-11-14 00:00:00,Toys,Mr. Potatohead,Millenium,Downtown,2021,Qtr 4,November,14,2021,42,Chicago,719.9999999999998,619.5799999999999
2021-11-15 00:00:00,Art & Crafts,Etch A Sketch,Lincoln Park,Residential,2021,Qtr 4,November,15,2021,8,Chicago,384,367.91999999999996
2021-11-15 00:00:00,Art & Crafts,PlayDoh Can,Hollywood,Commercial,2021,Qtr 4,November,15,2021,72,Los Angeles,186,415.28000000000003
2021-11-15 00:00:00,Electronics,Colorbuds,JFK,Airport,2021,Qtr 4,November,15,2021,34,New York,216,709.6600000000001
2021-11-15 00:00:00,Games,Glass Marbles,Michigan Ave,Commercial,2021,Qtr 4,November,15,2021,36,Chicago,136,595.64
2021-11-15 00:00:00,Games,Monopoly,Times Square,Downtown,2021,Qtr 4,November,15,2021,24,New York,290,679.76
2021-11-15 00:00:00,Games,Rubik's Cube,LAX,Airport,2021,Qtr 4,November,15,2021,94,Los Angeles,150,2079.06
2021-11-15 00:00:00,Sports & Outdoors,Nerf Gun,Millenium,Downtown,2021,Qtr 4,November,15,2021,120,Chicago,274,2598.7999999999997
2021-11-15 00:00:00,Toys,Hot Wheels 5-Pack,Beverly Hills,Residential,2021,Qtr 4,November,15,2021,30,Los Angeles,599.9999999999999,379.70000000000005
2021-11-15 00:00:00,Toys,Lego Bricks,Fifth Avenue,Commercial,2021,Qtr 4,November,15,2021,94,New York,444,3959.0600000000004
2021-11-16 00:00:00,Art & Crafts,Kids Makeup Kit,Beverly Hills,Residential,2021,Qtr 4,November,16,2021,80,Los Angeles,330,1799.1999999999998
2021-11-16 00:00:00,Art & Crafts,Magic Sand,Fifth Avenue,Commercial,2021,Qtr 4,November,16,2021,162,New York,410,2790.38
2021-11-16 00:00:00,Art & Crafts,PlayDoh Can,Millenium,Downtown,2021,Qtr 4,November,16,2021,154,Chicago,232,660.46
2021-11-16 00:00:00,Art & Crafts,PlayDoh Toolkit,Hollywood,Commercial,2021,Qtr 4,November,16,2021,66,Los Angeles,792,529.34
2021-11-16 00:00:00,Sports & Outdoors,Dart Gun,JFK,Airport,2021,Qtr 4,November,16,2021,24,New York,822,583.76
2021-11-16 00:00:00,Sports & Outdoors,Foam Disk Launcher,Lincoln Park,Residential,2021,Qtr 4,November,16,2021,88,Chicago,132,1255.1200000000001
2021-11-16 00:00:00,Sports & Outdoors,Splash Balls,LAX,Airport,2021,Qtr 4,November,16,2021,30,Los Angeles,180,469.7
2021-11-16 00:00:00,Toys,Hot Wheels 5-Pack,Michigan Ave,Commercial,2021,Qtr 4,November,16,2021,8,Chicago,263.99999999999994,247.92000000000002
2021-11-16 00:00:00,Toys,Mr. Potatohead,Times Square,Downtown,2021,Qtr 4,November,16,2021,34,New York,179.99999999999997,539.6600000000001
2021-11-17 00:00:00,Art & Crafts,Kids Makeup Kit,Michigan Ave,Commercial,2021,Qtr 4,November,17,2021,24,Chicago,210,679.76
2021-11-17 00:00:00,Art & Crafts,PlayDoh Playset,Millenium,Downtown,2021,Qtr 4,November,17,2021,28,Chicago,232,899.7199999999999
2021-11-17 00:00:00,Art & Crafts,Playfoam,Hollywood,Commercial,2021,Qtr 4,November,17,2021,96,Los Angeles,296,1255.04
2021-11-17 00:00:00,Electronics,Gamer Headphones,Lincoln Park,Residential,2021,Qtr 4,November,17,2021,2,Chicago,380,241.98
2021-11-17 00:00:00,Games,Deck Of Cards,JFK,Airport,2021,Qtr 4,November,17,2021,234,New York,198,1835.66
2021-11-17 00:00:00,Sports & Outdoors,Nerf Gun,Times Square,Downtown,2021,Qtr 4,November,17,2021,12,New York,646.0000000000001,439.88
2021-11-17 00:00:00,Toys,Lego Bricks,Beverly Hills,Residential,2021,Qtr 4,November,17,2021,42,Los Angeles,576,1879.5800000000002
2021-11-17 00:00:00,Toys,Mr. Potatohead,Fifth Avenue,Commercial,2021,Qtr 4,November,17,2021,58,New York,519.9999999999999,779.42
2021-11-17 00:00:00,Toys,Teddy Bear,LAX,Airport,2021,Qtr 4,November,17,2021,30,Los Angeles,260,589.7
2021-11-18 00:00:00,Art & Crafts,Magic Sand,Beverly Hills,Residential,2021,Qtr 4,November,18,2021,228,Los Angeles,450,3845.7200000000003
2021-11-18 00:00:00,Art & Crafts,PlayDoh Can,Times Square,Downtown,2021,Qtr 4,November,18,2021,526,New York,160,1772.74
2021-11-18 00:00:00,Art & Crafts,Playfoam,Millenium,Downtown,2021,Qtr 4,November,18,2021,16,Chicago,368,375.84000000000003
2021-11-18 00:00:00,Electronics,Toy Robot,LAX,Airport,2021,Qtr 4,November,18,2021,28,Los Angeles,408,927.7199999999999
2021-11-18 00:00:00,Games,Glass Marbles,Lincoln Park,Residential,2021,Qtr 4,November,18,2021,52,Chicago,208,771.48
2021-11-18 00:00:00,Sports & Outdoors,Nerf Gun,Fifth Avenue,Commercial,2021,Qtr 4,November,18,2021,80,New York,276,1799.1999999999998
2021-11-18 00:00:00,Toys,Dino Egg,JFK,Airport,2021,Qtr 4,November,18,2021,78,New York,580,1057.22
2021-11-18 00:00:00,Toys,Lego Bricks,Michigan Ave,Commercial,2021,Qtr 4,November,18,2021,18,Chicago,232,919.82
2021-11-18 00:00:00,Toys,Plush Pony,Hollywood,Commercial,2021,Qtr 4,November,18,2021,16,Los Angeles,228,519.8399999999999
2021-11-19 00:00:00,Art & Crafts,Etch A Sketch,JFK,Airport,2021,Qtr 4,November,19,2021,46,New York,150,1165.54
2021-11-19 00:00:00,Art & Crafts,Magic Sand,Michigan Ave,Commercial,2021,Qtr 4,November,19,2021,56,Chicago,210,1095.44
2021-11-19 00:00:00,Art & Crafts,PlayDoh Can,Fifth Avenue,Commercial,2021,Qtr 4,November,19,2021,156,New York,304,666.44
2021-11-19 00:00:00,Art & Crafts,PlayDoh Playset,Times Square,Downtown,2021,Qtr 4,November,19,2021,10,New York,132,449.9
2021-11-19 00:00:00,Games,Rubik's Cube,Hollywood,Commercial,2021,Qtr 4,November,19,2021,54,Los Angeles,218,1279.4599999999998
2021-11-19 00:00:00,Games,Rubik's Cube,Millenium,Downtown,2021,Qtr 4,November,19,2021,124,Chicago,258,2678.7599999999998
2021-11-19 00:00:00,Sports & Outdoors,Mini Ping Pong Set,Beverly Hills,Residential,2021,Qtr 4,November,19,2021,110,Los Angeles,227.99999999999997,1298.9
2021-11-19 00:00:00,Toys,Action Figure,O'Hare,Airport,2021,Qtr 4,November,19,2021,48,Chicago,270,967.52
2021-11-19 00:00:00,Toys,Hot Wheels 5-Pack,Lincoln Park,Residential,2021,Qtr 4,November,19,2021,44,Chicago,947.9999999999998,463.56
2021-11-20 00:00:00,Art & Crafts,Kids Makeup Kit,Lincoln Park,Residential,2021,Qtr 4,November,20,2021,138,Chicago,370,2958.62
2021-11-20 00:00:00,Art & Crafts,PlayDoh Playset,Fifth Avenue,Commercial,2021,Qtr 4,November,20,2021,46,New York,152,1349.54
2021-11-20 00:00:00,Art & Crafts,PlayDoh Toolkit,Times Square,Downtown,2021,Qtr 4,November,20,2021,12,New York,1310,259.88
2021-11-20 00:00:00,Games,Monopoly,Beverly Hills,Residential,2021,Qtr 4,November,20,2021,18,Los Angeles,290,559.8199999999999
2021-11-20 00:00:00,Sports & Outdoors,Foam Disk Launcher,JFK,Airport,2021,Qtr 4,November,20,2021,10,New York,899.9999999999998,319.9
2021-11-20 00:00:00,Sports & Outdoors,Mini Ping Pong Set,Michigan Ave,Commercial,2021,Qtr 4,November,20,2021,30,Chicago,270,499.7
2021-11-20 00:00:00,Sports & Outdoors,Splash Balls,Hollywood,Commercial,2021,Qtr 4,November,20,2021,98,Los Angeles,888,1081.02
2021-11-20 00:00:00,Sports & Outdoors,Splash Balls,Millenium,Downtown,2021,Qtr 4,November,20,2021,138,Chicago,148,1440.6200000000001
2021-11-20 00:00:00,Toys,Animal Figures,O'Hare,Airport,2021,Qtr 4,November,20,2021,50,Chicago,660,849.5
2021-11-21 00:00:00,Art & Crafts,Barrel O' Slime,O'Hare,Airport,2021,Qtr 4,November,21,2021,270,Chicago,1096,1277.3
2021-11-21 00:00:00,Art & Crafts,PlayDoh Toolkit,Fifth Avenue,Commercial,2021,Qtr 4,November,21,2021,32,New York,2136,359.68
2021-11-21 00:00:00,Art & Crafts,Playfoam,Times Square,Downtown,2021,Qtr 4,November,21,2021,170,New York,164,2068.3
2021-11-21 00:00:00,Electronics,Gamer Headphones,JFK,Airport,2021,Qtr 4,November,21,2021,130,New York,500,2928.7
2021-11-21 00:00:00,Toys,Action Figure,Times Square,Downtown,2021,Qtr 4,November,21,2021,128,New York,516,2246.7200000000003
2021-11-21 00:00:00,Toys,Lego Bricks,Lincoln Park,Residential,2021,Qtr 4,November,21,2021,50,Chicago,572,2199.5
2021-11-21 00:00:00,Toys,Mr. Potatohead,Beverly Hills,Residential,2021,Qtr 4,November,21,2021,34,Los Angeles,789.9999999999998,539.6600000000001
2021-11-21 00:00:00,Toys,Mr. Potatohead,Michigan Ave,Commercial,2021,Qtr 4,November,21,2021,30,Chicago,499.9999999999999,499.7
2021-11-21 00:00:00,Toys,Teddy Bear,Millenium,Downtown,2021,Qtr 4,November,21,2021,14,Chicago,330,381.86
2021-11-22 00:00:00,Art & Crafts,Magic Sand,Lincoln Park,Residential,2021,Qtr 4,November,22,2021,226,Chicago,1296,3813.7400000000002
2021-11-22 00:00:00,Art & Crafts,Playfoam,Fifth Avenue,Commercial,2021,Qtr 4,November,22,2021,288,New York,427.99999999999994,3365.12
2021-11-22 00:00:00,Electronics,Colorbuds,O'Hare,Airport,2021,Qtr 4,November,22,2021,122,Chicago,528,2028.78
2021-11-22 00:00:00,Electronics,Toy Robot,Millenium,Downtown,2021,Qtr 4,November,22,2021,42,Chicago,276,1291.58
2021-11-22 00:00:00,Games,Glass Marbles,JFK,Airport,2021,Qtr 4,November,22,2021,76,New York,312,1035.24
2021-11-22 00:00:00,Games,Rubik's Cube,Times Square,Downtown,2021,Qtr 4,November,22,2021,22,New York,126,639.78
2021-11-22 00:00:00,Sports & Outdoors,Nerf Gun,Beverly Hills,Residential,2021,Qtr 4,November,22,2021,134,Los Angeles,282,2878.66
2021-11-22 00:00:00,Sports & Outdoors,Nerf Gun,Michigan Ave,Commercial,2021,Qtr 4,November,22,2021,76,Chicago,244.00000000000003,1719.2399999999998
2021-11-22 00:00:00,Toys,Animal Figures,Times Square,Downtown,2021,Qtr 4,November,22,2021,132,New York,828,1914.68
2021-11-23 00:00:00,Art & Crafts,Barrel O' Slime,Times Square,Downtown,2021,Qtr 4,November,23,2021,354,New York,164,1612.46
2021-11-23 00:00:00,Art & Crafts,PlayDoh Can,Beverly Hills,Residential,2021,Qtr 4,November,23,2021,162,Los Angeles,168,684.3800000000001
2021-11-23 00:00:00,Art & Crafts,PlayDoh Can,Michigan Ave,Commercial,2021,Qtr 4,November,23,2021,124,Chicago,142,570.76
2021-11-23 00:00:00,Sports & Outdoors,Dart Gun,O'Hare,Airport,2021,Qtr 4,November,23,2021,102,Chicago,720,1830.98
2021-11-23 00:00:00,Sports & Outdoors,Mini Ping Pong Set,Lincoln Park,Residential,2021,Qtr 4,November,23,2021,392,Chicago,203.99999999999997,4116.08
2021-11-23 00:00:00,Sports & Outdoors,Splash Balls,Times Square,Downtown,2021,Qtr 4,November,23,2021,6,New York,250,253.94
2021-11-23 00:00:00,Toys,Action Figure,LAX,Airport,2021,Qtr 4,November,23,2021,26,Los Angeles,192,615.74
2021-11-23 00:00:00,Toys,Hot Wheels 5-Pack,JFK,Airport,2021,Qtr 4,November,23,2021,96,New York,383.99999999999994,775.04
2021-11-23 00:00:00,Toys,Plush Pony,Fifth Avenue,Commercial,2021,Qtr 4,November,23,2021,28,New York,176,759.7199999999999
2021-11-24 00:00:00,Art & Crafts,Kids Makeup Kit,JFK,Airport,2021,Qtr 4,November,24,2021,44,New York,1000,1079.56
2021-11-24 00:00:00,Art & Crafts,PlayDoh Toolkit,Beverly Hills,Residential,2021,Qtr 4,November,24,2021,48,Los Angeles,1702,439.52
2021-11-24 00:00:00,Art & Crafts,PlayDoh Toolkit,Michigan Ave,Commercial,2021,Qtr 4,November,24,2021,22,Chicago,232,309.78
2021-11-24 00:00:00,Electronics,Toy Robot,Times Square,Downtown,2021,Qtr 4,November,24,2021,26,New York,184,875.74
2021-11-24 00:00:00,Games,Deck Of Cards,O'Hare,Airport,2021,Qtr 4,November,24,2021,200,Chicago,246,1598
2021-11-24 00:00:00,Games,Monopoly,Lincoln Park,Residential,2021,Qtr 4,November,24,2021,14,Chicago,280,479.85999999999996
2021-11-24 00:00:00,Games,Rubik's Cube,Fifth Avenue,Commercial,2021,Qtr 4,November,24,2021,28,New York,426,759.7199999999999
2021-11-24 00:00:00,Toys,Animal Figures,LAX,Airport,2021,Qtr 4,November,24,2021,24,Los Angeles,356,511.76
2021-11-25 00:00:00,Art & Crafts,Barrel O' Slime,LAX,Airport,2021,Qtr 4,November,25,2021,118,Los Angeles,2520,670.82
2021-11-25 00:00:00,Art & Crafts,Playfoam,Beverly Hills,Residential,2021,Qtr 4,November,25,2021,226,Los Angeles,362,2683.7400000000002
2021-11-25 00:00:00,Art & Crafts,Playfoam,Michigan Ave,Commercial,2021,Qtr 4,November,25,2021,16,Chicago,186,375.84000000000003
2021-11-25 00:00:00,Games,Uno Card Game,Times Square,Downtown,2021,Qtr 4,November,25,2021,16,New York,1152,327.84000000000003
2021-11-25 00:00:00,Sports & Outdoors,Splash Balls,Fifth Avenue,Commercial,2021,Qtr 4,November,25,2021,306,New York,210,2950.94
2021-11-25 00:00:00,Toys,Dino Egg,O'Hare,Airport,2021,Qtr 4,November,25,2021,126,Chicago,288,1584.74
2021-11-25 00:00:00,Toys,Lego Bricks,JFK,Airport,2021,Qtr 4,November,25,2021,176,New York,288,7238.240000000001
2021-11-25 00:00:00,Toys,Mr. Potatohead,Lincoln Park,Residential,2021,Qtr 4,November,25,2021,32,Chicago,599.9999999999998,519.6800000000001
2021-11-26 00:00:00,Art & Crafts,Magic Sand,JFK,Airport,2021,Qtr 4,November,26,2021,84,New York,198,1543.16
2021-11-26 00:00:00,Electronics,Colorbuds,LAX,Airport,2021,Qtr 4,November,26,2021,300,Los Angeles,224,4697
2021-11-26 00:00:00,Sports & Outdoors,Foam Disk Launcher,O'Hare,Airport,2021,Qtr 4,November,26,2021,56,Chicago,731.9999999999998,871.44
2021-11-26 00:00:00,Sports & Outdoors,Nerf Gun,Lincoln Park,Residential,2021,Qtr 4,November,26,2021,96,Chicago,212,2119.04
2021-11-26 00:00:00,Sports & Outdoors,Supersoaker Water Gun,Fifth Avenue,Commercial,2021,Qtr 4,November,26,2021,30,New York,250,649.7
2021-11-26 00:00:00,Toys,Action Figure,Millenium,Downtown,2021,Qtr 4,November,26,2021,172,Chicago,474,2950.28
2021-11-26 00:00:00,Toys,Plush Pony,Beverly Hills,Residential,2021,Qtr 4,November,26,2021,22,Los Angeles,178,639.78
2021-11-26 00:00:00,Toys,Plush Pony,Michigan Ave,Commercial,2021,Qtr 4,November,26,2021,6,Chicago,160,319.94
2021-11-27 00:00:00,Art & Crafts,PlayDoh Can,Lincoln Park,Residential,2021,Qtr 4,November,27,2021,92,Chicago,312,475.08000000000004
2021-11-27 00:00:00,Electronics,Gamer Headphones,O'Hare,Airport,2021,Qtr 4,November,27,2021,102,Chicago,192,2340.98
2021-11-27 00:00:00,Electronics,Toy Robot,Fifth Avenue,Commercial,2021,Qtr 4,November,27,2021,26,New York,130,875.74
2021-11-27 00:00:00,Games,Rubik's Cube,Michigan Ave,Commercial,2021,Qtr 4,November,27,2021,20,Chicago,134,599.8
2021-11-27 00:00:00,Sports & Outdoors,Dart Gun,LAX,Airport,2021,Qtr 4,November,27,2021,26,Los Angeles,864,615.74
2021-11-27 00:00:00,Sports & Outdoors,Mini Ping Pong Set,JFK,Airport,2021,Qtr 4,November,27,2021,26,New York,515.9999999999999,459.74
2021-11-27 00:00:00,Sports & Outdoors,Splash Balls,Beverly Hills,Residential,2021,Qtr 4,November,27,2021,58,Los Angeles,570,721.42
2021-11-27 00:00:00,Toys,Animal Figures,Millenium,Downtown,2021,Qtr 4,November,27,2021,118,Chicago,796,1732.82
2021-11-28 00:00:00,Art & Crafts,Barrel O' Slime,Millenium,Downtown,2021,Qtr 4,November,28,2021,338,Chicago,220,1548.6200000000001
2021-11-28 00:00:00,Art & Crafts,PlayDoh Playset,Lincoln Park,Residential,2021,Qtr 4,November,28,2021,48,Chicago,130,1399.52
2021-11-28 00:00:00,Electronics,Toy Robot,Beverly Hills,Residential,2021,Qtr 4,November,28,2021,90,Los Angeles,528,2539.1
2021-11-28 00:00:00,Games,Deck Of Cards,LAX,Airport,2021,Qtr 4,November,28,2021,248,Los Angeles,290,1933.52
2021-11-28 00:00:00,Games,Monopoly,JFK,Airport,2021,Qtr 4,November,28,2021,66,New York,799.9999999999998,1519.34
2021-11-28 00:00:00,Sports & Outdoors,Splash Balls,Michigan Ave,Commercial,2021,Qtr 4,November,28,2021,14,Chicago,240,325.86
2021-11-28 00:00:00,Toys,Hot Wheels 5-Pack,O'Hare,Airport,2021,Qtr 4,November,28,2021,36,Chicago,395.99999999999994,415.64
2021-11-29 00:00:00,Art & Crafts,Kids Makeup Kit,O'Hare,Airport,2021,Qtr 4,November,29,2021,46,Chicago,1180,1119.54
2021-11-29 00:00:00,Art & Crafts,PlayDoh Toolkit,Lincoln Park,Residential,2021,Qtr 4,November,29,2021,10,Chicago,806,249.9
2021-11-29 00:00:00,Games,Classic Dominoes,Millenium,Downtown,2021,Qtr 4,November,29,2021,50,Chicago,760,699.5
2021-11-29 00:00:00,Sports & Outdoors,Nerf Gun,JFK,Airport,2021,Qtr 4,November,29,2021,136,New York,254.00000000000003,2918.64
2021-11-29 00:00:00,Sports & Outdoors,Supersoaker Water Gun,Michigan Ave,Commercial,2021,Qtr 4,November,29,2021,40,Chicago,380,799.6
2021-11-29 00:00:00,Toys,Action Figure,Hollywood,Commercial,2021,Qtr 4,November,29,2021,68,Los Angeles,624,1287.32
2021-11-29 00:00:00,Toys,Dino Egg,LAX,Airport,2021,Qtr 4,November,29,2021,170,Los Angeles,632,2068.3
2021-11-30 00:00:00,Art & Crafts,PlayDoh Can,JFK,Airport,2021,Qtr 4,November,30,2021,134,New York,200,600.6600000000001
2021-11-30 00:00:00,Art & Crafts,Playfoam,Lincoln Park,Residential,2021,Qtr 4,November,30,2021,98,Chicago,264,1277.02
2021-11-30 00:00:00,Electronics,Colorbuds,Millenium,Downtown,2021,Qtr 4,November,30,2021,80,Chicago,504,1399.2
2021-11-30 00:00:00,Electronics,Toy Robot,Michigan Ave,Commercial,2021,Qtr 4,November,30,2021,52,Chicago,276,1551.48
2021-11-30 00:00:00,Toys,Animal Figures,Hollywood,Commercial,2021,Qtr 4,November,30,2021,168,Los Angeles,620,2382.32
2021-11-30 00:00:00,Toys,Dinosaur Figures,LAX,Airport,2021,Qtr 4,November,30,2021,128,Los Angeles,239.99999999999997,2118.7200000000003
2021-11-30 00:00:00,Toys,Lego Bricks,O'Hare,Airport,2021,Qtr 4,November,30,2021,212,Chicago,444,8677.880000000001
